Timestamp,Description,Status,Basic_Event,System_Failure
2025-01-01 00:06:33.174707,PV interconnect fault detected,Active,BE5,
2025-01-01 01:22:26.234342,PV interconnect fault detected,Active,BE5,
2025-01-01 02:11:07.924051,PV solder bond failure detected,Active,BE11,
2025-01-01 02:57:13.751420,Diode fault detected,Active,BE13,
2025-01-01 04:24:35.347946,PV solder bond failure detected,Active,BE11,
2025-01-01 08:02:17.219031,Rack structure fault detected,Active,BE15,
2025-01-01 08:48:49.857564,Grounding system fault detected,Active,BE6,
2025-01-01 10:23:58.754398,Fuse installation fault detected,Active,BE2,
2025-01-01 11:38:25.436504,PV shading detected,Active,BE9,
2025-01-01 13:20:54.740038,Rack structure fault detected,Active,BE15,
2025-01-01 14:14:53.569972,PV interconnect fault detected,Active,BE5,
2025-01-01 14:18:29.503463,PV interconnect fault detected,Active,BE5,
2025-01-01 14:23:58.754398,Fuse installation fault detected,Cleared,BE2,
2025-01-01 16:22:49.750957,PV interconnect fault detected,Active,BE5,
2025-01-01 17:47:51.273064,Encapsulant fault detected,Active,BE16,
2025-01-01 19:38:25.436504,PV shading detected,Cleared,BE9,
2025-01-01 21:12:59.474849,PV cell breakage detected,Active,BE10,
2025-01-01 23:35:31.101379,Rack structure fault detected,Active,BE15,
2025-01-02 00:06:33.174707,PV interconnect fault detected,Cleared,BE5,
2025-01-02 00:41:42.453061,PV cell breakage detected,Active,BE10,
2025-01-02 01:22:26.234342,PV interconnect fault detected,Cleared,BE5,
2025-01-02 01:47:09.233772,PV interconnect fault detected,Active,BE5,
2025-01-02 02:38:48.102123,PV solder bond failure detected,Active,BE11,
2025-01-02 02:42:58.377096,PV solder bond failure detected,Active,BE11,
2025-01-02 02:57:13.751420,Diode fault detected,Cleared,BE13,
2025-01-02 06:29:55.299604,PV cell breakage detected,Active,BE10,
2025-01-02 07:17:03.966407,PV shading detected,Active,BE9,
2025-01-02 08:47:47.901716,PV cell breakage detected,Active,BE10,
2025-01-02 08:48:49.857564,Grounding system fault detected,Cleared,BE6,
2025-01-02 08:53:59.938584,PV shading detected,Active,BE9,
2025-01-02 11:10:57.497918,PV solder bond failure detected,Active,BE11,
2025-01-02 14:14:53.569972,PV interconnect fault detected,Cleared,BE5,
2025-01-02 14:18:29.503463,PV interconnect fault detected,Cleared,BE5,
2025-01-02 14:33:33.345989,Grounding system fault detected,Active,BE6,
2025-01-02 15:17:03.966407,PV shading detected,Cleared,BE9,
2025-01-02 15:33:33.207130,Rack structure fault detected,Active,BE15,
2025-01-02 15:42:07.756608,PV interconnect fault detected,Active,BE5,
2025-01-02 16:22:49.750957,PV interconnect fault detected,Cleared,BE5,
2025-01-02 16:53:59.938584,PV shading detected,Cleared,BE9,
2025-01-02 17:58:16.673582,PV cell breakage detected,Active,BE10,
2025-01-02 19:25:14.843849,PV solder bond failure detected,Active,BE11,
2025-01-02 19:56:30.082090,Rack structure fault detected,Active,BE15,
2025-01-02 22:11:39.231448,Encapsulant fault detected,Active,BE16,
2025-01-03 01:03:00.211488,Grounding system fault detected,Active,BE6,
2025-01-03 01:47:09.233772,PV interconnect fault detected,Cleared,BE5,
2025-01-03 01:58:31.837486,PV solder bond failure detected,Active,BE11,
2025-01-03 02:11:07.924051,PV solder bond failure detected,Cleared,BE11,
2025-01-03 04:10:40.160103,PV interconnect fault detected,Active,BE5,
2025-01-03 04:24:35.347946,PV solder bond failure detected,Cleared,BE11,
2025-01-03 07:10:46.537435,PV interconnect fault detected,Active,BE5,
2025-01-03 07:24:24.751720,PV shading detected,Active,BE9,
2025-01-03 08:02:17.219031,Rack structure fault detected,Cleared,BE15,
2025-01-03 09:12:46.252965,Encapsulant fault detected,Active,BE16,
2025-01-03 13:20:54.740038,Rack structure fault detected,Cleared,BE15,
2025-01-03 14:14:06.877749,Rack structure fault detected,Active,BE15,
2025-01-03 14:23:26.217517,Grounding system fault detected,Active,BE6,
2025-01-03 14:33:33.345989,Grounding system fault detected,Cleared,BE6,
2025-01-03 14:57:46.107595,Rack structure fault detected,Active,BE15,
2025-01-03 15:24:24.751720,PV shading detected,Cleared,BE9,
2025-01-03 15:39:22.449857,Rack structure fault detected,Active,BE15,
2025-01-03 15:42:07.756608,PV interconnect fault detected,Cleared,BE5,
2025-01-03 17:05:17.437300,Encapsulant fault detected,Active,BE16,
2025-01-03 17:47:51.273064,Encapsulant fault detected,Cleared,BE16,
2025-01-03 19:06:04.053858,Encapsulant fault detected,Active,BE16,
2025-01-03 21:12:59.474849,PV cell breakage detected,Cleared,BE10,
2025-01-03 21:54:03.017814,PV interconnect fault detected,Active,BE5,
2025-01-03 22:21:12.525700,Rack structure fault detected,Active,BE15,
2025-01-03 23:35:31.101379,Rack structure fault detected,Cleared,BE15,
2025-01-04 00:41:42.453061,PV cell breakage detected,Cleared,BE10,
2025-01-04 01:03:00.211488,Grounding system fault detected,Cleared,BE6,
2025-01-04 01:06:07.433093,PV interconnect fault detected,Active,BE5,
2025-01-04 02:38:48.102123,PV solder bond failure detected,Cleared,BE11,
2025-01-04 02:42:58.377096,PV solder bond failure detected,Cleared,BE11,
2025-01-04 04:10:40.160103,PV interconnect fault detected,Cleared,BE5,
2025-01-04 04:20:10.333866,Rack structure fault detected,Active,BE15,
2025-01-04 04:36:39.833087,PV cell breakage detected,Active,BE10,
2025-01-04 05:45:17.854749,PV interconnect fault detected,Active,BE5,
2025-01-04 06:29:55.299604,PV cell breakage detected,Cleared,BE10,
2025-01-04 07:10:46.537435,PV interconnect fault detected,Cleared,BE5,
2025-01-04 08:47:47.901716,PV cell breakage detected,Cleared,BE10,
2025-01-04 09:01:07.130529,PV solder bond failure detected,Active,BE11,
2025-01-04 09:32:19.285483,Rack structure fault detected,Active,BE15,
2025-01-04 10:32:39.655628,Grounding system fault detected,Active,BE6,
2025-01-04 11:10:57.497918,PV solder bond failure detected,Cleared,BE11,
2025-01-04 11:31:56.548038,PV solder bond failure detected,Active,BE11,
2025-01-04 12:30:24.810982,PV shading detected,Active,BE9,
2025-01-04 12:54:27.300108,PV cell breakage detected,Active,BE10,
2025-01-04 14:19:35.069433,PV solder bond failure detected,Active,BE11,
2025-01-04 14:23:26.217517,Grounding system fault detected,Cleared,BE6,
2025-01-04 14:52:45.829487,PV solder bond failure detected,Active,BE11,
2025-01-04 15:33:33.207130,Rack structure fault detected,Cleared,BE15,
2025-01-04 16:52:46.481660,PV cell breakage detected,Active,BE10,
2025-01-04 17:58:16.673582,PV cell breakage detected,Cleared,BE10,
2025-01-04 18:48:09.709663,Rack structure fault detected,Active,BE15,
2025-01-04 18:48:44.401740,PV solder bond failure detected,Active,BE11,
2025-01-04 19:25:14.843849,PV solder bond failure detected,Cleared,BE11,
2025-01-04 19:56:30.082090,Rack structure fault detected,Cleared,BE15,
2025-01-04 20:05:35.725822,PV shading detected,Active,BE9,
2025-01-04 20:30:24.810982,PV shading detected,Cleared,BE9,
2025-01-04 20:50:48.429243,PV solder bond failure detected,Active,BE11,
2025-01-04 21:49:09.891642,Cable aging fault detected,Active,BE18,
2025-01-04 21:54:03.017814,PV interconnect fault detected,Cleared,BE5,
2025-01-04 21:58:36.048437,PV interconnect fault detected,Active,BE5,
2025-01-04 22:11:39.231448,Encapsulant fault detected,Cleared,BE16,
2025-01-04 23:40:32.531984,PV solder bond failure detected,Active,BE11,
2025-01-05 00:06:28.073152,Rack structure fault detected,Active,BE15,
2025-01-05 01:06:07.433093,PV interconnect fault detected,Cleared,BE5,
2025-01-05 01:49:09.891642,Cable aging fault detected,Cleared,BE18,
2025-01-05 01:58:31.837486,PV solder bond failure detected,Cleared,BE11,
2025-01-05 02:14:21.371584,PV cell breakage detected,Active,BE10,
2025-01-05 03:02:11.899198,Rack structure fault detected,Active,BE15,
2025-01-05 03:24:56.064313,PV cell breakage detected,Active,BE10,
2025-01-05 04:05:35.725822,PV shading detected,Cleared,BE9,
2025-01-05 05:45:17.854749,PV interconnect fault detected,Cleared,BE5,
2025-01-05 06:41:04.902861,PV shading detected,Active,BE9,
2025-01-05 07:42:50.393787,Encapsulant fault detected,Active,BE16,
2025-01-05 08:06:58.082275,Rack structure fault detected,Active,BE15,
2025-01-05 09:12:46.252965,Encapsulant fault detected,Cleared,BE16,
2025-01-05 10:22:24.721386,PV interconnect fault detected,Active,BE5,
2025-01-05 10:32:39.655628,Grounding system fault detected,Cleared,BE6,
2025-01-05 11:46:31.272015,PV solder bond failure detected,Active,BE11,
2025-01-05 14:14:06.877749,Rack structure fault detected,Cleared,BE15,
2025-01-05 14:41:04.902861,PV shading detected,Cleared,BE9,
2025-01-05 14:57:46.107595,Rack structure fault detected,Cleared,BE15,
2025-01-05 15:39:22.449857,Rack structure fault detected,Cleared,BE15,
2025-01-05 17:05:17.437300,Encapsulant fault detected,Cleared,BE16,
2025-01-05 19:06:04.053858,Encapsulant fault detected,Cleared,BE16,
2025-01-05 21:58:36.048437,PV interconnect fault detected,Cleared,BE5,
2025-01-05 22:21:12.525700,Rack structure fault detected,Cleared,BE15,
2025-01-05 23:06:11.134881,PV cell breakage detected,Active,BE10,
2025-01-05 23:07:55.114720,PV shading detected,Active,BE9,
2025-01-06 01:18:56.872793,PV shading detected,Active,BE9,
2025-01-06 04:20:10.333866,Rack structure fault detected,Cleared,BE15,
2025-01-06 04:36:39.833087,PV cell breakage detected,Cleared,BE10,
2025-01-06 04:46:01.505231,Grounding system fault detected,Active,BE6,
2025-01-06 05:04:21.682988,PV hot spot detected,Active,BE12,
2025-01-06 05:22:30.534486,PV cell breakage detected,Active,BE10,
2025-01-06 06:12:26.752453,PV solder bond failure detected,Active,BE11,
2025-01-06 07:07:55.114720,PV shading detected,Cleared,BE9,
2025-01-06 07:35:21.072314,PV solder bond failure detected,Active,BE11,
2025-01-06 08:44:13.490640,PV interconnect fault detected,Active,BE5,
2025-01-06 09:01:07.130529,PV solder bond failure detected,Cleared,BE11,
2025-01-06 09:15:03.386129,PV shading detected,Active,BE9,
2025-01-06 09:18:56.872793,PV shading detected,Cleared,BE9,
2025-01-06 09:32:19.285483,Rack structure fault detected,Cleared,BE15,
2025-01-06 10:22:24.721386,PV interconnect fault detected,Cleared,BE5,
2025-01-06 10:31:53.277480,Encapsulant fault detected,Active,BE16,
2025-01-06 10:43:23.473322,PV solder bond failure detected,Active,BE11,
2025-01-06 10:43:34.745095,PV cell breakage detected,Active,BE10,
2025-01-06 11:31:56.548038,PV solder bond failure detected,Cleared,BE11,
2025-01-06 12:54:27.300108,PV cell breakage detected,Cleared,BE10,
2025-01-06 13:45:38.422267,Encapsulant fault detected,Active,BE16,
2025-01-06 14:19:35.069433,PV solder bond failure detected,Cleared,BE11,
2025-01-06 14:52:45.829487,PV solder bond failure detected,Cleared,BE11,
2025-01-06 15:01:49.742225,PV shading detected,Active,BE9,
2025-01-06 16:49:44.101313,PV shading detected,Active,BE9,
2025-01-06 16:52:46.481660,PV cell breakage detected,Cleared,BE10,
2025-01-06 17:15:03.386129,PV shading detected,Cleared,BE9,
2025-01-06 18:37:57.757991,PV cell breakage detected,Active,BE10,
2025-01-06 18:48:09.709663,Rack structure fault detected,Cleared,BE15,
2025-01-06 18:48:44.401740,PV solder bond failure detected,Cleared,BE11,
2025-01-06 20:50:48.429243,PV solder bond failure detected,Cleared,BE11,
2025-01-06 20:54:04.148908,PV soiling detected,Active,BE8,
2025-01-06 21:24:22.566732,PV interconnect fault detected,Active,BE5,
2025-01-06 22:02:05.761959,PV shading detected,Active,BE9,
2025-01-06 22:50:14.244978,PV shading detected,Active,BE9,
2025-01-06 23:01:49.742225,PV shading detected,Cleared,BE9,
2025-01-06 23:08:04.053704,PV shading detected,Active,BE9,
2025-01-06 23:40:32.531984,PV solder bond failure detected,Cleared,BE11,
2025-01-07 00:06:28.073152,Rack structure fault detected,Cleared,BE15,
2025-01-07 00:25:38.975168,PV glass breakage detected,Active,BE7,
2025-01-07 00:47:04.791391,PV shading detected,Active,BE9,
2025-01-07 00:49:44.101313,PV shading detected,Cleared,BE9,
2025-01-07 02:14:21.371584,PV cell breakage detected,Cleared,BE10,
2025-01-07 02:21:24.145936,Encapsulant fault detected,Active,BE16,
2025-01-07 03:02:11.899198,Rack structure fault detected,Cleared,BE15,
2025-01-07 03:24:56.064313,PV cell breakage detected,Cleared,BE10,
2025-01-07 03:25:27.183923,PV cell breakage detected,Active,BE10,
2025-01-07 04:05:31.983511,PV cell breakage detected,Active,BE10,
2025-01-07 04:28:34.622962,PV solder bond failure detected,Active,BE11,
2025-01-07 04:46:01.505231,Grounding system fault detected,Cleared,BE6,
2025-01-07 04:54:04.148908,PV soiling detected,Cleared,BE8,
2025-01-07 04:54:19.237247,PV solder bond failure detected,Active,BE11,
2025-01-07 05:04:21.682988,PV hot spot detected,Cleared,BE12,
2025-01-07 05:33:25.363217,PV solder bond failure detected,Active,BE11,
2025-01-07 06:02:05.761959,PV shading detected,Cleared,BE9,
2025-01-07 06:45:07.000686,PV solder bond failure detected,Active,BE11,
2025-01-07 06:50:14.244978,PV shading detected,Cleared,BE9,
2025-01-07 07:08:04.053704,PV shading detected,Cleared,BE9,
2025-01-07 07:20:09.132927,PV interconnect fault detected,Active,BE5,
2025-01-07 07:42:50.393787,Encapsulant fault detected,Cleared,BE16,
2025-01-07 08:06:58.082275,Rack structure fault detected,Cleared,BE15,
2025-01-07 08:29:54.539797,PV interconnect fault detected,Active,BE5,
2025-01-07 08:44:13.490640,PV interconnect fault detected,Cleared,BE5,
2025-01-07 08:47:04.791391,PV shading detected,Cleared,BE9,
2025-01-07 09:54:42.532868,Cable aging fault detected,Active,BE18,
2025-01-07 10:39:56.239254,Rack structure fault detected,Active,BE15,
2025-01-07 11:46:31.272015,PV solder bond failure detected,Cleared,BE11,
2025-01-07 12:50:02.211977,PV solder bond failure detected,Active,BE11,
2025-01-07 13:54:42.532868,Cable aging fault detected,Cleared,BE18,
2025-01-07 13:55:01.616700,PV interconnect fault detected,Active,BE5,
2025-01-07 13:55:50.220778,PV solder bond failure detected,Active,BE11,
2025-01-07 14:04:46.903025,Encapsulant fault detected,Active,BE16,
2025-01-07 14:23:06.048321,PV cell breakage detected,Active,BE10,
2025-01-07 16:52:08.957354,PV cell breakage detected,Active,BE10,
2025-01-07 17:33:34.814481,PV interconnect fault detected,Active,BE5,
2025-01-07 17:55:45.457646,Rack structure fault detected,Active,BE15,
2025-01-07 20:51:56.950807,PV interconnect fault detected,Active,BE5,
2025-01-07 21:24:22.566732,PV interconnect fault detected,Cleared,BE5,
2025-01-07 23:06:11.134881,PV cell breakage detected,Cleared,BE10,
2025-01-08 00:25:38.975168,PV glass breakage detected,Cleared,BE7,
2025-01-08 01:59:55.817148,Rack structure fault detected,Active,BE15,
2025-01-08 04:05:39.291888,PV cell breakage detected,Active,BE10,
2025-01-08 05:22:30.534486,PV cell breakage detected,Cleared,BE10,
2025-01-08 06:12:26.752453,PV solder bond failure detected,Cleared,BE11,
2025-01-08 07:17:29.435024,Encapsulant fault detected,Active,BE16,
2025-01-08 07:20:09.132927,PV interconnect fault detected,Cleared,BE5,
2025-01-08 07:35:21.072314,PV solder bond failure detected,Cleared,BE11,
2025-01-08 08:29:54.539797,PV interconnect fault detected,Cleared,BE5,
2025-01-08 10:31:53.277480,Encapsulant fault detected,Cleared,BE16,
2025-01-08 10:43:23.473322,PV solder bond failure detected,Cleared,BE11,
2025-01-08 10:43:34.745095,PV cell breakage detected,Cleared,BE10,
2025-01-08 12:04:27.528838,PV glass breakage detected,Active,BE7,
2025-01-08 13:05:38.740879,PV solder bond failure detected,Active,BE11,
2025-01-08 13:45:38.422267,Encapsulant fault detected,Cleared,BE16,
2025-01-08 13:47:10.780318,Rack structure fault detected,Active,BE15,
2025-01-08 13:55:01.616700,PV interconnect fault detected,Cleared,BE5,
2025-01-08 14:17:02.882571,PV shading detected,Active,BE9,
2025-01-08 17:04:28.076900,PV solder bond failure detected,Active,BE11,
2025-01-08 17:33:34.814481,PV interconnect fault detected,Cleared,BE5,
2025-01-08 18:37:57.757991,PV cell breakage detected,Cleared,BE10,
2025-01-08 19:36:02.884447,PV cell breakage detected,Active,BE10,
2025-01-08 20:51:56.950807,PV interconnect fault detected,Cleared,BE5,
2025-01-08 21:45:22.655168,PV solder bond failure detected,Active,BE11,
2025-01-08 22:17:02.882571,PV shading detected,Cleared,BE9,
2025-01-08 23:20:46.359385,PV shading detected,Active,BE9,
2025-01-08 23:39:39.766389,PV solder bond failure detected,Active,BE11,
2025-01-09 02:21:24.145936,Encapsulant fault detected,Cleared,BE16,
2025-01-09 03:25:27.183923,PV cell breakage detected,Cleared,BE10,
2025-01-09 03:56:33.957148,PV solder bond failure detected,Active,BE11,
2025-01-09 04:05:31.983511,PV cell breakage detected,Cleared,BE10,
2025-01-09 04:28:34.622962,PV solder bond failure detected,Cleared,BE11,
2025-01-09 04:54:19.237247,PV solder bond failure detected,Cleared,BE11,
2025-01-09 05:33:25.363217,PV solder bond failure detected,Cleared,BE11,
2025-01-09 06:45:07.000686,PV solder bond failure detected,Cleared,BE11,
2025-01-09 07:20:46.359385,PV shading detected,Cleared,BE9,
2025-01-09 10:12:52.249520,PV cell breakage detected,Active,BE10,
2025-01-09 10:39:56.239254,Rack structure fault detected,Cleared,BE15,
2025-01-09 11:14:08.388951,PV solder bond failure detected,Active,BE11,
2025-01-09 12:04:27.528838,PV glass breakage detected,Cleared,BE7,
2025-01-09 12:50:02.211977,PV solder bond failure detected,Cleared,BE11,
2025-01-09 13:55:50.220778,PV solder bond failure detected,Cleared,BE11,
2025-01-09 14:04:46.903025,Encapsulant fault detected,Cleared,BE16,
2025-01-09 14:23:06.048321,PV cell breakage detected,Cleared,BE10,
2025-01-09 14:32:29.207766,MCB 1 fault detected,Active,BE3,
2025-01-09 15:33:52.244686,PV interconnect fault detected,Active,BE5,
2025-01-09 16:52:08.957354,PV cell breakage detected,Cleared,BE10,
2025-01-09 17:15:53.940590,Grounding system fault detected,Active,BE6,
2025-01-09 17:25:33.606032,PV cell breakage detected,Active,BE10,
2025-01-09 17:55:45.457646,Rack structure fault detected,Cleared,BE15,
2025-01-09 19:27:10.979823,PV hot spot detected,Active,BE12,
2025-01-09 20:35:24.586023,PV solder bond failure detected,Active,BE11,
2025-01-09 21:28:02.776475,PV interconnect fault detected,Active,BE5,
2025-01-10 00:00:42.695253,PV cell breakage detected,Active,BE10,
2025-01-10 00:32:29.207766,MCB 1 fault detected,Cleared,BE3,
2025-01-10 01:23:40.466427,PV cell breakage detected,Active,BE10,
2025-01-10 01:59:55.817148,Rack structure fault detected,Cleared,BE15,
2025-01-10 04:05:39.291888,PV cell breakage detected,Cleared,BE10,
2025-01-10 06:01:04.031184,PV solder bond failure detected,Active,BE11,
2025-01-10 07:17:29.435024,Encapsulant fault detected,Cleared,BE16,
2025-01-10 10:33:31.849889,Encapsulant fault detected,Active,BE16,
2025-01-10 11:49:04.805207,PV solder bond failure detected,Active,BE11,
2025-01-10 13:05:38.740879,PV solder bond failure detected,Cleared,BE11,
2025-01-10 13:42:42.725235,PV shading detected,Active,BE9,
2025-01-10 13:47:10.780318,Rack structure fault detected,Cleared,BE15,
2025-01-10 14:47:11.230799,PV cell breakage detected,Active,BE10,
2025-01-10 15:33:52.244686,PV interconnect fault detected,Cleared,BE5,
2025-01-10 17:04:28.076900,PV solder bond failure detected,Cleared,BE11,
2025-01-10 17:15:53.940590,Grounding system fault detected,Cleared,BE6,
2025-01-10 17:37:34.690609,PV cell breakage detected,Active,BE10,
2025-01-10 19:27:10.979823,PV hot spot detected,Cleared,BE12,
2025-01-10 19:36:02.884447,PV cell breakage detected,Cleared,BE10,
2025-01-10 20:08:58.166685,PV shading detected,Active,BE9,
2025-01-10 21:28:02.776475,PV interconnect fault detected,Cleared,BE5,
2025-01-10 21:42:42.725235,PV shading detected,Cleared,BE9,
2025-01-10 21:45:22.655168,PV solder bond failure detected,Cleared,BE11,
2025-01-10 21:57:22.670027,Rack structure fault detected,Active,BE15,
2025-01-10 23:06:20.667064,Grounding system fault detected,Active,BE6,
2025-01-10 23:39:39.766389,PV solder bond failure detected,Cleared,BE11,
2025-01-10 23:46:48.530145,PV interconnect fault detected,Active,BE5,
2025-01-10 23:47:01.642853,PV cell breakage detected,Active,BE10,
2025-01-11 00:23:45.862390,PV shading detected,Active,BE9,
2025-01-11 01:44:59.263168,Rack structure fault detected,Active,BE15,
2025-01-11 01:46:06.999117,Encapsulant fault detected,Active,BE16,
2025-01-11 02:47:00.286691,PV cell breakage detected,Active,BE10,
2025-01-11 03:36:09.165809,PV solder bond failure detected,Active,BE11,
2025-01-11 03:56:33.957148,PV solder bond failure detected,Cleared,BE11,
2025-01-11 04:04:19.030204,PV cell breakage detected,Active,BE10,
2025-01-11 04:08:58.166685,PV shading detected,Cleared,BE9,
2025-01-11 08:23:45.862390,PV shading detected,Cleared,BE9,
2025-01-11 08:24:47.511358,PV shading detected,Active,BE9,
2025-01-11 10:08:39.097614,Grounding system fault detected,Active,BE6,
2025-01-11 10:12:52.249520,PV cell breakage detected,Cleared,BE10,
2025-01-11 11:14:08.388951,PV solder bond failure detected,Cleared,BE11,
2025-01-11 11:34:08.291241,PV interconnect fault detected,Active,BE5,
2025-01-11 11:57:08.744752,MCB 1 fault detected,Active,BE3,
2025-01-11 12:58:41.875626,PV cell breakage detected,Active,BE10,
2025-01-11 13:05:26.555723,Cable insulation fault detected,Active,BE17,
2025-01-11 13:28:45.548585,PV cell breakage detected,Active,BE10,
2025-01-11 14:59:31.702338,PV shading detected,Active,BE9,
2025-01-11 15:02:17.968995,PV solder bond failure detected,Active,BE11,
2025-01-11 15:24:00.760390,Encapsulant fault detected,Active,BE16,
2025-01-11 16:15:40.204635,PV shading detected,Active,BE9,
2025-01-11 16:18:21.809754,Encapsulant fault detected,Active,BE16,
2025-01-11 16:24:47.511358,PV shading detected,Cleared,BE9,
2025-01-11 17:05:26.555723,Cable insulation fault detected,Cleared,BE17,
2025-01-11 17:25:33.606032,PV cell breakage detected,Cleared,BE10,
2025-01-11 17:26:05.876823,Rack structure fault detected,Active,BE15,
2025-01-11 17:26:45.383861,Encapsulant fault detected,Active,BE16,
2025-01-11 20:35:24.586023,PV solder bond failure detected,Cleared,BE11,
2025-01-11 21:05:07.540790,Encapsulant fault detected,Active,BE16,
2025-01-11 21:18:31.964409,Grounding system fault detected,Active,BE6,
2025-01-11 21:39:52.360436,Encapsulant fault detected,Active,BE16,
2025-01-11 21:57:08.744752,MCB 1 fault detected,Cleared,BE3,
2025-01-11 22:59:31.702338,PV shading detected,Cleared,BE9,
2025-01-11 23:06:20.667064,Grounding system fault detected,Cleared,BE6,
2025-01-11 23:46:48.530145,PV interconnect fault detected,Cleared,BE5,
2025-01-12 00:00:42.695253,PV cell breakage detected,Cleared,BE10,
2025-01-12 00:15:40.204635,PV shading detected,Cleared,BE9,
2025-01-12 00:33:12.243973,PV solder bond failure detected,Active,BE11,
2025-01-12 00:47:58.536503,MCB 1 fault detected,Active,BE3,
2025-01-12 00:56:17.319655,PV solder bond failure detected,Active,BE11,
2025-01-12 00:59:04.409150,PV solder bond failure detected,Active,BE11,
2025-01-12 01:23:40.466427,PV cell breakage detected,Cleared,BE10,
2025-01-12 01:51:50.335496,PV cell breakage detected,Active,BE10,
2025-01-12 02:35:26.318090,PV solder bond failure detected,Active,BE11,
2025-01-12 03:53:49.035724,PV shading detected,Active,BE9,
2025-01-12 05:17:27.840045,PV cell breakage detected,Active,BE10,
2025-01-12 05:17:32.189170,PV cell breakage detected,Active,BE10,
2025-01-12 06:01:04.031184,PV solder bond failure detected,Cleared,BE11,
2025-01-12 06:17:25.110504,PV interconnect fault detected,Active,BE5,
2025-01-12 06:39:46.102352,PV shading detected,Active,BE9,
2025-01-12 09:54:56.311989,PV solder bond failure detected,Active,BE11,
2025-01-12 10:08:39.097614,Grounding system fault detected,Cleared,BE6,
2025-01-12 10:33:31.849889,Encapsulant fault detected,Cleared,BE16,
2025-01-12 10:42:05.242072,Rack structure fault detected,Active,BE15,
2025-01-12 10:47:58.536503,MCB 1 fault detected,Cleared,BE3,
2025-01-12 11:34:08.291241,PV interconnect fault detected,Cleared,BE5,
2025-01-12 11:42:38.600705,PV cell breakage detected,Active,BE10,
2025-01-12 11:49:04.805207,PV solder bond failure detected,Cleared,BE11,
2025-01-12 11:53:49.035724,PV shading detected,Cleared,BE9,
2025-01-12 12:08:27.891938,PV cell breakage detected,Active,BE10,
2025-01-12 13:28:39.392072,PV solder bond failure detected,Active,BE11,
2025-01-12 14:32:45.762606,PV interconnect fault detected,Active,BE5,
2025-01-12 14:39:46.102352,PV shading detected,Cleared,BE9,
2025-01-12 14:47:11.230799,PV cell breakage detected,Cleared,BE10,
2025-01-12 15:02:22.987863,PV cell breakage detected,Active,BE10,
2025-01-12 16:56:23.674718,PV solder bond failure detected,Active,BE11,
2025-01-12 17:37:34.690609,PV cell breakage detected,Cleared,BE10,
2025-01-12 17:38:44.750354,PV shading detected,Active,BE9,
2025-01-12 19:01:49.192179,MCB 2 fault detected,Active,BE4,
2025-01-12 21:18:31.964409,Grounding system fault detected,Cleared,BE6,
2025-01-12 21:31:30.461839,Encapsulant fault detected,Active,BE16,
2025-01-12 21:57:22.670027,Rack structure fault detected,Cleared,BE15,
2025-01-12 23:31:26.797432,Rack structure fault detected,Active,BE15,
2025-01-12 23:47:01.642853,PV cell breakage detected,Cleared,BE10,
2025-01-13 00:36:40.617337,Grounding system fault detected,Active,BE6,
2025-01-13 00:42:48.141441,PV interconnect fault detected,Active,BE5,
2025-01-13 00:47:47.026291,Rack structure fault detected,Active,BE15,
2025-01-13 01:38:44.750354,PV shading detected,Cleared,BE9,
2025-01-13 01:44:59.263168,Rack structure fault detected,Cleared,BE15,
2025-01-13 01:46:06.999117,Encapsulant fault detected,Cleared,BE16,
2025-01-13 02:02:55.353174,PV cell breakage detected,Active,BE10,
2025-01-13 02:37:45.639243,PV cell breakage detected,Active,BE10,
2025-01-13 02:47:00.286691,PV cell breakage detected,Cleared,BE10,
2025-01-13 03:36:09.165809,PV solder bond failure detected,Cleared,BE11,
2025-01-13 04:04:19.030204,PV cell breakage detected,Cleared,BE10,
2025-01-13 05:01:49.192179,MCB 2 fault detected,Cleared,BE4,
2025-01-13 05:34:55.530145,PV shading detected,Active,BE9,
2025-01-13 06:10:45.205750,Grounding system fault detected,Active,BE6,
2025-01-13 06:17:25.110504,PV interconnect fault detected,Cleared,BE5,
2025-01-13 07:27:21.600890,PV shading detected,Active,BE9,
2025-01-13 07:27:38.417961,PV solder bond failure detected,Active,BE11,
2025-01-13 08:10:31.645802,PV shading detected,Active,BE9,
2025-01-13 08:34:06.022291,Grounding system fault detected,Active,BE6,
2025-01-13 08:43:51.691796,PV interconnect fault detected,Active,BE5,
2025-01-13 11:17:54.878831,PV interconnect fault detected,Active,BE5,
2025-01-13 12:58:41.875626,PV cell breakage detected,Cleared,BE10,
2025-01-13 13:28:45.548585,PV cell breakage detected,Cleared,BE10,
2025-01-13 13:34:55.530145,PV shading detected,Cleared,BE9,
2025-01-13 14:32:45.762606,PV interconnect fault detected,Cleared,BE5,
2025-01-13 15:02:17.968995,PV solder bond failure detected,Cleared,BE11,
2025-01-13 15:24:00.760390,Encapsulant fault detected,Cleared,BE16,
2025-01-13 15:27:21.600890,PV shading detected,Cleared,BE9,
2025-01-13 16:10:31.645802,PV shading detected,Cleared,BE9,
2025-01-13 16:17:35.056071,Rack structure fault detected,Active,BE15,
2025-01-13 16:18:21.809754,Encapsulant fault detected,Cleared,BE16,
2025-01-13 17:12:06.216300,Rack structure fault detected,Active,BE15,
2025-01-13 17:26:05.876823,Rack structure fault detected,Cleared,BE15,
2025-01-13 17:26:45.383861,Encapsulant fault detected,Cleared,BE16,
2025-01-13 17:30:19.687469,Grounding system fault detected,Active,BE6,
2025-01-13 19:01:40.975846,PV cell breakage detected,Active,BE10,
2025-01-13 19:03:44.545836,PV cell breakage detected,Active,BE10,
2025-01-13 20:04:03.993470,Encapsulant fault detected,Active,BE16,
2025-01-13 21:05:07.540790,Encapsulant fault detected,Cleared,BE16,
2025-01-13 21:36:16.494026,PV cell breakage detected,Active,BE10,
2025-01-13 21:39:52.360436,Encapsulant fault detected,Cleared,BE16,
2025-01-13 22:38:00.683898,Encapsulant fault detected,Active,BE16,
2025-01-13 22:39:12.508759,PV solder bond failure detected,Active,BE11,
2025-01-14 00:24:57.091206,Grounding system fault detected,Active,BE6,
2025-01-14 00:33:12.243973,PV solder bond failure detected,Cleared,BE11,
2025-01-14 00:36:40.617337,Grounding system fault detected,Cleared,BE6,
2025-01-14 00:42:48.141441,PV interconnect fault detected,Cleared,BE5,
2025-01-14 00:56:17.319655,PV solder bond failure detected,Cleared,BE11,
2025-01-14 00:59:04.409150,PV solder bond failure detected,Cleared,BE11,
2025-01-14 01:25:15.097797,PV shading detected,Active,BE9,
2025-01-14 01:51:50.335496,PV cell breakage detected,Cleared,BE10,
2025-01-14 02:26:57.934281,PV interconnect fault detected,Active,BE5,
2025-01-14 02:35:26.318090,PV solder bond failure detected,Cleared,BE11,
2025-01-14 05:17:27.840045,PV cell breakage detected,Cleared,BE10,
2025-01-14 05:17:32.189170,PV cell breakage detected,Cleared,BE10,
2025-01-14 05:38:21.206735,Rack structure fault detected,Active,BE15,
2025-01-14 06:02:27.139167,PV soiling detected,Active,BE8,
2025-01-14 06:10:45.205750,Grounding system fault detected,Cleared,BE6,
2025-01-14 06:20:42.503148,PV interconnect fault detected,Active,BE5,
2025-01-14 06:38:10.012981,PV interconnect fault detected,Active,BE5,
2025-01-14 07:35:15.313309,Grounding system fault detected,Active,BE6,
2025-01-14 08:25:07.595974,PV shading detected,Active,BE9,
2025-01-14 08:34:06.022291,Grounding system fault detected,Cleared,BE6,
2025-01-14 08:43:51.691796,PV interconnect fault detected,Cleared,BE5,
2025-01-14 09:05:59.028251,PV shading detected,Active,BE9,
2025-01-14 09:25:15.097797,PV shading detected,Cleared,BE9,
2025-01-14 09:43:01.916866,PV cell breakage detected,Active,BE10,
2025-01-14 09:54:56.311989,PV solder bond failure detected,Cleared,BE11,
2025-01-14 10:42:05.242072,Rack structure fault detected,Cleared,BE15,
2025-01-14 11:17:54.878831,PV interconnect fault detected,Cleared,BE5,
2025-01-14 11:42:38.600705,PV cell breakage detected,Cleared,BE10,
2025-01-14 12:08:27.891938,PV cell breakage detected,Cleared,BE10,
2025-01-14 13:01:02.664277,Grounding system fault detected,Active,BE6,
2025-01-14 13:07:37.187022,PV cell breakage detected,Active,BE10,
2025-01-14 13:28:39.392072,PV solder bond failure detected,Cleared,BE11,
2025-01-14 13:53:42.199203,Grounding system fault detected,Active,BE6,
2025-01-14 14:02:27.139167,PV soiling detected,Cleared,BE8,
2025-01-14 14:05:26.921353,PV cell breakage detected,Active,BE10,
2025-01-14 14:15:47.263901,Grounding system fault detected,Active,BE6,
2025-01-14 14:47:07.592749,PV solder bond failure detected,Active,BE11,
2025-01-14 15:02:22.987863,PV cell breakage detected,Cleared,BE10,
2025-01-14 16:25:07.595974,PV shading detected,Cleared,BE9,
2025-01-14 16:56:23.674718,PV solder bond failure detected,Cleared,BE11,
2025-01-14 17:05:59.028251,PV shading detected,Cleared,BE9,
2025-01-14 17:19:07.429802,PV solder bond failure detected,Active,BE11,
2025-01-14 17:30:19.687469,Grounding system fault detected,Cleared,BE6,
2025-01-14 18:05:47.994028,PV cell breakage detected,Active,BE10,
2025-01-14 18:52:18.014567,MCB 2 fault detected,Active,BE4,
2025-01-14 18:53:36.344313,PV interconnect fault detected,Active,BE5,
2025-01-14 20:55:26.457692,PV cell breakage detected,Active,BE10,
2025-01-14 21:11:51.389854,PV interconnect fault detected,Active,BE5,
2025-01-14 21:31:30.461839,Encapsulant fault detected,Cleared,BE16,
2025-01-14 23:31:26.797432,Rack structure fault detected,Cleared,BE15,
2025-01-15 00:05:43.877706,Rack structure fault detected,Active,BE15,
2025-01-15 00:24:57.091206,Grounding system fault detected,Cleared,BE6,
2025-01-15 00:47:47.026291,Rack structure fault detected,Cleared,BE15,
2025-01-15 01:13:04.152813,PV solder bond failure detected,Active,BE11,
2025-01-15 02:02:55.353174,PV cell breakage detected,Cleared,BE10,
2025-01-15 02:26:57.934281,PV interconnect fault detected,Cleared,BE5,
2025-01-15 02:37:45.639243,PV cell breakage detected,Cleared,BE10,
2025-01-15 03:20:45.151653,Rack structure fault detected,Active,BE15,
2025-01-15 03:20:57.466524,PV solder bond failure detected,Active,BE11,
2025-01-15 04:46:17.218392,PV solder bond failure detected,Active,BE11,
2025-01-15 04:52:18.014567,MCB 2 fault detected,Cleared,BE4,
2025-01-15 06:08:38.836828,PV solder bond failure detected,Active,BE11,
2025-01-15 06:20:42.503148,PV interconnect fault detected,Cleared,BE5,
2025-01-15 06:21:33.530383,Encapsulant fault detected,Active,BE16,
2025-01-15 06:38:10.012981,PV interconnect fault detected,Cleared,BE5,
2025-01-15 07:27:38.417961,PV solder bond failure detected,Cleared,BE11,
2025-01-15 07:35:15.313309,Grounding system fault detected,Cleared,BE6,
2025-01-15 08:57:35.824769,PV solder bond failure detected,Active,BE11,
2025-01-15 09:18:34.507466,Encapsulant fault detected,Active,BE16,
2025-01-15 09:26:44.486623,MCB 2 fault detected,Active,BE4,
2025-01-15 12:44:22.821748,PV solder bond failure detected,Active,BE11,
2025-01-15 13:01:02.664277,Grounding system fault detected,Cleared,BE6,
2025-01-15 13:30:46.942837,PV cell breakage detected,Active,BE10,
2025-01-15 13:53:42.199203,Grounding system fault detected,Cleared,BE6,
2025-01-15 14:15:47.263901,Grounding system fault detected,Cleared,BE6,
2025-01-15 15:35:02.348577,PV soiling detected,Active,BE8,
2025-01-15 15:35:47.503196,Encapsulant fault detected,Active,BE16,
2025-01-15 16:17:35.056071,Rack structure fault detected,Cleared,BE15,
2025-01-15 16:53:04.513806,PV cell breakage detected,Active,BE10,
2025-01-15 17:12:06.216300,Rack structure fault detected,Cleared,BE15,
2025-01-15 18:53:36.344313,PV interconnect fault detected,Cleared,BE5,
2025-01-15 19:01:40.975846,PV cell breakage detected,Cleared,BE10,
2025-01-15 19:03:44.545836,PV cell breakage detected,Cleared,BE10,
2025-01-15 19:26:44.486623,MCB 2 fault detected,Cleared,BE4,
2025-01-15 20:04:03.993470,Encapsulant fault detected,Cleared,BE16,
2025-01-15 20:37:10.800096,Encapsulant fault detected,Active,BE16,
2025-01-15 21:11:51.389854,PV interconnect fault detected,Cleared,BE5,
2025-01-15 21:36:16.494026,PV cell breakage detected,Cleared,BE10,
2025-01-15 22:38:00.683898,Encapsulant fault detected,Cleared,BE16,
2025-01-15 22:39:12.508759,PV solder bond failure detected,Cleared,BE11,
2025-01-15 23:35:02.348577,PV soiling detected,Cleared,BE8,
2025-01-16 00:41:37.126029,PV solder bond failure detected,Active,BE11,
2025-01-16 01:33:08.952783,PV solder bond failure detected,Active,BE11,
2025-01-16 04:37:26.176135,Rack structure fault detected,Active,BE15,
2025-01-16 04:47:23.699628,Encapsulant fault detected,Active,BE16,
2025-01-16 05:02:48.350061,Rack structure fault detected,Active,BE15,
2025-01-16 05:38:21.206735,Rack structure fault detected,Cleared,BE15,
2025-01-16 06:32:37.481227,PV interconnect fault detected,Active,BE5,
2025-01-16 06:50:09.426522,PV cell breakage detected,Active,BE10,
2025-01-16 09:07:52.677153,Short/open circuit fault detected,Active,BE14,
2025-01-16 09:43:01.916866,PV cell breakage detected,Cleared,BE10,
2025-01-16 09:43:20.885656,PV hot spot detected,Active,BE12,
2025-01-16 09:56:47.058036,Encapsulant fault detected,Active,BE16,
2025-01-16 10:28:53.434394,PV solder bond failure detected,Active,BE11,
2025-01-16 12:22:42.303391,PV soiling detected,Active,BE8,
2025-01-16 13:07:37.187022,PV cell breakage detected,Cleared,BE10,
2025-01-16 14:05:26.921353,PV cell breakage detected,Cleared,BE10,
2025-01-16 14:47:07.592749,PV solder bond failure detected,Cleared,BE11,
2025-01-16 15:34:47.453299,PV solder bond failure detected,Active,BE11,
2025-01-16 17:19:07.429802,PV solder bond failure detected,Cleared,BE11,
2025-01-16 17:46:53.522386,MCB 2 fault detected,Active,BE4,
2025-01-16 17:51:49.122274,PV solder bond failure detected,Active,BE11,
2025-01-16 18:05:47.994028,PV cell breakage detected,Cleared,BE10,
2025-01-16 20:22:42.303391,PV soiling detected,Cleared,BE8,
2025-01-16 20:55:26.457692,PV cell breakage detected,Cleared,BE10,
2025-01-16 21:00:28.972753,PV shading detected,Active,BE9,
2025-01-16 21:07:52.677153,Short/open circuit fault detected,Cleared,BE14,
2025-01-16 21:41:03.762448,PV shading detected,Active,BE9,
2025-01-16 21:43:24.299658,Encapsulant fault detected,Active,BE16,
2025-01-16 22:25:44.889340,PV solder bond failure detected,Active,BE11,
2025-01-17 00:05:43.877706,Rack structure fault detected,Cleared,BE15,
2025-01-17 00:49:37.921510,PV solder bond failure detected,Active,BE11,
2025-01-17 01:13:04.152813,PV solder bond failure detected,Cleared,BE11,
2025-01-17 02:47:09.940134,PV cell breakage detected,Active,BE10,
2025-01-17 03:20:45.151653,Rack structure fault detected,Cleared,BE15,
2025-01-17 03:20:57.466524,PV solder bond failure detected,Cleared,BE11,
2025-01-17 03:46:53.522386,MCB 2 fault detected,Cleared,BE4,
2025-01-17 04:46:17.218392,PV solder bond failure detected,Cleared,BE11,
2025-01-17 05:00:28.972753,PV shading detected,Cleared,BE9,
2025-01-17 05:41:03.762448,PV shading detected,Cleared,BE9,
2025-01-17 06:08:38.836828,PV solder bond failure detected,Cleared,BE11,
2025-01-17 06:21:33.530383,Encapsulant fault detected,Cleared,BE16,
2025-01-17 06:30:57.258640,Rack structure fault detected,Active,BE15,
2025-01-17 06:32:37.481227,PV interconnect fault detected,Cleared,BE5,
2025-01-17 06:54:11.601356,Encapsulant fault detected,Active,BE16,
2025-01-17 06:55:25.169741,PV solder bond failure detected,Active,BE11,
2025-01-17 07:53:16.031804,PV cell breakage detected,Active,BE10,
2025-01-17 08:57:35.824769,PV solder bond failure detected,Cleared,BE11,
2025-01-17 09:18:34.507466,Encapsulant fault detected,Cleared,BE16,
2025-01-17 09:43:20.885656,PV hot spot detected,Cleared,BE12,
2025-01-17 10:44:57.784017,PV solder bond failure detected,Active,BE11,
2025-01-17 11:10:45.722091,PV shading detected,Active,BE9,
2025-01-17 11:57:26.154685,PV solder bond failure detected,Active,BE11,
2025-01-17 12:44:22.821748,PV solder bond failure detected,Cleared,BE11,
2025-01-17 12:47:27.155856,PV solder bond failure detected,Active,BE11,
2025-01-17 13:30:46.942837,PV cell breakage detected,Cleared,BE10,
2025-01-17 14:58:36.304477,Rack structure fault detected,Active,BE15,
2025-01-17 15:35:47.503196,Encapsulant fault detected,Cleared,BE16,
2025-01-17 16:53:04.513806,PV cell breakage detected,Cleared,BE10,
2025-01-17 17:50:06.587517,PV glass breakage detected,Active,BE7,
2025-01-17 18:06:41.760724,PV solder bond failure detected,Active,BE11,
2025-01-17 18:20:33.526511,Rack structure fault detected,Active,BE15,
2025-01-17 18:55:17.583899,PV interconnect fault detected,Active,BE5,
2025-01-17 19:10:45.722091,PV shading detected,Cleared,BE9,
2025-01-17 20:18:45.586739,Rack structure fault detected,Active,BE15,
2025-01-17 20:37:10.800096,Encapsulant fault detected,Cleared,BE16,
2025-01-18 00:41:37.126029,PV solder bond failure detected,Cleared,BE11,
2025-01-18 00:53:36.379897,MCB 1 fault detected,Active,BE3,
2025-01-18 01:33:08.952783,PV solder bond failure detected,Cleared,BE11,
2025-01-18 04:37:26.176135,Rack structure fault detected,Cleared,BE15,
2025-01-18 04:47:23.699628,Encapsulant fault detected,Cleared,BE16,
2025-01-18 05:02:48.350061,Rack structure fault detected,Cleared,BE15,
2025-01-18 05:28:40.970489,PV cell breakage detected,Active,BE10,
2025-01-18 06:50:09.426522,PV cell breakage detected,Cleared,BE10,
2025-01-18 08:03:30.952162,Grounding system fault detected,Active,BE6,
2025-01-18 09:43:35.946973,PV cell breakage detected,Active,BE10,
2025-01-18 09:45:38.282554,PV solder bond failure detected,Active,BE11,
2025-01-18 09:56:47.058036,Encapsulant fault detected,Cleared,BE16,
2025-01-18 10:28:53.434394,PV solder bond failure detected,Cleared,BE11,
2025-01-18 10:53:36.379897,MCB 1 fault detected,Cleared,BE3,
2025-01-18 12:35:43.447071,PV solder bond failure detected,Active,BE11,
2025-01-18 15:34:47.453299,PV solder bond failure detected,Cleared,BE11,
2025-01-18 17:50:06.587517,PV glass breakage detected,Cleared,BE7,
2025-01-18 17:51:49.122274,PV solder bond failure detected,Cleared,BE11,
2025-01-18 18:55:17.583899,PV interconnect fault detected,Cleared,BE5,
2025-01-18 19:27:03.015199,Grounding system fault detected,Active,BE6,
2025-01-18 21:28:32.682309,PV solder bond failure detected,Active,BE11,
2025-01-18 21:43:24.299658,Encapsulant fault detected,Cleared,BE16,
2025-01-18 22:25:44.889340,PV solder bond failure detected,Cleared,BE11,
2025-01-19 00:02:27.791756,PV interconnect fault detected,Active,BE5,
2025-01-19 00:49:37.921510,PV solder bond failure detected,Cleared,BE11,
2025-01-19 02:47:09.940134,PV cell breakage detected,Cleared,BE10,
2025-01-19 04:42:15.336792,PV solder bond failure detected,Active,BE11,
2025-01-19 05:20:58.513543,Grounding system fault detected,Active,BE6,
2025-01-19 05:30:19.595862,PV interconnect fault detected,Active,BE5,
2025-01-19 05:41:22.460346,PV interconnect fault detected,Active,BE5,
2025-01-19 06:30:57.258640,Rack structure fault detected,Cleared,BE15,
2025-01-19 06:54:11.601356,Encapsulant fault detected,Cleared,BE16,
2025-01-19 06:55:25.169741,PV solder bond failure detected,Cleared,BE11,
2025-01-19 07:53:16.031804,PV cell breakage detected,Cleared,BE10,
2025-01-19 08:03:30.952162,Grounding system fault detected,Cleared,BE6,
2025-01-19 09:56:38.825268,PV shading detected,Active,BE9,
2025-01-19 10:44:57.784017,PV solder bond failure detected,Cleared,BE11,
2025-01-19 11:57:26.154685,PV solder bond failure detected,Cleared,BE11,
2025-01-19 12:47:27.155856,PV solder bond failure detected,Cleared,BE11,
2025-01-19 13:03:01.677780,PV shading detected,Active,BE9,
2025-01-19 14:20:42.357480,Rack structure fault detected,Active,BE15,
2025-01-19 14:47:38.844830,PV shading detected,Active,BE9,
2025-01-19 14:58:36.304477,Rack structure fault detected,Cleared,BE15,
2025-01-19 15:22:47.840518,Rack structure fault detected,Active,BE15,
2025-01-19 15:24:49.484122,MCB 2 fault detected,Active,BE4,
2025-01-19 15:33:35.956191,PV cell breakage detected,Active,BE10,
2025-01-19 16:15:52.825077,PV shading detected,Active,BE9,
2025-01-19 16:23:55.766689,PV cell breakage detected,Active,BE10,
2025-01-19 17:56:38.825268,PV shading detected,Cleared,BE9,
2025-01-19 18:06:41.760724,PV solder bond failure detected,Cleared,BE11,
2025-01-19 18:20:33.526511,Rack structure fault detected,Cleared,BE15,
2025-01-19 18:25:31.345103,Rack structure fault detected,Active,BE15,
2025-01-19 19:27:03.015199,Grounding system fault detected,Cleared,BE6,
2025-01-19 20:18:45.586739,Rack structure fault detected,Cleared,BE15,
2025-01-19 20:22:15.926684,PV shading detected,Active,BE9,
2025-01-19 21:03:01.677780,PV shading detected,Cleared,BE9,
2025-01-19 21:34:53.694102,PV shading detected,Active,BE9,
2025-01-19 22:44:19.376377,PV solder bond failure detected,Active,BE11,
2025-01-19 22:47:38.844830,PV shading detected,Cleared,BE9,
2025-01-20 00:02:27.791756,PV interconnect fault detected,Cleared,BE5,
2025-01-20 00:15:52.825077,PV shading detected,Cleared,BE9,
2025-01-20 00:17:19.408358,Rack structure fault detected,Active,BE15,
2025-01-20 01:24:49.484122,MCB 2 fault detected,Cleared,BE4,
2025-01-20 02:49:00.781226,PV cell breakage detected,Active,BE10,
2025-01-20 04:22:15.926684,PV shading detected,Cleared,BE9,
2025-01-20 04:34:51.116299,Grounding system fault detected,Active,BE6,
2025-01-20 05:20:58.513543,Grounding system fault detected,Cleared,BE6,
2025-01-20 05:28:40.970489,PV cell breakage detected,Cleared,BE10,
2025-01-20 05:30:19.595862,PV interconnect fault detected,Cleared,BE5,
2025-01-20 05:34:53.694102,PV shading detected,Cleared,BE9,
2025-01-20 05:41:22.460346,PV interconnect fault detected,Cleared,BE5,
2025-01-20 08:55:23.419841,PV cell breakage detected,Active,BE10,
2025-01-20 09:36:21.135103,Grounding system fault detected,Active,BE6,
2025-01-20 09:43:35.946973,PV cell breakage detected,Cleared,BE10,
2025-01-20 09:45:38.282554,PV solder bond failure detected,Cleared,BE11,
2025-01-20 10:18:26.641667,PV solder bond failure detected,Active,BE11,
2025-01-20 10:31:16.423620,Encapsulant fault detected,Active,BE16,
2025-01-20 10:58:11.945144,PV shading detected,Active,BE9,
2025-01-20 11:31:51.229743,Encapsulant fault detected,Active,BE16,
2025-01-20 11:42:03.073209,PV shading detected,Active,BE9,
2025-01-20 12:35:43.447071,PV solder bond failure detected,Cleared,BE11,
2025-01-20 12:50:32.394701,PV interconnect fault detected,Active,BE5,
2025-01-20 13:16:05.123917,Fuse aging fault detected,Active,BE1,
2025-01-20 13:19:18.554635,PV cell breakage detected,Active,BE10,
2025-01-20 13:34:11.864699,Rack structure fault detected,Active,BE15,
2025-01-20 14:13:17.288452,Encapsulant fault detected,Active,BE16,
2025-01-20 15:10:25.015982,Encapsulant fault detected,Active,BE16,
2025-01-20 15:55:48.623957,PV solder bond failure detected,Active,BE11,
2025-01-20 17:16:05.123917,Fuse aging fault detected,Cleared,BE1,
2025-01-20 18:58:11.945144,PV shading detected,Cleared,BE9,
2025-01-20 19:26:57.002235,PV interconnect fault detected,Active,BE5,
2025-01-20 19:42:03.073209,PV shading detected,Cleared,BE9,
2025-01-20 19:47:37.351717,PV shading detected,Active,BE9,
2025-01-20 21:28:32.682309,PV solder bond failure detected,Cleared,BE11,
2025-01-20 22:18:17.489188,PV cell breakage detected,Active,BE10,
2025-01-20 23:07:35.883586,PV solder bond failure detected,Active,BE11,
2025-01-21 00:21:57.088420,Rack structure fault detected,Active,BE15,
2025-01-21 01:24:17.259061,MCB 1 fault detected,Active,BE3,
2025-01-21 02:12:27.561658,Rack structure fault detected,Active,BE15,
2025-01-21 03:47:37.351717,PV shading detected,Cleared,BE9,
2025-01-21 04:34:51.116299,Grounding system fault detected,Cleared,BE6,
2025-01-21 04:42:15.336792,PV solder bond failure detected,Cleared,BE11,
2025-01-21 06:54:01.747378,Rack structure fault detected,Active,BE15,
2025-01-21 08:25:13.960782,Encapsulant fault detected,Active,BE16,
2025-01-21 09:02:01.492996,PV soiling detected,Active,BE8,
2025-01-21 09:13:07.958367,PV cell breakage detected,Active,BE10,
2025-01-21 09:15:29.143474,PV cell breakage detected,Active,BE10,
2025-01-21 09:24:14.036768,Encapsulant fault detected,Active,BE16,
2025-01-21 09:36:21.135103,Grounding system fault detected,Cleared,BE6,
2025-01-21 10:38:33.144242,Rack structure fault detected,Active,BE15,
2025-01-21 10:53:46.857918,PV cell breakage detected,Active,BE10,
2025-01-21 11:24:17.259061,MCB 1 fault detected,Cleared,BE3,
2025-01-21 12:50:32.394701,PV interconnect fault detected,Cleared,BE5,
2025-01-21 13:56:15.714394,Rack structure fault detected,Active,BE15,
2025-01-21 14:20:42.357480,Rack structure fault detected,Cleared,BE15,
2025-01-21 14:30:13.535094,PV solder bond failure detected,Active,BE11,
2025-01-21 15:22:47.840518,Rack structure fault detected,Cleared,BE15,
2025-01-21 15:33:35.956191,PV cell breakage detected,Cleared,BE10,
2025-01-21 16:23:55.766689,PV cell breakage detected,Cleared,BE10,
2025-01-21 17:02:01.492996,PV soiling detected,Cleared,BE8,
2025-01-21 17:40:25.764340,MCB 1 fault detected,Active,BE3,
2025-01-21 17:56:01.121579,PV solder bond failure detected,Active,BE11,
2025-01-21 18:25:31.345103,Rack structure fault detected,Cleared,BE15,
2025-01-21 19:26:57.002235,PV interconnect fault detected,Cleared,BE5,
2025-01-21 20:35:41.066631,PV solder bond failure detected,Active,BE11,
2025-01-21 20:40:04.226099,PV solder bond failure detected,Active,BE11,
2025-01-21 20:45:16.863211,PV glass breakage detected,Active,BE7,
2025-01-21 21:12:07.525693,Rack structure fault detected,Active,BE15,
2025-01-21 21:47:19.526518,Short/open circuit fault detected,Active,BE14,
2025-01-21 22:05:35.025744,PV cell breakage detected,Active,BE10,
2025-01-21 22:44:19.376377,PV solder bond failure detected,Cleared,BE11,
2025-01-22 00:17:19.408358,Rack structure fault detected,Cleared,BE15,
2025-01-22 02:49:00.781226,PV cell breakage detected,Cleared,BE10,
2025-01-22 03:40:25.764340,MCB 1 fault detected,Cleared,BE3,
2025-01-22 07:56:18.684817,PV cell breakage detected,Active,BE10,
2025-01-22 08:26:56.731514,PV solder bond failure detected,Active,BE11,
2025-01-22 08:55:23.419841,PV cell breakage detected,Cleared,BE10,
2025-01-22 09:45:01.342368,PV soiling detected,Active,BE8,
2025-01-22 09:47:19.526518,Short/open circuit fault detected,Cleared,BE14,
2025-01-22 10:18:26.641667,PV solder bond failure detected,Cleared,BE11,
2025-01-22 10:31:16.423620,Encapsulant fault detected,Cleared,BE16,
2025-01-22 11:31:51.229743,Encapsulant fault detected,Cleared,BE16,
2025-01-22 11:38:53.683772,PV interconnect fault detected,Active,BE5,
2025-01-22 13:19:18.554635,PV cell breakage detected,Cleared,BE10,
2025-01-22 13:34:11.864699,Rack structure fault detected,Cleared,BE15,
2025-01-22 13:54:11.085646,Rack structure fault detected,Active,BE15,
2025-01-22 14:13:17.288452,Encapsulant fault detected,Cleared,BE16,
2025-01-22 15:10:25.015982,Encapsulant fault detected,Cleared,BE16,
2025-01-22 15:55:48.623957,PV solder bond failure detected,Cleared,BE11,
2025-01-22 17:10:06.064841,Encapsulant fault detected,Active,BE16,
2025-01-22 17:15:59.787269,Rack structure fault detected,Active,BE15,
2025-01-22 17:45:01.342368,PV soiling detected,Cleared,BE8,
2025-01-22 19:18:19.936046,PV solder bond failure detected,Active,BE11,
2025-01-22 20:02:50.818156,PV solder bond failure detected,Active,BE11,
2025-01-22 20:45:16.863211,PV glass breakage detected,Cleared,BE7,
2025-01-22 22:18:17.489188,PV cell breakage detected,Cleared,BE10,
2025-01-22 22:43:38.737418,Grounding system fault detected,Active,BE6,
2025-01-22 23:07:35.883586,PV solder bond failure detected,Cleared,BE11,
2025-01-22 23:31:56.710055,Rack structure fault detected,Active,BE15,
2025-01-23 00:21:57.088420,Rack structure fault detected,Cleared,BE15,
2025-01-23 01:49:52.375565,PV solder bond failure detected,Active,BE11,
2025-01-23 02:12:27.561658,Rack structure fault detected,Cleared,BE15,
2025-01-23 05:45:10.114792,Encapsulant fault detected,Active,BE16,
2025-01-23 06:01:29.302961,PV solder bond failure detected,Active,BE11,
2025-01-23 06:20:00.731406,Rack structure fault detected,Active,BE15,
2025-01-23 06:52:28.637421,PV solder bond failure detected,Active,BE11,
2025-01-23 06:54:01.747378,Rack structure fault detected,Cleared,BE15,
2025-01-23 08:25:13.960782,Encapsulant fault detected,Cleared,BE16,
2025-01-23 09:13:07.958367,PV cell breakage detected,Cleared,BE10,
2025-01-23 09:15:29.143474,PV cell breakage detected,Cleared,BE10,
2025-01-23 09:24:14.036768,Encapsulant fault detected,Cleared,BE16,
2025-01-23 10:38:33.144242,Rack structure fault detected,Cleared,BE15,
2025-01-23 10:53:46.857918,PV cell breakage detected,Cleared,BE10,
2025-01-23 11:38:53.683772,PV interconnect fault detected,Cleared,BE5,
2025-01-23 12:42:46.074359,PV shading detected,Active,BE9,
2025-01-23 13:56:15.714394,Rack structure fault detected,Cleared,BE15,
2025-01-23 14:16:38.905334,PV cell breakage detected,Active,BE10,
2025-01-23 14:30:13.535094,PV solder bond failure detected,Cleared,BE11,
2025-01-23 17:56:01.121579,PV solder bond failure detected,Cleared,BE11,
2025-01-23 18:53:14.915439,Encapsulant fault detected,Active,BE16,
2025-01-23 20:35:41.066631,PV solder bond failure detected,Cleared,BE11,
2025-01-23 20:40:04.226099,PV solder bond failure detected,Cleared,BE11,
2025-01-23 20:42:46.074359,PV shading detected,Cleared,BE9,
2025-01-23 21:12:07.525693,Rack structure fault detected,Cleared,BE15,
2025-01-23 22:05:35.025744,PV cell breakage detected,Cleared,BE10,
2025-01-23 22:43:38.737418,Grounding system fault detected,Cleared,BE6,
2025-01-24 02:49:03.704033,PV interconnect fault detected,Active,BE5,
2025-01-24 03:06:56.120473,PV cell breakage detected,Active,BE10,
2025-01-24 06:13:30.860168,Grounding system fault detected,Active,BE6,
2025-01-24 07:49:28.978860,PV shading detected,Active,BE9,
2025-01-24 07:56:18.684817,PV cell breakage detected,Cleared,BE10,
2025-01-24 08:08:12.270354,Grounding system fault detected,Active,BE6,
2025-01-24 08:26:56.731514,PV solder bond failure detected,Cleared,BE11,
2025-01-24 09:21:15.611149,Encapsulant fault detected,Active,BE16,
2025-01-24 09:22:35.798013,PV solder bond failure detected,Active,BE11,
2025-01-24 11:00:06.929379,PV solder bond failure detected,Active,BE11,
2025-01-24 11:28:11.959530,PV solder bond failure detected,Active,BE11,
2025-01-24 12:38:25.743450,Encapsulant fault detected,Active,BE16,
2025-01-24 13:54:11.085646,Rack structure fault detected,Cleared,BE15,
2025-01-24 15:31:27.002792,PV hot spot detected,Active,BE12,
2025-01-24 15:49:28.978860,PV shading detected,Cleared,BE9,
2025-01-24 16:30:16.938604,Encapsulant fault detected,Active,BE16,
2025-01-24 17:10:06.064841,Encapsulant fault detected,Cleared,BE16,
2025-01-24 17:15:59.787269,Rack structure fault detected,Cleared,BE15,
2025-01-24 17:32:45.323294,PV solder bond failure detected,Active,BE11,
2025-01-24 18:40:40.518358,PV shading detected,Active,BE9,
2025-01-24 19:10:07.233345,Grounding system fault detected,Active,BE6,
2025-01-24 19:18:19.936046,PV solder bond failure detected,Cleared,BE11,
2025-01-24 20:02:50.818156,PV solder bond failure detected,Cleared,BE11,
2025-01-24 22:49:58.879711,PV shading detected,Active,BE9,
2025-01-24 23:14:24.818212,Encapsulant fault detected,Active,BE16,
2025-01-24 23:31:56.710055,Rack structure fault detected,Cleared,BE15,
2025-01-25 00:06:52.524098,Cable aging fault detected,Active,BE18,
2025-01-25 01:28:54.640934,PV interconnect fault detected,Active,BE5,
2025-01-25 01:49:52.375565,PV solder bond failure detected,Cleared,BE11,
2025-01-25 02:34:32.432046,PV solder bond failure detected,Active,BE11,
2025-01-25 02:40:40.518358,PV shading detected,Cleared,BE9,
2025-01-25 02:47:50.905802,PV solder bond failure detected,Active,BE11,
2025-01-25 02:49:03.704033,PV interconnect fault detected,Cleared,BE5,
2025-01-25 04:06:52.524098,Cable aging fault detected,Cleared,BE18,
2025-01-25 05:36:16.175750,PV interconnect fault detected,Active,BE5,
2025-01-25 05:45:10.114792,Encapsulant fault detected,Cleared,BE16,
2025-01-25 06:01:29.302961,PV solder bond failure detected,Cleared,BE11,
2025-01-25 06:07:22.178932,PV cell breakage detected,Active,BE10,
2025-01-25 06:13:30.860168,Grounding system fault detected,Cleared,BE6,
2025-01-25 06:20:00.731406,Rack structure fault detected,Cleared,BE15,
2025-01-25 06:49:58.879711,PV shading detected,Cleared,BE9,
2025-01-25 06:52:28.637421,PV solder bond failure detected,Cleared,BE11,
2025-01-25 07:07:02.017001,MCB 1 fault detected,Active,BE3,
2025-01-25 08:08:12.270354,Grounding system fault detected,Cleared,BE6,
2025-01-25 09:45:31.929202,Rack structure fault detected,Active,BE15,
2025-01-25 09:56:43.435554,PV shading detected,Active,BE9,
2025-01-25 10:01:37.552604,PV solder bond failure detected,Active,BE11,
2025-01-25 11:21:09.449456,PV interconnect fault detected,Active,BE5,
2025-01-25 11:29:29.191650,MCB 1 fault detected,Active,BE3,
2025-01-25 14:16:38.905334,PV cell breakage detected,Cleared,BE10,
2025-01-25 15:01:57.188709,Encapsulant fault detected,Active,BE16,
2025-01-25 15:08:14.856162,PV solder bond failure detected,Active,BE11,
2025-01-25 15:31:27.002792,PV hot spot detected,Cleared,BE12,
2025-01-25 15:52:13.602893,PV solder bond failure detected,Active,BE11,
2025-01-25 16:59:49.424944,PV cell breakage detected,Active,BE10,
2025-01-25 17:07:02.017001,MCB 1 fault detected,Cleared,BE3,
2025-01-25 17:08:38.337898,PV solder bond failure detected,Active,BE11,
2025-01-25 17:56:43.435554,PV shading detected,Cleared,BE9,
2025-01-25 18:27:14.017385,PV shading detected,Active,BE9,
2025-01-25 18:53:14.915439,Encapsulant fault detected,Cleared,BE16,
2025-01-25 19:10:07.233345,Grounding system fault detected,Cleared,BE6,
2025-01-25 19:10:14.331536,Encapsulant fault detected,Active,BE16,
2025-01-25 20:10:15.671548,PV cell breakage detected,Active,BE10,
2025-01-25 21:10:10.485553,PV cell breakage detected,Active,BE10,
2025-01-25 21:20:25.292192,Encapsulant fault detected,Active,BE16,
2025-01-25 21:29:29.191650,MCB 1 fault detected,Cleared,BE3,
2025-01-25 22:47:16.916943,PV solder bond failure detected,Active,BE11,
2025-01-26 00:45:49.655803,PV shading detected,Active,BE9,
2025-01-26 01:09:06.305593,PV solder bond failure detected,Active,BE11,
2025-01-26 01:28:54.640934,PV interconnect fault detected,Cleared,BE5,
2025-01-26 02:21:20.157315,PV shading detected,Active,BE9,
2025-01-26 02:27:14.017385,PV shading detected,Cleared,BE9,
2025-01-26 03:06:56.120473,PV cell breakage detected,Cleared,BE10,
2025-01-26 05:36:16.175750,PV interconnect fault detected,Cleared,BE5,
2025-01-26 08:45:49.655803,PV shading detected,Cleared,BE9,
2025-01-26 09:21:15.611149,Encapsulant fault detected,Cleared,BE16,
2025-01-26 09:22:35.798013,PV solder bond failure detected,Cleared,BE11,
2025-01-26 09:52:01.647434,PV interconnect fault detected,Active,BE5,
2025-01-26 10:21:20.157315,PV shading detected,Cleared,BE9,
2025-01-26 10:49:25.905051,PV cell breakage detected,Active,BE10,
2025-01-26 11:00:06.929379,PV solder bond failure detected,Cleared,BE11,
2025-01-26 11:21:09.449456,PV interconnect fault detected,Cleared,BE5,
2025-01-26 11:28:11.959530,PV solder bond failure detected,Cleared,BE11,
2025-01-26 12:31:10.854321,PV glass breakage detected,Active,BE7,
2025-01-26 12:38:25.743450,Encapsulant fault detected,Cleared,BE16,
2025-01-26 14:17:23.858988,Grounding system fault detected,Active,BE6,
2025-01-26 14:22:20.636006,PV interconnect fault detected,Active,BE5,
2025-01-26 16:30:16.938604,Encapsulant fault detected,Cleared,BE16,
2025-01-26 16:34:03.555848,PV interconnect fault detected,Active,BE5,
2025-01-26 17:32:45.323294,PV solder bond failure detected,Cleared,BE11,
2025-01-26 19:53:08.233549,PV solder bond failure detected,Active,BE11,
2025-01-26 20:05:26.242906,PV cell breakage detected,Active,BE10,
2025-01-26 20:32:00.757310,PV cell breakage detected,Active,BE10,
2025-01-26 23:14:24.818212,Encapsulant fault detected,Cleared,BE16,
2025-01-27 00:32:12.573017,PV cell breakage detected,Active,BE10,
2025-01-27 02:11:10.661893,PV interconnect fault detected,Active,BE5,
2025-01-27 02:34:32.432046,PV solder bond failure detected,Cleared,BE11,
2025-01-27 02:47:50.905802,PV solder bond failure detected,Cleared,BE11,
2025-01-27 03:05:33.973398,PV shading detected,Active,BE9,
2025-01-27 03:57:49.523902,PV hot spot detected,Active,BE12,
2025-01-27 04:11:47.526653,Rack structure fault detected,Active,BE15,
2025-01-27 06:07:22.178932,PV cell breakage detected,Cleared,BE10,
2025-01-27 07:22:14.344440,PV solder bond failure detected,Active,BE11,
2025-01-27 09:45:31.929202,Rack structure fault detected,Cleared,BE15,
2025-01-27 09:52:01.647434,PV interconnect fault detected,Cleared,BE5,
2025-01-27 09:52:54.926890,PV shading detected,Active,BE9,
2025-01-27 10:01:37.552604,PV solder bond failure detected,Cleared,BE11,
2025-01-27 11:05:33.973398,PV shading detected,Cleared,BE9,
2025-01-27 12:20:29.461611,PV shading detected,Active,BE9,
2025-01-27 12:31:10.854321,PV glass breakage detected,Cleared,BE7,
2025-01-27 14:17:23.858988,Grounding system fault detected,Cleared,BE6,
2025-01-27 14:22:20.636006,PV interconnect fault detected,Cleared,BE5,
2025-01-27 15:01:57.188709,Encapsulant fault detected,Cleared,BE16,
2025-01-27 15:08:14.856162,PV solder bond failure detected,Cleared,BE11,
2025-01-27 15:52:13.602893,PV solder bond failure detected,Cleared,BE11,
2025-01-27 16:34:03.555848,PV interconnect fault detected,Cleared,BE5,
2025-01-27 16:59:49.424944,PV cell breakage detected,Cleared,BE10,
2025-01-27 17:08:38.337898,PV solder bond failure detected,Cleared,BE11,
2025-01-27 17:33:05.673658,PV shading detected,Active,BE9,
2025-01-27 17:52:54.926890,PV shading detected,Cleared,BE9,
2025-01-27 19:10:14.331536,Encapsulant fault detected,Cleared,BE16,
2025-01-27 20:10:15.671548,PV cell breakage detected,Cleared,BE10,
2025-01-27 20:20:29.461611,PV shading detected,Cleared,BE9,
2025-01-27 21:10:10.485553,PV cell breakage detected,Cleared,BE10,
2025-01-27 21:20:25.292192,Encapsulant fault detected,Cleared,BE16,
2025-01-27 22:47:00.121743,PV soiling detected,Active,BE8,
2025-01-27 22:47:16.916943,PV solder bond failure detected,Cleared,BE11,
2025-01-27 23:37:38.002802,PV shading detected,Active,BE9,
2025-01-28 01:09:06.305593,PV solder bond failure detected,Cleared,BE11,
2025-01-28 01:33:05.673658,PV shading detected,Cleared,BE9,
2025-01-28 02:11:10.661893,PV interconnect fault detected,Cleared,BE5,
2025-01-28 02:16:59.924822,Rack structure fault detected,Active,BE15,
2025-01-28 03:57:49.523902,PV hot spot detected,Cleared,BE12,
2025-01-28 04:42:55.423646,PV cell breakage detected,Active,BE10,
2025-01-28 06:04:40.271588,Rack structure fault detected,Active,BE15,
2025-01-28 06:47:00.121743,PV soiling detected,Cleared,BE8,
2025-01-28 07:02:39.901300,Rack structure fault detected,Active,BE15,
2025-01-28 07:37:38.002802,PV shading detected,Cleared,BE9,
2025-01-28 10:42:26.979800,PV interconnect fault detected,Active,BE5,
2025-01-28 10:49:25.905051,PV cell breakage detected,Cleared,BE10,
2025-01-28 10:55:38.664062,Encapsulant fault detected,Active,BE16,
2025-01-28 10:56:20.977533,PV cell breakage detected,Active,BE10,
2025-01-28 10:59:59.810589,PV solder bond failure detected,Active,BE11,
2025-01-28 11:19:02.475527,Encapsulant fault detected,Active,BE16,
2025-01-28 12:16:20.645722,Rack structure fault detected,Active,BE15,
2025-01-28 12:23:32.861110,MCB 2 fault detected,Active,BE4,
2025-01-28 13:01:18.743784,PV solder bond failure detected,Active,BE11,
2025-01-28 16:01:25.068567,PV cell breakage detected,Active,BE10,
2025-01-28 16:31:45.550862,Rack structure fault detected,Active,BE15,
2025-01-28 19:35:58.910801,PV shading detected,Active,BE9,
2025-01-28 19:53:08.233549,PV solder bond failure detected,Cleared,BE11,
2025-01-28 20:05:26.242906,PV cell breakage detected,Cleared,BE10,
2025-01-28 20:32:00.757310,PV cell breakage detected,Cleared,BE10,
2025-01-28 21:30:42.617530,PV cell breakage detected,Active,BE10,
2025-01-28 22:23:32.861110,MCB 2 fault detected,Cleared,BE4,
2025-01-28 23:36:47.753075,PV cell breakage detected,Active,BE10,
2025-01-29 00:32:12.573017,PV cell breakage detected,Cleared,BE10,
2025-01-29 00:47:00.409492,PV interconnect fault detected,Active,BE5,
2025-01-29 01:22:58.997176,Grounding system fault detected,Active,BE6,
2025-01-29 02:12:03.801279,Rack structure fault detected,Active,BE15,
2025-01-29 03:35:58.910801,PV shading detected,Cleared,BE9,
2025-01-29 03:44:19.301319,PV cell breakage detected,Active,BE10,
2025-01-29 04:11:47.526653,Rack structure fault detected,Cleared,BE15,
2025-01-29 07:22:14.344440,PV solder bond failure detected,Cleared,BE11,
2025-01-29 07:33:54.637559,Short/open circuit fault detected,Active,BE14,
2025-01-29 07:52:47.469068,PV cell breakage detected,Active,BE10,
2025-01-29 08:21:43.713254,PV cell breakage detected,Active,BE10,
2025-01-29 10:37:53.878554,PV shading detected,Active,BE9,
2025-01-29 10:42:26.979800,PV interconnect fault detected,Cleared,BE5,
2025-01-29 10:45:40.083383,PV interconnect fault detected,Active,BE5,
2025-01-29 11:58:10.219440,PV interconnect fault detected,Active,BE5,
2025-01-29 12:32:29.868142,PV solder bond failure detected,Active,BE11,
2025-01-29 14:14:23.788914,Grounding system fault detected,Active,BE6,
2025-01-29 15:47:28.794380,Encapsulant fault detected,Active,BE16,
2025-01-29 16:20:11.128491,PV solder bond failure detected,Active,BE11,
2025-01-29 17:10:58.266567,PV soiling detected,Active,BE8,
2025-01-29 18:37:53.878554,PV shading detected,Cleared,BE9,
2025-01-29 19:12:28.065969,PV solder bond failure detected,Active,BE11,
2025-01-29 19:33:18.776304,PV solder bond failure detected,Active,BE11,
2025-01-29 19:33:54.637559,Short/open circuit fault detected,Cleared,BE14,
2025-01-29 19:46:54.910984,PV hot spot detected,Active,BE12,
2025-01-29 19:55:11.150294,PV solder bond failure detected,Active,BE11,
2025-01-29 21:26:55.475566,PV cell breakage detected,Active,BE10,
2025-01-29 22:49:48.147810,Rack structure fault detected,Active,BE15,
2025-01-29 23:15:08.547760,PV interconnect fault detected,Active,BE5,
2025-01-30 00:47:00.409492,PV interconnect fault detected,Cleared,BE5,
2025-01-30 01:10:58.266567,PV soiling detected,Cleared,BE8,
2025-01-30 01:22:58.997176,Grounding system fault detected,Cleared,BE6,
2025-01-30 02:16:49.074863,PV cell breakage detected,Active,BE10,
2025-01-30 02:16:59.924822,Rack structure fault detected,Cleared,BE15,
2025-01-30 03:17:53.537352,PV shading detected,Active,BE9,
2025-01-30 03:25:27.323898,PV shading detected,Active,BE9,
2025-01-30 03:50:22.860792,PV solder bond failure detected,Active,BE11,
2025-01-30 04:42:55.423646,PV cell breakage detected,Cleared,BE10,
2025-01-30 06:04:40.271588,Rack structure fault detected,Cleared,BE15,
2025-01-30 07:02:39.901300,Rack structure fault detected,Cleared,BE15,
2025-01-30 07:57:27.943551,PV solder bond failure detected,Active,BE11,
2025-01-30 09:32:21.243162,PV shading detected,Active,BE9,
2025-01-30 09:38:08.666899,Grounding system fault detected,Active,BE6,
2025-01-30 09:41:06.418635,PV solder bond failure detected,Active,BE11,
2025-01-30 10:45:40.083383,PV interconnect fault detected,Cleared,BE5,
2025-01-30 10:55:38.664062,Encapsulant fault detected,Cleared,BE16,
2025-01-30 10:56:20.977533,PV cell breakage detected,Cleared,BE10,
2025-01-30 10:59:59.810589,PV solder bond failure detected,Cleared,BE11,
2025-01-30 11:17:53.537352,PV shading detected,Cleared,BE9,
2025-01-30 11:19:02.475527,Encapsulant fault detected,Cleared,BE16,
2025-01-30 11:25:27.323898,PV shading detected,Cleared,BE9,
2025-01-30 11:58:10.219440,PV interconnect fault detected,Cleared,BE5,
2025-01-30 12:16:20.645722,Rack structure fault detected,Cleared,BE15,
2025-01-30 13:01:18.743784,PV solder bond failure detected,Cleared,BE11,
2025-01-30 13:21:56.107743,Grounding system fault detected,Active,BE6,
2025-01-30 14:14:23.788914,Grounding system fault detected,Cleared,BE6,
2025-01-30 16:01:25.068567,PV cell breakage detected,Cleared,BE10,
2025-01-30 16:05:10.316073,PV solder bond failure detected,Active,BE11,
2025-01-30 16:31:45.550862,Rack structure fault detected,Cleared,BE15,
2025-01-30 16:59:58.663568,PV shading detected,Active,BE9,
2025-01-30 17:13:11.434273,PV shading detected,Active,BE9,
2025-01-30 17:32:21.243162,PV shading detected,Cleared,BE9,
2025-01-30 17:46:08.162066,PV cell breakage detected,Active,BE10,
2025-01-30 18:02:47.482417,PV solder bond failure detected,Active,BE11,
2025-01-30 19:00:27.835513,Encapsulant fault detected,Active,BE16,
2025-01-30 19:46:54.910984,PV hot spot detected,Cleared,BE12,
2025-01-30 20:38:19.044893,PV shading detected,Active,BE9,
2025-01-30 21:30:42.617530,PV cell breakage detected,Cleared,BE10,
2025-01-30 23:15:08.547760,PV interconnect fault detected,Cleared,BE5,
2025-01-30 23:36:47.753075,PV cell breakage detected,Cleared,BE10,
2025-01-30 23:50:33.385655,PV solder bond failure detected,Active,BE11,
2025-01-31 00:59:58.663568,PV shading detected,Cleared,BE9,
2025-01-31 01:11:43.814788,Encapsulant fault detected,Active,BE16,
2025-01-31 01:13:11.434273,PV shading detected,Cleared,BE9,
2025-01-31 01:38:12.099850,Rack structure fault detected,Active,BE15,
2025-01-31 02:12:03.801279,Rack structure fault detected,Cleared,BE15,
2025-01-31 02:50:08.002470,PV solder bond failure detected,Active,BE11,
2025-01-31 03:44:19.301319,PV cell breakage detected,Cleared,BE10,
2025-01-31 03:45:09.106122,Encapsulant fault detected,Active,BE16,
2025-01-31 04:38:19.044893,PV shading detected,Cleared,BE9,
2025-01-31 06:30:49.485477,Encapsulant fault detected,Active,BE16,
2025-01-31 07:52:47.469068,PV cell breakage detected,Cleared,BE10,
2025-01-31 08:21:43.713254,PV cell breakage detected,Cleared,BE10,
2025-01-31 09:08:41.254506,Short/open circuit fault detected,Active,BE14,
2025-01-31 09:38:08.666899,Grounding system fault detected,Cleared,BE6,
2025-01-31 10:48:15.459608,PV cell breakage detected,Active,BE10,
2025-01-31 12:32:29.868142,PV solder bond failure detected,Cleared,BE11,
2025-01-31 12:52:10.509144,PV shading detected,Active,BE9,
2025-01-31 12:56:27.824806,PV cell breakage detected,Active,BE10,
2025-01-31 13:21:56.107743,Grounding system fault detected,Cleared,BE6,
2025-01-31 14:30:05.509210,PV solder bond failure detected,Active,BE11,
2025-01-31 14:32:43.279399,PV shading detected,Active,BE9,
2025-01-31 14:54:03.398915,PV glass breakage detected,Active,BE7,
2025-01-31 15:47:28.794380,Encapsulant fault detected,Cleared,BE16,
2025-01-31 16:20:11.128491,PV solder bond failure detected,Cleared,BE11,
2025-01-31 19:12:28.065969,PV solder bond failure detected,Cleared,BE11,
2025-01-31 19:33:18.776304,PV solder bond failure detected,Cleared,BE11,
2025-01-31 19:55:11.150294,PV solder bond failure detected,Cleared,BE11,
2025-01-31 20:04:59.655629,PV hot spot detected,Active,BE12,
2025-01-31 20:52:10.509144,PV shading detected,Cleared,BE9,
2025-01-31 21:08:41.254506,Short/open circuit fault detected,Cleared,BE14,
2025-01-31 21:26:55.475566,PV cell breakage detected,Cleared,BE10,
2025-01-31 22:32:43.279399,PV shading detected,Cleared,BE9,
2025-01-31 22:32:49.002605,PV cell breakage detected,Active,BE10,
2025-01-31 22:49:48.147810,Rack structure fault detected,Cleared,BE15,
2025-01-31 23:15:15.394887,PV shading detected,Active,BE9,
2025-02-01 02:00:28.843999,PV shading detected,Active,BE9,
2025-02-01 02:03:34.282247,PV solder bond failure detected,Active,BE11,
2025-02-01 02:08:47.723419,PV shading detected,Active,BE9,
2025-02-01 02:16:49.074863,PV cell breakage detected,Cleared,BE10,
2025-02-01 03:11:54.503700,Rack structure fault detected,Active,BE15,
2025-02-01 03:29:11.462425,Encapsulant fault detected,Active,BE16,
2025-02-01 03:50:22.860792,PV solder bond failure detected,Cleared,BE11,
2025-02-01 04:16:46.619537,PV cell breakage detected,Active,BE10,
2025-02-01 05:16:59.408222,PV shading detected,Active,BE9,
2025-02-01 05:45:03.005115,PV interconnect fault detected,Active,BE5,
2025-02-01 06:25:22.678079,PV solder bond failure detected,Active,BE11,
2025-02-01 07:15:15.394887,PV shading detected,Cleared,BE9,
2025-02-01 07:32:05.157738,PV interconnect fault detected,Active,BE5,
2025-02-01 07:57:27.943551,PV solder bond failure detected,Cleared,BE11,
2025-02-01 09:18:48.345453,Rack structure fault detected,Active,BE15,
2025-02-01 09:19:42.381942,PV solder bond failure detected,Active,BE11,
2025-02-01 09:41:06.418635,PV solder bond failure detected,Cleared,BE11,
2025-02-01 10:00:28.843999,PV shading detected,Cleared,BE9,
2025-02-01 10:08:47.723419,PV shading detected,Cleared,BE9,
2025-02-01 12:21:23.937406,PV solder bond failure detected,Active,BE11,
2025-02-01 13:16:59.408222,PV shading detected,Cleared,BE9,
2025-02-01 14:54:03.398915,PV glass breakage detected,Cleared,BE7,
2025-02-01 16:05:10.316073,PV solder bond failure detected,Cleared,BE11,
2025-02-01 16:10:10.065184,PV interconnect fault detected,Active,BE5,
2025-02-01 17:46:08.162066,PV cell breakage detected,Cleared,BE10,
2025-02-01 18:02:47.482417,PV solder bond failure detected,Cleared,BE11,
2025-02-01 19:00:27.835513,Encapsulant fault detected,Cleared,BE16,
2025-02-01 20:04:59.655629,PV hot spot detected,Cleared,BE12,
2025-02-01 21:32:51.118145,Encapsulant fault detected,Active,BE16,
2025-02-01 23:18:25.758026,PV cell breakage detected,Active,BE10,
2025-02-01 23:22:29.949939,PV solder bond failure detected,Active,BE11,
2025-02-01 23:50:33.385655,PV solder bond failure detected,Cleared,BE11,
2025-02-02 01:11:43.814788,Encapsulant fault detected,Cleared,BE16,
2025-02-02 01:15:25.929157,Rack structure fault detected,Active,BE15,
2025-02-02 01:29:11.999901,PV cell breakage detected,Active,BE10,
2025-02-02 01:38:12.099850,Rack structure fault detected,Cleared,BE15,
2025-02-02 02:02:59.745648,PV solder bond failure detected,Active,BE11,
2025-02-02 02:50:08.002470,PV solder bond failure detected,Cleared,BE11,
2025-02-02 03:37:37.731876,PV solder bond failure detected,Active,BE11,
2025-02-02 03:45:09.106122,Encapsulant fault detected,Cleared,BE16,
2025-02-02 04:13:20.074729,PV solder bond failure detected,Active,BE11,
2025-02-02 05:45:03.005115,PV interconnect fault detected,Cleared,BE5,
2025-02-02 05:53:44.098224,PV soiling detected,Active,BE8,
2025-02-02 06:24:13.320422,Rack structure fault detected,Active,BE15,
2025-02-02 06:30:49.485477,Encapsulant fault detected,Cleared,BE16,
2025-02-02 07:15:56.491380,Rack structure fault detected,Active,BE15,
2025-02-02 07:32:05.157738,PV interconnect fault detected,Cleared,BE5,
2025-02-02 08:26:59.777112,PV solder bond failure detected,Active,BE11,
2025-02-02 10:48:15.459608,PV cell breakage detected,Cleared,BE10,
2025-02-02 11:38:41.018754,PV cell breakage detected,Active,BE10,
2025-02-02 12:52:30.687074,PV solder bond failure detected,Active,BE11,
2025-02-02 12:56:27.824806,PV cell breakage detected,Cleared,BE10,
2025-02-02 13:37:10.503012,PV soiling detected,Active,BE8,
2025-02-02 13:53:44.098224,PV soiling detected,Cleared,BE8,
2025-02-02 14:30:05.509210,PV solder bond failure detected,Cleared,BE11,
2025-02-02 16:10:10.065184,PV interconnect fault detected,Cleared,BE5,
2025-02-02 16:58:32.560414,PV interconnect fault detected,Active,BE5,
2025-02-02 20:02:17.168281,PV cell breakage detected,Active,BE10,
2025-02-02 21:37:10.503012,PV soiling detected,Cleared,BE8,
2025-02-02 22:32:49.002605,PV cell breakage detected,Cleared,BE10,
2025-02-02 23:10:37.138715,PV cell breakage detected,Active,BE10,
2025-02-02 23:36:23.477350,PV shading detected,Active,BE9,
2025-02-02 23:51:10.269913,Rack structure fault detected,Active,BE15,
2025-02-02 23:59:17.981602,Rack structure fault detected,Active,BE15,
2025-02-03 00:19:53.429955,Encapsulant fault detected,Active,BE16,
2025-02-03 00:29:39.395872,PV cell breakage detected,Active,BE10,
2025-02-03 01:14:15.041715,PV solder bond failure detected,Active,BE11,
2025-02-03 02:03:34.282247,PV solder bond failure detected,Cleared,BE11,
2025-02-03 02:55:08.723614,PV solder bond failure detected,Active,BE11,
2025-02-03 03:11:54.503700,Rack structure fault detected,Cleared,BE15,
2025-02-03 03:29:11.462425,Encapsulant fault detected,Cleared,BE16,
2025-02-03 03:29:40.207764,Diode fault detected,Active,BE13,
2025-02-03 04:16:46.619537,PV cell breakage detected,Cleared,BE10,
2025-02-03 06:08:40.621880,PV solder bond failure detected,Active,BE11,
2025-02-03 06:25:22.678079,PV solder bond failure detected,Cleared,BE11,
2025-02-03 07:12:25.549796,Rack structure fault detected,Active,BE15,
2025-02-03 07:36:23.477350,PV shading detected,Cleared,BE9,
2025-02-03 08:56:00.826301,PV interconnect fault detected,Active,BE5,
2025-02-03 09:18:48.345453,Rack structure fault detected,Cleared,BE15,
2025-02-03 09:19:42.381942,PV solder bond failure detected,Cleared,BE11,
2025-02-03 09:57:06.619090,PV cell breakage detected,Active,BE10,
2025-02-03 12:21:23.937406,PV solder bond failure detected,Cleared,BE11,
2025-02-03 12:41:16.489637,Rack structure fault detected,Active,BE15,
2025-02-03 13:53:05.513251,Grounding system fault detected,Active,BE6,
2025-02-03 16:58:32.560414,PV interconnect fault detected,Cleared,BE5,
2025-02-03 17:15:24.329472,PV solder bond failure detected,Active,BE11,
2025-02-03 17:58:59.742903,PV shading detected,Active,BE9,
2025-02-03 19:15:47.500885,Grounding system fault detected,Active,BE6,
2025-02-03 21:32:51.118145,Encapsulant fault detected,Cleared,BE16,
2025-02-03 21:59:05.879302,PV cell breakage detected,Active,BE10,
2025-02-03 23:02:52.503974,PV interconnect fault detected,Active,BE5,
2025-02-03 23:18:25.758026,PV cell breakage detected,Cleared,BE10,
2025-02-03 23:22:29.949939,PV solder bond failure detected,Cleared,BE11,
2025-02-04 01:15:25.929157,Rack structure fault detected,Cleared,BE15,
2025-02-04 01:23:10.809225,PV cell breakage detected,Active,BE10,
2025-02-04 01:29:11.999901,PV cell breakage detected,Cleared,BE10,
2025-02-04 01:58:59.742903,PV shading detected,Cleared,BE9,
2025-02-04 02:02:59.745648,PV solder bond failure detected,Cleared,BE11,
2025-02-04 03:29:40.207764,Diode fault detected,Cleared,BE13,
2025-02-04 03:37:37.731876,PV solder bond failure detected,Cleared,BE11,
2025-02-04 04:13:20.074729,PV solder bond failure detected,Cleared,BE11,
2025-02-04 04:54:13.677555,Rack structure fault detected,Active,BE15,
2025-02-04 04:55:31.632577,PV solder bond failure detected,Active,BE11,
2025-02-04 06:24:13.320422,Rack structure fault detected,Cleared,BE15,
2025-02-04 07:15:56.491380,Rack structure fault detected,Cleared,BE15,
2025-02-04 08:11:25.519136,PV solder bond failure detected,Active,BE11,
2025-02-04 08:26:59.777112,PV solder bond failure detected,Cleared,BE11,
2025-02-04 08:56:00.826301,PV interconnect fault detected,Cleared,BE5,
2025-02-04 10:40:13.211249,PV cell breakage detected,Active,BE10,
2025-02-04 11:38:41.018754,PV cell breakage detected,Cleared,BE10,
2025-02-04 12:19:24.032847,PV solder bond failure detected,Active,BE11,
2025-02-04 12:52:30.687074,PV solder bond failure detected,Cleared,BE11,
2025-02-04 13:22:39.208494,PV interconnect fault detected,Active,BE5,
2025-02-04 13:53:05.513251,Grounding system fault detected,Cleared,BE6,
2025-02-04 14:45:12.980074,PV solder bond failure detected,Active,BE11,
2025-02-04 15:10:45.279357,PV cell breakage detected,Active,BE10,
2025-02-04 18:38:36.329443,PV interconnect fault detected,Active,BE5,
2025-02-04 19:15:47.500885,Grounding system fault detected,Cleared,BE6,
2025-02-04 20:02:17.168281,PV cell breakage detected,Cleared,BE10,
2025-02-04 22:45:06.205370,PV interconnect fault detected,Active,BE5,
2025-02-04 23:02:52.503974,PV interconnect fault detected,Cleared,BE5,
2025-02-04 23:10:37.138715,PV cell breakage detected,Cleared,BE10,
2025-02-04 23:51:10.269913,Rack structure fault detected,Cleared,BE15,
2025-02-04 23:59:17.981602,Rack structure fault detected,Cleared,BE15,
2025-02-05 00:19:53.429955,Encapsulant fault detected,Cleared,BE16,
2025-02-05 00:29:39.395872,PV cell breakage detected,Cleared,BE10,
2025-02-05 00:50:30.652524,Rack structure fault detected,Active,BE15,
2025-02-05 00:58:05.273701,Encapsulant fault detected,Active,BE16,
2025-02-05 01:14:15.041715,PV solder bond failure detected,Cleared,BE11,
2025-02-05 02:22:51.548550,PV cell breakage detected,Active,BE10,
2025-02-05 02:55:08.723614,PV solder bond failure detected,Cleared,BE11,
2025-02-05 04:22:24.528393,PV cell breakage detected,Active,BE10,
2025-02-05 05:48:53.941370,Rack structure fault detected,Active,BE15,
2025-02-05 06:08:40.621880,PV solder bond failure detected,Cleared,BE11,
2025-02-05 06:26:30.324502,PV shading detected,Active,BE9,
2025-02-05 07:12:25.549796,Rack structure fault detected,Cleared,BE15,
2025-02-05 08:53:13.327696,PV solder bond failure detected,Active,BE11,
2025-02-05 09:44:10.867558,PV solder bond failure detected,Active,BE11,
2025-02-05 09:57:06.619090,PV cell breakage detected,Cleared,BE10,
2025-02-05 12:41:16.489637,Rack structure fault detected,Cleared,BE15,
2025-02-05 13:22:39.208494,PV interconnect fault detected,Cleared,BE5,
2025-02-05 14:02:44.463670,PV shading detected,Active,BE9,
2025-02-05 14:26:30.324502,PV shading detected,Cleared,BE9,
2025-02-05 15:21:59.632251,PV shading detected,Active,BE9,
2025-02-05 16:50:03.691369,PV soiling detected,Active,BE8,
2025-02-05 17:15:24.329472,PV solder bond failure detected,Cleared,BE11,
2025-02-05 18:20:32.780147,PV interconnect fault detected,Active,BE5,
2025-02-05 18:38:36.329443,PV interconnect fault detected,Cleared,BE5,
2025-02-05 21:37:28.622560,Encapsulant fault detected,Active,BE16,
2025-02-05 21:59:05.879302,PV cell breakage detected,Cleared,BE10,
2025-02-05 22:02:44.463670,PV shading detected,Cleared,BE9,
2025-02-05 22:45:06.205370,PV interconnect fault detected,Cleared,BE5,
2025-02-05 23:21:59.632251,PV shading detected,Cleared,BE9,
2025-02-06 00:11:13.972546,PV cell breakage detected,Active,BE10,
2025-02-06 00:23:20.774492,PV shading detected,Active,BE9,
2025-02-06 00:35:49.268579,Encapsulant fault detected,Active,BE16,
2025-02-06 00:50:03.691369,PV soiling detected,Cleared,BE8,
2025-02-06 01:23:10.809225,PV cell breakage detected,Cleared,BE10,
2025-02-06 03:13:34.372311,PV cell breakage detected,Active,BE10,
2025-02-06 03:59:23.846556,PV solder bond failure detected,Active,BE11,
2025-02-06 04:42:50.055735,Rack structure fault detected,Active,BE15,
2025-02-06 04:54:13.677555,Rack structure fault detected,Cleared,BE15,
2025-02-06 04:55:31.632577,PV solder bond failure detected,Cleared,BE11,
2025-02-06 05:29:28.861950,Encapsulant fault detected,Active,BE16,
2025-02-06 05:37:50.635444,Grounding system fault detected,Active,BE6,
2025-02-06 07:16:24.632127,PV shading detected,Active,BE9,
2025-02-06 07:20:18.841681,PV cell breakage detected,Active,BE10,
2025-02-06 07:52:31.141611,PV cell breakage detected,Active,BE10,
2025-02-06 08:11:25.519136,PV solder bond failure detected,Cleared,BE11,
2025-02-06 08:23:20.774492,PV shading detected,Cleared,BE9,
2025-02-06 08:56:08.574390,PV cell breakage detected,Active,BE10,
2025-02-06 09:29:16.334523,Rack structure fault detected,Active,BE15,
2025-02-06 10:40:13.211249,PV cell breakage detected,Cleared,BE10,
2025-02-06 11:44:03.644283,PV solder bond failure detected,Active,BE11,
2025-02-06 12:19:24.032847,PV solder bond failure detected,Cleared,BE11,
2025-02-06 13:58:47.597129,PV interconnect fault detected,Active,BE5,
2025-02-06 14:45:12.980074,PV solder bond failure detected,Cleared,BE11,
2025-02-06 15:10:45.279357,PV cell breakage detected,Cleared,BE10,
2025-02-06 15:16:24.632127,PV shading detected,Cleared,BE9,
2025-02-06 15:26:29.079473,PV cell breakage detected,Active,BE10,
2025-02-06 16:04:01.304356,Short/open circuit fault detected,Active,BE14,
2025-02-06 16:50:03.721683,PV solder bond failure detected,Active,BE11,
2025-02-06 17:03:27.591067,PV solder bond failure detected,Active,BE11,
2025-02-06 17:35:50.401845,Rack structure fault detected,Active,BE15,
2025-02-06 18:14:03.846128,PV cell breakage detected,Active,BE10,
2025-02-06 18:20:32.780147,PV interconnect fault detected,Cleared,BE5,
2025-02-06 21:23:54.865812,PV solder bond failure detected,Active,BE11,
2025-02-06 23:32:39.490977,MCB 1 fault detected,Active,BE3,
2025-02-07 00:50:30.652524,Rack structure fault detected,Cleared,BE15,
2025-02-07 00:55:16.531250,PV solder bond failure detected,Active,BE11,
2025-02-07 00:58:05.273701,Encapsulant fault detected,Cleared,BE16,
2025-02-07 02:06:12.748243,PV solder bond failure detected,Active,BE11,
2025-02-07 02:22:51.548550,PV cell breakage detected,Cleared,BE10,
2025-02-07 03:02:06.288793,Grounding system fault detected,Active,BE6,
2025-02-07 04:04:01.304356,Short/open circuit fault detected,Cleared,BE14,
2025-02-07 04:22:24.528393,PV cell breakage detected,Cleared,BE10,
2025-02-07 04:24:43.350248,PV shading detected,Active,BE9,
2025-02-07 05:35:06.490452,PV shading detected,Active,BE9,
2025-02-07 05:37:50.635444,Grounding system fault detected,Cleared,BE6,
2025-02-07 05:48:53.941370,Rack structure fault detected,Cleared,BE15,
2025-02-07 08:53:13.327696,PV solder bond failure detected,Cleared,BE11,
2025-02-07 09:17:16.219259,PV solder bond failure detected,Active,BE11,
2025-02-07 09:32:39.490977,MCB 1 fault detected,Cleared,BE3,
2025-02-07 09:44:10.867558,PV solder bond failure detected,Cleared,BE11,
2025-02-07 10:25:12.978217,PV cell breakage detected,Active,BE10,
2025-02-07 10:33:10.903423,PV cell breakage detected,Active,BE10,
2025-02-07 11:24:26.517925,Rack structure fault detected,Active,BE15,
2025-02-07 12:24:43.350248,PV shading detected,Cleared,BE9,
2025-02-07 13:11:51.561455,PV shading detected,Active,BE9,
2025-02-07 13:35:06.490452,PV shading detected,Cleared,BE9,
2025-02-07 13:49:57.811911,PV interconnect fault detected,Active,BE5,
2025-02-07 13:53:02.786775,Encapsulant fault detected,Active,BE16,
2025-02-07 13:58:47.597129,PV interconnect fault detected,Cleared,BE5,
2025-02-07 14:49:38.099480,PV cell breakage detected,Active,BE10,
2025-02-07 15:02:42.405334,PV shading detected,Active,BE9,
2025-02-07 15:04:10.006497,PV soiling detected,Active,BE8,
2025-02-07 18:00:15.060505,Encapsulant fault detected,Active,BE16,
2025-02-07 18:31:04.250160,PV cell breakage detected,Active,BE10,
2025-02-07 18:41:34.390662,PV cell breakage detected,Active,BE10,
2025-02-07 18:48:38.098456,MCB 2 fault detected,Active,BE4,
2025-02-07 19:19:30.000264,Encapsulant fault detected,Active,BE16,
2025-02-07 19:30:21.784221,PV shading detected,Active,BE9,
2025-02-07 19:40:57.482588,MCB 2 fault detected,Active,BE4,
2025-02-07 19:53:02.420832,PV cell breakage detected,Active,BE10,
2025-02-07 21:11:51.561455,PV shading detected,Cleared,BE9,
2025-02-07 21:37:28.622560,Encapsulant fault detected,Cleared,BE16,
2025-02-07 22:08:00.574555,Grounding system fault detected,Active,BE6,
2025-02-07 23:02:42.405334,PV shading detected,Cleared,BE9,
2025-02-07 23:04:10.006497,PV soiling detected,Cleared,BE8,
2025-02-08 00:11:13.972546,PV cell breakage detected,Cleared,BE10,
2025-02-08 00:35:49.268579,Encapsulant fault detected,Cleared,BE16,
2025-02-08 00:40:18.055448,PV cell breakage detected,Active,BE10,
2025-02-08 03:02:06.288793,Grounding system fault detected,Cleared,BE6,
2025-02-08 03:13:34.372311,PV cell breakage detected,Cleared,BE10,
2025-02-08 03:30:21.784221,PV shading detected,Cleared,BE9,
2025-02-08 03:36:10.109308,Rack structure fault detected,Active,BE15,
2025-02-08 03:59:23.846556,PV solder bond failure detected,Cleared,BE11,
2025-02-08 04:42:50.055735,Rack structure fault detected,Cleared,BE15,
2025-02-08 04:48:38.098456,MCB 2 fault detected,Cleared,BE4,
2025-02-08 05:29:28.861950,Encapsulant fault detected,Cleared,BE16,
2025-02-08 05:40:57.482588,MCB 2 fault detected,Cleared,BE4,
2025-02-08 06:45:40.189881,PV cell breakage detected,Active,BE10,
2025-02-08 07:20:18.841681,PV cell breakage detected,Cleared,BE10,
2025-02-08 07:52:31.141611,PV cell breakage detected,Cleared,BE10,
2025-02-08 08:56:08.574390,PV cell breakage detected,Cleared,BE10,
2025-02-08 09:07:56.409278,PV solder bond failure detected,Active,BE11,
2025-02-08 09:29:16.334523,Rack structure fault detected,Cleared,BE15,
2025-02-08 10:41:55.597413,PV shading detected,Active,BE9,
2025-02-08 11:24:24.882075,PV cell breakage detected,Active,BE10,
2025-02-08 11:44:03.644283,PV solder bond failure detected,Cleared,BE11,
2025-02-08 12:48:14.172705,Grounding system fault detected,Active,BE6,
2025-02-08 12:58:35.490555,MCB 1 fault detected,Active,BE3,
2025-02-08 13:49:57.811911,PV interconnect fault detected,Cleared,BE5,
2025-02-08 14:41:12.933376,PV solder bond failure detected,Active,BE11,
2025-02-08 15:26:29.079473,PV cell breakage detected,Cleared,BE10,
2025-02-08 16:38:24.728344,Encapsulant fault detected,Active,BE16,
2025-02-08 16:50:03.721683,PV solder bond failure detected,Cleared,BE11,
2025-02-08 17:03:27.591067,PV solder bond failure detected,Cleared,BE11,
2025-02-08 17:35:50.401845,Rack structure fault detected,Cleared,BE15,
2025-02-08 18:02:35.068957,PV shading detected,Active,BE9,
2025-02-08 18:09:20.419664,Grounding system fault detected,Active,BE6,
2025-02-08 18:11:46.771717,PV cell breakage detected,Active,BE10,
2025-02-08 18:14:03.846128,PV cell breakage detected,Cleared,BE10,
2025-02-08 18:41:55.597413,PV shading detected,Cleared,BE9,
2025-02-08 18:43:44.023053,PV interconnect fault detected,Active,BE5,
2025-02-08 21:23:54.865812,PV solder bond failure detected,Cleared,BE11,
2025-02-08 22:07:10.068073,Grounding system fault detected,Active,BE6,
2025-02-08 22:08:00.574555,Grounding system fault detected,Cleared,BE6,
2025-02-08 22:58:35.490555,MCB 1 fault detected,Cleared,BE3,
2025-02-08 23:07:21.748410,PV solder bond failure detected,Active,BE11,
2025-02-08 23:24:00.673810,PV shading detected,Active,BE9,
2025-02-08 23:35:58.367358,PV solder bond failure detected,Active,BE11,
2025-02-09 00:55:16.531250,PV solder bond failure detected,Cleared,BE11,
2025-02-09 01:40:33.892918,Encapsulant fault detected,Active,BE16,
2025-02-09 02:02:35.068957,PV shading detected,Cleared,BE9,
2025-02-09 02:06:12.748243,PV solder bond failure detected,Cleared,BE11,
2025-02-09 02:18:20.459579,PV cell breakage detected,Active,BE10,
2025-02-09 02:23:42.470392,PV cell breakage detected,Active,BE10,
2025-02-09 03:11:36.075688,PV interconnect fault detected,Active,BE5,
2025-02-09 03:12:10.183074,Grounding system fault detected,Active,BE6,
2025-02-09 03:14:08.926617,PV solder bond failure detected,Active,BE11,
2025-02-09 04:04:03.773754,PV solder bond failure detected,Active,BE11,
2025-02-09 05:06:03.191362,PV shading detected,Active,BE9,
2025-02-09 07:24:00.673810,PV shading detected,Cleared,BE9,
2025-02-09 07:24:49.376315,Grounding system fault detected,Active,BE6,
2025-02-09 07:59:23.055252,PV cell breakage detected,Active,BE10,
2025-02-09 09:17:16.219259,PV solder bond failure detected,Cleared,BE11,
2025-02-09 10:25:12.978217,PV cell breakage detected,Cleared,BE10,
2025-02-09 10:26:54.126182,PV solder bond failure detected,Active,BE11,
2025-02-09 10:33:10.903423,PV cell breakage detected,Cleared,BE10,
2025-02-09 11:24:26.517925,Rack structure fault detected,Cleared,BE15,
2025-02-09 11:25:20.942818,PV interconnect fault detected,Active,BE5,
2025-02-09 12:05:28.916127,PV shading detected,Active,BE9,
2025-02-09 12:48:14.172705,Grounding system fault detected,Cleared,BE6,
2025-02-09 13:06:03.191362,PV shading detected,Cleared,BE9,
2025-02-09 13:53:02.786775,Encapsulant fault detected,Cleared,BE16,
2025-02-09 14:49:38.099480,PV cell breakage detected,Cleared,BE10,
2025-02-09 18:00:15.060505,Encapsulant fault detected,Cleared,BE16,
2025-02-09 18:09:20.419664,Grounding system fault detected,Cleared,BE6,
2025-02-09 18:31:04.250160,PV cell breakage detected,Cleared,BE10,
2025-02-09 18:41:34.390662,PV cell breakage detected,Cleared,BE10,
2025-02-09 18:43:44.023053,PV interconnect fault detected,Cleared,BE5,
2025-02-09 19:19:30.000264,Encapsulant fault detected,Cleared,BE16,
2025-02-09 19:53:02.420832,PV cell breakage detected,Cleared,BE10,
2025-02-09 20:05:28.916127,PV shading detected,Cleared,BE9,
2025-02-09 22:07:10.068073,Grounding system fault detected,Cleared,BE6,
2025-02-10 00:40:18.055448,PV cell breakage detected,Cleared,BE10,
2025-02-10 03:11:36.075688,PV interconnect fault detected,Cleared,BE5,
2025-02-10 03:12:10.183074,Grounding system fault detected,Cleared,BE6,
2025-02-10 03:36:10.109308,Rack structure fault detected,Cleared,BE15,
2025-02-10 05:12:01.462626,PV solder bond failure detected,Active,BE11,
2025-02-10 05:33:34.133477,PV shading detected,Active,BE9,
2025-02-10 06:20:46.471852,PV interconnect fault detected,Active,BE5,
2025-02-10 06:45:40.189881,PV cell breakage detected,Cleared,BE10,
2025-02-10 07:24:49.376315,Grounding system fault detected,Cleared,BE6,
2025-02-10 09:07:56.409278,PV solder bond failure detected,Cleared,BE11,
2025-02-10 11:01:12.804546,PV soiling detected,Active,BE8,
2025-02-10 11:24:24.882075,PV cell breakage detected,Cleared,BE10,
2025-02-10 11:25:20.942818,PV interconnect fault detected,Cleared,BE5,
2025-02-10 12:29:26.164792,PV solder bond failure detected,Active,BE11,
2025-02-10 13:01:40.836389,PV solder bond failure detected,Active,BE11,
2025-02-10 13:33:34.133477,PV shading detected,Cleared,BE9,
2025-02-10 13:40:46.642657,PV cell breakage detected,Active,BE10,
2025-02-10 14:16:32.778912,Grounding system fault detected,Active,BE6,
2025-02-10 14:41:12.933376,PV solder bond failure detected,Cleared,BE11,
2025-02-10 15:34:09.585498,Rack structure fault detected,Active,BE15,
2025-02-10 15:58:24.436281,PV solder bond failure detected,Active,BE11,
2025-02-10 16:38:24.728344,Encapsulant fault detected,Cleared,BE16,
2025-02-10 18:11:46.771717,PV cell breakage detected,Cleared,BE10,
2025-02-10 18:45:15.368656,PV interconnect fault detected,Active,BE5,
2025-02-10 19:01:12.804546,PV soiling detected,Cleared,BE8,
2025-02-10 19:04:07.118555,Rack structure fault detected,Active,BE15,
2025-02-10 20:14:39.274385,PV cell breakage detected,Active,BE10,
2025-02-10 21:21:11.878497,PV solder bond failure detected,Active,BE11,
2025-02-10 21:59:45.225119,Encapsulant fault detected,Active,BE16,
2025-02-10 23:04:16.295399,Grounding system fault detected,Active,BE6,
2025-02-10 23:07:21.748410,PV solder bond failure detected,Cleared,BE11,
2025-02-10 23:35:58.367358,PV solder bond failure detected,Cleared,BE11,
2025-02-11 00:17:13.822542,Grounding system fault detected,Active,BE6,
2025-02-11 00:49:28.653311,PV solder bond failure detected,Active,BE11,
2025-02-11 01:10:10.011756,PV soiling detected,Active,BE8,
2025-02-11 01:40:33.892918,Encapsulant fault detected,Cleared,BE16,
2025-02-11 02:18:20.459579,PV cell breakage detected,Cleared,BE10,
2025-02-11 02:23:42.470392,PV cell breakage detected,Cleared,BE10,
2025-02-11 03:14:08.926617,PV solder bond failure detected,Cleared,BE11,
2025-02-11 04:04:03.773754,PV solder bond failure detected,Cleared,BE11,
2025-02-11 06:20:46.471852,PV interconnect fault detected,Cleared,BE5,
2025-02-11 06:23:41.153915,PV cell breakage detected,Active,BE10,
2025-02-11 06:51:34.481872,PV shading detected,Active,BE9,
2025-02-11 07:59:23.055252,PV cell breakage detected,Cleared,BE10,
2025-02-11 09:03:48.162210,PV interconnect fault detected,Active,BE5,
2025-02-11 09:10:10.011756,PV soiling detected,Cleared,BE8,
2025-02-11 09:44:49.018372,PV cell breakage detected,Active,BE10,
2025-02-11 09:57:39.483924,Rack structure fault detected,Active,BE15,
2025-02-11 10:26:54.126182,PV solder bond failure detected,Cleared,BE11,
2025-02-11 12:53:11.995462,PV solder bond failure detected,Active,BE11,
2025-02-11 13:02:31.754290,MCB 2 fault detected,Active,BE4,
2025-02-11 14:16:32.778912,Grounding system fault detected,Cleared,BE6,
2025-02-11 14:51:34.481872,PV shading detected,Cleared,BE9,
2025-02-11 16:25:35.824997,Encapsulant fault detected,Active,BE16,
2025-02-11 18:05:21.374511,Encapsulant fault detected,Active,BE16,
2025-02-11 18:45:15.368656,PV interconnect fault detected,Cleared,BE5,
2025-02-11 22:51:58.409973,Rack structure fault detected,Active,BE15,
2025-02-11 23:02:31.754290,MCB 2 fault detected,Cleared,BE4,
2025-02-11 23:04:16.295399,Grounding system fault detected,Cleared,BE6,
2025-02-11 23:05:05.661156,PV cell breakage detected,Active,BE10,
2025-02-12 00:13:20.614489,PV solder bond failure detected,Active,BE11,
2025-02-12 00:17:13.822542,Grounding system fault detected,Cleared,BE6,
2025-02-12 03:50:28.990931,PV interconnect fault detected,Active,BE5,
2025-02-12 05:12:01.462626,PV solder bond failure detected,Cleared,BE11,
2025-02-12 06:35:10.717168,PV solder bond failure detected,Active,BE11,
2025-02-12 09:03:48.162210,PV interconnect fault detected,Cleared,BE5,
2025-02-12 09:43:49.760670,PV solder bond failure detected,Active,BE11,
2025-02-12 11:42:47.364002,PV solder bond failure detected,Active,BE11,
2025-02-12 12:22:49.822011,PV cell breakage detected,Active,BE10,
2025-02-12 12:27:56.658879,PV solder bond failure detected,Active,BE11,
2025-02-12 12:29:26.164792,PV solder bond failure detected,Cleared,BE11,
2025-02-12 13:01:40.836389,PV solder bond failure detected,Cleared,BE11,
2025-02-12 13:40:46.642657,PV cell breakage detected,Cleared,BE10,
2025-02-12 15:24:48.944287,PV solder bond failure detected,Active,BE11,
2025-02-12 15:34:09.585498,Rack structure fault detected,Cleared,BE15,
2025-02-12 15:58:24.436281,PV solder bond failure detected,Cleared,BE11,
2025-02-12 18:11:02.766269,PV shading detected,Active,BE9,
2025-02-12 18:59:14.777476,PV cell breakage detected,Active,BE10,
2025-02-12 18:59:53.368199,PV solder bond failure detected,Active,BE11,
2025-02-12 19:04:07.118555,Rack structure fault detected,Cleared,BE15,
2025-02-12 20:14:39.274385,PV cell breakage detected,Cleared,BE10,
2025-02-12 21:21:11.878497,PV solder bond failure detected,Cleared,BE11,
2025-02-12 21:59:45.225119,Encapsulant fault detected,Cleared,BE16,
2025-02-13 00:49:28.653311,PV solder bond failure detected,Cleared,BE11,
2025-02-13 02:11:02.766269,PV shading detected,Cleared,BE9,
2025-02-13 02:34:24.890634,PV solder bond failure detected,Active,BE11,
2025-02-13 03:50:28.990931,PV interconnect fault detected,Cleared,BE5,
2025-02-13 05:55:57.649499,PV interconnect fault detected,Active,BE5,
2025-02-13 06:23:41.153915,PV cell breakage detected,Cleared,BE10,
2025-02-13 08:41:49.174513,Rack structure fault detected,Active,BE15,
2025-02-13 09:44:49.018372,PV cell breakage detected,Cleared,BE10,
2025-02-13 09:47:31.999613,PV solder bond failure detected,Active,BE11,
2025-02-13 09:57:39.483924,Rack structure fault detected,Cleared,BE15,
2025-02-13 10:16:51.738171,PV solder bond failure detected,Active,BE11,
2025-02-13 10:48:30.092356,PV interconnect fault detected,Active,BE5,
2025-02-13 11:01:45.814229,Rack structure fault detected,Active,BE15,
2025-02-13 11:45:08.614787,PV shading detected,Active,BE9,
2025-02-13 12:53:11.995462,PV solder bond failure detected,Cleared,BE11,
2025-02-13 13:39:48.200311,PV solder bond failure detected,Active,BE11,
2025-02-13 15:00:45.238129,PV solder bond failure detected,Active,BE11,
2025-02-13 16:03:30.322198,PV shading detected,Active,BE9,
2025-02-13 16:09:34.614117,PV solder bond failure detected,Active,BE11,
2025-02-13 16:22:29.955706,PV interconnect fault detected,Active,BE5,
2025-02-13 16:25:35.824997,Encapsulant fault detected,Cleared,BE16,
2025-02-13 17:32:29.787161,PV interconnect fault detected,Active,BE5,
2025-02-13 18:05:21.374511,Encapsulant fault detected,Cleared,BE16,
2025-02-13 19:45:08.614787,PV shading detected,Cleared,BE9,
2025-02-13 21:54:34.450441,Encapsulant fault detected,Active,BE16,
2025-02-13 22:51:58.409973,Rack structure fault detected,Cleared,BE15,
2025-02-13 23:05:05.661156,PV cell breakage detected,Cleared,BE10,
2025-02-13 23:14:53.071103,Grounding system fault detected,Active,BE6,
2025-02-14 00:03:30.322198,PV shading detected,Cleared,BE9,
2025-02-14 00:13:20.614489,PV solder bond failure detected,Cleared,BE11,
2025-02-14 03:09:28.598681,Encapsulant fault detected,Active,BE16,
2025-02-14 03:44:50.809570,PV interconnect fault detected,Active,BE5,
2025-02-14 03:58:12.181502,PV solder bond failure detected,Active,BE11,
2025-02-14 04:10:48.431026,PV interconnect fault detected,Active,BE5,
2025-02-14 04:15:28.821829,PV solder bond failure detected,Active,BE11,
2025-02-14 04:26:34.233120,PV cell breakage detected,Active,BE10,
2025-02-14 04:45:30.599910,MCB 1 fault detected,Active,BE3,
2025-02-14 05:17:56.937708,PV shading detected,Active,BE9,
2025-02-14 05:38:45.869588,PV cell breakage detected,Active,BE10,
2025-02-14 05:47:57.748622,PV cell breakage detected,Active,BE10,
2025-02-14 05:55:57.649499,PV interconnect fault detected,Cleared,BE5,
2025-02-14 06:08:41.271380,Rack structure fault detected,Active,BE15,
2025-02-14 06:35:10.717168,PV solder bond failure detected,Cleared,BE11,
2025-02-14 07:54:42.484211,PV solder bond failure detected,Active,BE11,
2025-02-14 08:34:34.748703,MCB 2 fault detected,Active,BE4,
2025-02-14 09:09:01.149498,PV solder bond failure detected,Active,BE11,
2025-02-14 09:43:49.760670,PV solder bond failure detected,Cleared,BE11,
2025-02-14 10:22:25.493745,Encapsulant fault detected,Active,BE16,
2025-02-14 10:48:30.092356,PV interconnect fault detected,Cleared,BE5,
2025-02-14 11:35:12.556480,PV interconnect fault detected,Active,BE5,
2025-02-14 11:42:47.364002,PV solder bond failure detected,Cleared,BE11,
2025-02-14 11:50:22.062437,PV shading detected,Active,BE9,
2025-02-14 12:22:49.822011,PV cell breakage detected,Cleared,BE10,
2025-02-14 12:27:56.658879,PV solder bond failure detected,Cleared,BE11,
2025-02-14 13:17:56.937708,PV shading detected,Cleared,BE9,
2025-02-14 14:45:30.599910,MCB 1 fault detected,Cleared,BE3,
2025-02-14 15:10:46.432265,PV shading detected,Active,BE9,
2025-02-14 15:24:48.944287,PV solder bond failure detected,Cleared,BE11,
2025-02-14 16:22:29.955706,PV interconnect fault detected,Cleared,BE5,
2025-02-14 17:32:29.787161,PV interconnect fault detected,Cleared,BE5,
2025-02-14 17:40:00.366741,Rack structure fault detected,Active,BE15,
2025-02-14 18:34:34.748703,MCB 2 fault detected,Cleared,BE4,
2025-02-14 18:59:11.387207,PV cell breakage detected,Active,BE10,
2025-02-14 18:59:14.777476,PV cell breakage detected,Cleared,BE10,
2025-02-14 18:59:53.368199,PV solder bond failure detected,Cleared,BE11,
2025-02-14 19:24:06.552331,Encapsulant fault detected,Active,BE16,
2025-02-14 19:50:22.062437,PV shading detected,Cleared,BE9,
2025-02-14 20:19:27.574977,Encapsulant fault detected,Active,BE16,
2025-02-14 20:50:01.687786,PV interconnect fault detected,Active,BE5,
2025-02-14 20:57:09.974655,PV hot spot detected,Active,BE12,
2025-02-14 22:04:18.285804,Rack structure fault detected,Active,BE15,
2025-02-14 23:10:46.432265,PV shading detected,Cleared,BE9,
2025-02-14 23:14:53.071103,Grounding system fault detected,Cleared,BE6,
2025-02-14 23:22:17.592465,PV solder bond failure detected,Active,BE11,
2025-02-15 00:49:28.949927,PV interconnect fault detected,Active,BE5,
2025-02-15 02:34:24.890634,PV solder bond failure detected,Cleared,BE11,
2025-02-15 03:44:50.809570,PV interconnect fault detected,Cleared,BE5,
2025-02-15 04:10:48.431026,PV interconnect fault detected,Cleared,BE5,
2025-02-15 04:50:51.089941,PV solder bond failure detected,Active,BE11,
2025-02-15 06:37:02.131421,PV solder bond failure detected,Active,BE11,
2025-02-15 06:53:45.260680,Rack structure fault detected,Active,BE15,
2025-02-15 07:52:15.911532,PV soiling detected,Active,BE8,
2025-02-15 08:21:46.661125,Encapsulant fault detected,Active,BE16,
2025-02-15 08:41:49.174513,Rack structure fault detected,Cleared,BE15,
2025-02-15 09:44:51.626750,PV cell breakage detected,Active,BE10,
2025-02-15 09:47:31.999613,PV solder bond failure detected,Cleared,BE11,
2025-02-15 10:16:51.738171,PV solder bond failure detected,Cleared,BE11,
2025-02-15 10:40:18.967165,Encapsulant fault detected,Active,BE16,
2025-02-15 10:53:46.586326,PV cell breakage detected,Active,BE10,
2025-02-15 11:01:45.814229,Rack structure fault detected,Cleared,BE15,
2025-02-15 11:18:40.913370,PV solder bond failure detected,Active,BE11,
2025-02-15 11:23:15.866104,PV interconnect fault detected,Active,BE5,
2025-02-15 11:35:12.556480,PV interconnect fault detected,Cleared,BE5,
2025-02-15 11:45:13.953853,PV interconnect fault detected,Active,BE5,
2025-02-15 12:03:59.130155,PV shading detected,Active,BE9,
2025-02-15 12:12:13.677226,PV interconnect fault detected,Active,BE5,
2025-02-15 12:28:01.074253,Rack structure fault detected,Active,BE15,
2025-02-15 12:30:42.116749,PV shading detected,Active,BE9,
2025-02-15 13:39:48.200311,PV solder bond failure detected,Cleared,BE11,
2025-02-15 13:39:52.873606,PV cell breakage detected,Active,BE10,
2025-02-15 13:49:24.619236,PV cell breakage detected,Active,BE10,
2025-02-15 15:00:45.238129,PV solder bond failure detected,Cleared,BE11,
2025-02-15 15:52:15.911532,PV soiling detected,Cleared,BE8,
2025-02-15 15:58:20.050927,MCB 2 fault detected,Active,BE4,
2025-02-15 16:09:34.614117,PV solder bond failure detected,Cleared,BE11,
2025-02-15 16:56:13.411855,PV cell breakage detected,Active,BE10,
2025-02-15 19:10:22.775023,Grounding system fault detected,Active,BE6,
2025-02-15 19:39:43.860471,Encapsulant fault detected,Active,BE16,
2025-02-15 20:03:59.130155,PV shading detected,Cleared,BE9,
2025-02-15 20:09:13.279424,PV solder bond failure detected,Active,BE11,
2025-02-15 20:30:42.116749,PV shading detected,Cleared,BE9,
2025-02-15 20:50:01.687786,PV interconnect fault detected,Cleared,BE5,
2025-02-15 20:57:09.974655,PV hot spot detected,Cleared,BE12,
2025-02-15 21:54:34.450441,Encapsulant fault detected,Cleared,BE16,
2025-02-16 00:20:39.945720,Rack structure fault detected,Active,BE15,
2025-02-16 00:49:28.949927,PV interconnect fault detected,Cleared,BE5,
2025-02-16 01:58:20.050927,MCB 2 fault detected,Cleared,BE4,
2025-02-16 03:09:28.598681,Encapsulant fault detected,Cleared,BE16,
2025-02-16 03:14:20.207477,Encapsulant fault detected,Active,BE16,
2025-02-16 03:27:06.561655,MCB 1 fault detected,Active,BE3,
2025-02-16 03:58:12.181502,PV solder bond failure detected,Cleared,BE11,
2025-02-16 04:15:28.821829,PV solder bond failure detected,Cleared,BE11,
2025-02-16 04:24:09.784878,Short/open circuit fault detected,Active,BE14,
2025-02-16 04:26:34.233120,PV cell breakage detected,Cleared,BE10,
2025-02-16 05:38:45.869588,PV cell breakage detected,Cleared,BE10,
2025-02-16 05:47:57.748622,PV cell breakage detected,Cleared,BE10,
2025-02-16 06:08:41.271380,Rack structure fault detected,Cleared,BE15,
2025-02-16 06:14:28.924211,PV cell breakage detected,Active,BE10,
2025-02-16 07:54:42.484211,PV solder bond failure detected,Cleared,BE11,
2025-02-16 07:55:56.227123,MCB 2 fault detected,Active,BE4,
2025-02-16 08:38:43.097207,PV interconnect fault detected,Active,BE5,
2025-02-16 09:09:01.149498,PV solder bond failure detected,Cleared,BE11,
2025-02-16 10:22:25.493745,Encapsulant fault detected,Cleared,BE16,
2025-02-16 11:23:15.866104,PV interconnect fault detected,Cleared,BE5,
2025-02-16 11:45:13.953853,PV interconnect fault detected,Cleared,BE5,
2025-02-16 12:12:13.677226,PV interconnect fault detected,Cleared,BE5,
2025-02-16 12:47:09.690059,PV cell breakage detected,Active,BE10,
2025-02-16 13:27:06.561655,MCB 1 fault detected,Cleared,BE3,
2025-02-16 13:55:26.715258,PV interconnect fault detected,Active,BE5,
2025-02-16 14:52:46.020555,PV shading detected,Active,BE9,
2025-02-16 15:31:49.227654,PV interconnect fault detected,Active,BE5,
2025-02-16 16:24:09.784878,Short/open circuit fault detected,Cleared,BE14,
2025-02-16 16:37:23.918177,PV cell breakage detected,Active,BE10,
2025-02-16 17:29:28.596611,PV solder bond failure detected,Active,BE11,
2025-02-16 17:40:00.366741,Rack structure fault detected,Cleared,BE15,
2025-02-16 17:55:56.227123,MCB 2 fault detected,Cleared,BE4,
2025-02-16 18:59:11.387207,PV cell breakage detected,Cleared,BE10,
2025-02-16 19:09:57.648146,PV solder bond failure detected,Active,BE11,
2025-02-16 19:10:22.775023,Grounding system fault detected,Cleared,BE6,
2025-02-16 19:24:06.552331,Encapsulant fault detected,Cleared,BE16,
2025-02-16 20:19:27.574977,Encapsulant fault detected,Cleared,BE16,
2025-02-16 20:47:30.915732,PV cell breakage detected,Active,BE10,
2025-02-16 20:48:14.649845,PV cell breakage detected,Active,BE10,
2025-02-16 21:54:45.717889,PV shading detected,Active,BE9,
2025-02-16 22:04:18.285804,Rack structure fault detected,Cleared,BE15,
2025-02-16 22:52:46.020555,PV shading detected,Cleared,BE9,
2025-02-16 23:22:17.592465,PV solder bond failure detected,Cleared,BE11,
2025-02-17 00:00:01.412949,PV cell breakage detected,Active,BE10,
2025-02-17 00:15:41.295240,PV interconnect fault detected,Active,BE5,
2025-02-17 04:50:51.089941,PV solder bond failure detected,Cleared,BE11,
2025-02-17 05:14:26.588397,Encapsulant fault detected,Active,BE16,
2025-02-17 05:54:45.717889,PV shading detected,Cleared,BE9,
2025-02-17 06:29:54.542289,Rack structure fault detected,Active,BE15,
2025-02-17 06:37:02.131421,PV solder bond failure detected,Cleared,BE11,
2025-02-17 06:53:45.260680,Rack structure fault detected,Cleared,BE15,
2025-02-17 08:21:46.661125,Encapsulant fault detected,Cleared,BE16,
2025-02-17 08:38:43.097207,PV interconnect fault detected,Cleared,BE5,
2025-02-17 09:19:31.980766,PV cell breakage detected,Active,BE10,
2025-02-17 09:26:03.757353,PV shading detected,Active,BE9,
2025-02-17 09:44:51.626750,PV cell breakage detected,Cleared,BE10,
2025-02-17 09:46:49.277896,PV solder bond failure detected,Active,BE11,
2025-02-17 10:40:18.967165,Encapsulant fault detected,Cleared,BE16,
2025-02-17 10:53:46.586326,PV cell breakage detected,Cleared,BE10,
2025-02-17 11:18:40.913370,PV solder bond failure detected,Cleared,BE11,
2025-02-17 12:28:01.074253,Rack structure fault detected,Cleared,BE15,
2025-02-17 13:39:52.873606,PV cell breakage detected,Cleared,BE10,
2025-02-17 13:49:24.619236,PV cell breakage detected,Cleared,BE10,
2025-02-17 13:55:26.715258,PV interconnect fault detected,Cleared,BE5,
2025-02-17 15:31:49.227654,PV interconnect fault detected,Cleared,BE5,
2025-02-17 16:56:13.411855,PV cell breakage detected,Cleared,BE10,
2025-02-17 17:26:03.757353,PV shading detected,Cleared,BE9,
2025-02-17 17:37:59.505472,PV interconnect fault detected,Active,BE5,
2025-02-17 18:03:12.323020,Rack structure fault detected,Active,BE15,
2025-02-17 19:39:43.860471,Encapsulant fault detected,Cleared,BE16,
2025-02-17 20:09:13.279424,PV solder bond failure detected,Cleared,BE11,
2025-02-17 20:30:24.952426,PV interconnect fault detected,Active,BE5,
2025-02-17 21:40:19.216996,PV shading detected,Active,BE9,
2025-02-18 00:15:41.295240,PV interconnect fault detected,Cleared,BE5,
2025-02-18 00:20:39.945720,Rack structure fault detected,Cleared,BE15,
2025-02-18 00:47:54.946323,Grounding system fault detected,Active,BE6,
2025-02-18 03:14:20.207477,Encapsulant fault detected,Cleared,BE16,
2025-02-18 04:05:25.809930,PV solder bond failure detected,Active,BE11,
2025-02-18 05:40:19.216996,PV shading detected,Cleared,BE9,
2025-02-18 06:14:28.924211,PV cell breakage detected,Cleared,BE10,
2025-02-18 07:45:21.623125,Rack structure fault detected,Active,BE15,
2025-02-18 08:02:03.659603,PV interconnect fault detected,Active,BE5,
2025-02-18 09:05:19.873603,PV interconnect fault detected,Active,BE5,
2025-02-18 09:42:57.962790,PV interconnect fault detected,Active,BE5,
2025-02-18 09:45:24.533638,Encapsulant fault detected,Active,BE16,
2025-02-18 11:25:15.088061,MCB 2 fault detected,Active,BE4,
2025-02-18 12:40:42.986331,Encapsulant fault detected,Active,BE16,
2025-02-18 12:47:09.690059,PV cell breakage detected,Cleared,BE10,
2025-02-18 16:37:23.918177,PV cell breakage detected,Cleared,BE10,
2025-02-18 17:29:28.596611,PV solder bond failure detected,Cleared,BE11,
2025-02-18 17:37:59.505472,PV interconnect fault detected,Cleared,BE5,
2025-02-18 17:47:18.359908,Rack structure fault detected,Active,BE15,
2025-02-18 18:07:30.865389,PV cell breakage detected,Active,BE10,
2025-02-18 18:30:31.984426,Rack structure fault detected,Active,BE15,
2025-02-18 18:40:29.407072,PV interconnect fault detected,Active,BE5,
2025-02-18 19:09:57.648146,PV solder bond failure detected,Cleared,BE11,
2025-02-18 20:30:24.952426,PV interconnect fault detected,Cleared,BE5,
2025-02-18 20:41:19.370546,Encapsulant fault detected,Active,BE16,
2025-02-18 20:46:53.551245,PV solder bond failure detected,Active,BE11,
2025-02-18 20:47:30.915732,PV cell breakage detected,Cleared,BE10,
2025-02-18 20:48:14.649845,PV cell breakage detected,Cleared,BE10,
2025-02-18 21:25:15.088061,MCB 2 fault detected,Cleared,BE4,
2025-02-18 22:08:42.556463,Rack structure fault detected,Active,BE15,
2025-02-18 23:17:45.817371,PV shading detected,Active,BE9,
2025-02-19 00:00:01.412949,PV cell breakage detected,Cleared,BE10,
2025-02-19 00:47:54.946323,Grounding system fault detected,Cleared,BE6,
2025-02-19 03:34:01.107804,PV solder bond failure detected,Active,BE11,
2025-02-19 03:52:11.979102,PV interconnect fault detected,Active,BE5,
2025-02-19 04:53:17.611742,Encapsulant fault detected,Active,BE16,
2025-02-19 05:14:26.588397,Encapsulant fault detected,Cleared,BE16,
2025-02-19 06:29:54.542289,Rack structure fault detected,Cleared,BE15,
2025-02-19 07:17:45.817371,PV shading detected,Cleared,BE9,
2025-02-19 07:26:08.345886,Rack structure fault detected,Active,BE15,
2025-02-19 07:46:06.853018,Encapsulant fault detected,Active,BE16,
2025-02-19 08:02:03.659603,PV interconnect fault detected,Cleared,BE5,
2025-02-19 09:05:19.873603,PV interconnect fault detected,Cleared,BE5,
2025-02-19 09:19:31.980766,PV cell breakage detected,Cleared,BE10,
2025-02-19 09:42:57.962790,PV interconnect fault detected,Cleared,BE5,
2025-02-19 09:46:49.277896,PV solder bond failure detected,Cleared,BE11,
2025-02-19 10:15:00.042726,PV solder bond failure detected,Active,BE11,
2025-02-19 10:48:03.935680,PV shading detected,Active,BE9,
2025-02-19 10:57:56.641129,PV cell breakage detected,Active,BE10,
2025-02-19 11:10:47.583016,PV cell breakage detected,Active,BE10,
2025-02-19 12:31:49.320230,Rack structure fault detected,Active,BE15,
2025-02-19 13:43:16.934254,PV solder bond failure detected,Active,BE11,
2025-02-19 15:16:55.689803,Rack structure fault detected,Active,BE15,
2025-02-19 15:51:43.785408,PV interconnect fault detected,Active,BE5,
2025-02-19 18:03:12.323020,Rack structure fault detected,Cleared,BE15,
2025-02-19 18:40:29.407072,PV interconnect fault detected,Cleared,BE5,
2025-02-19 18:48:03.935680,PV shading detected,Cleared,BE9,
2025-02-19 19:13:37.771201,PV hot spot detected,Active,BE12,
2025-02-19 21:36:58.993757,PV shading detected,Active,BE9,
2025-02-19 22:24:00.788335,PV shading detected,Active,BE9,
2025-02-19 23:06:32.198996,PV solder bond failure detected,Active,BE11,
2025-02-19 23:12:56.464815,MCB 1 fault detected,Active,BE3,
2025-02-20 00:54:15.058424,Rack structure fault detected,Active,BE15,
2025-02-20 03:49:48.853789,PV hot spot detected,Active,BE12,
2025-02-20 03:52:11.979102,PV interconnect fault detected,Cleared,BE5,
2025-02-20 04:05:25.809930,PV solder bond failure detected,Cleared,BE11,
2025-02-20 04:12:17.905807,PV solder bond failure detected,Active,BE11,
2025-02-20 05:36:58.993757,PV shading detected,Cleared,BE9,
2025-02-20 06:15:04.593757,Rack structure fault detected,Active,BE15,
2025-02-20 06:24:00.788335,PV shading detected,Cleared,BE9,
2025-02-20 06:42:11.344598,PV shading detected,Active,BE9,
2025-02-20 07:10:08.490213,PV interconnect fault detected,Active,BE5,
2025-02-20 07:42:09.713035,PV cell breakage detected,Active,BE10,
2025-02-20 07:45:21.623125,Rack structure fault detected,Cleared,BE15,
2025-02-20 08:33:07.980797,PV shading detected,Active,BE9,
2025-02-20 09:12:56.464815,MCB 1 fault detected,Cleared,BE3,
2025-02-20 09:45:24.533638,Encapsulant fault detected,Cleared,BE16,
2025-02-20 10:20:47.858844,Rack structure fault detected,Active,BE15,
2025-02-20 11:48:50.350208,PV solder bond failure detected,Active,BE11,
2025-02-20 11:52:09.074916,Encapsulant fault detected,Active,BE16,
2025-02-20 12:40:42.986331,Encapsulant fault detected,Cleared,BE16,
2025-02-20 14:42:11.344598,PV shading detected,Cleared,BE9,
2025-02-20 15:34:33.737577,PV solder bond failure detected,Active,BE11,
2025-02-20 15:51:43.785408,PV interconnect fault detected,Cleared,BE5,
2025-02-20 16:33:07.980797,PV shading detected,Cleared,BE9,
2025-02-20 17:47:18.359908,Rack structure fault detected,Cleared,BE15,
2025-02-20 18:07:30.865389,PV cell breakage detected,Cleared,BE10,
2025-02-20 18:30:31.984426,Rack structure fault detected,Cleared,BE15,
2025-02-20 18:54:02.619931,Rack structure fault detected,Active,BE15,
2025-02-20 19:13:37.771201,PV hot spot detected,Cleared,BE12,
2025-02-20 20:41:19.370546,Encapsulant fault detected,Cleared,BE16,
2025-02-20 20:46:53.551245,PV solder bond failure detected,Cleared,BE11,
2025-02-20 20:51:46.532027,Rack structure fault detected,Active,BE15,
2025-02-20 21:24:49.190045,PV cell breakage detected,Active,BE10,
2025-02-20 22:08:42.556463,Rack structure fault detected,Cleared,BE15,
2025-02-20 23:44:53.741126,PV shading detected,Active,BE9,
2025-02-21 00:25:07.014679,PV solder bond failure detected,Active,BE11,
2025-02-21 03:34:01.107804,PV solder bond failure detected,Cleared,BE11,
2025-02-21 03:49:48.853789,PV hot spot detected,Cleared,BE12,
2025-02-21 04:53:17.611742,Encapsulant fault detected,Cleared,BE16,
2025-02-21 07:10:08.490213,PV interconnect fault detected,Cleared,BE5,
2025-02-21 07:26:08.345886,Rack structure fault detected,Cleared,BE15,
2025-02-21 07:44:53.741126,PV shading detected,Cleared,BE9,
2025-02-21 07:46:06.853018,Encapsulant fault detected,Cleared,BE16,
2025-02-21 07:54:22.161994,PV shading detected,Active,BE9,
2025-02-21 09:25:09.848686,Encapsulant fault detected,Active,BE16,
2025-02-21 10:15:00.042726,PV solder bond failure detected,Cleared,BE11,
2025-02-21 10:57:56.641129,PV cell breakage detected,Cleared,BE10,
2025-02-21 11:00:31.072144,PV cell breakage detected,Active,BE10,
2025-02-21 11:10:47.583016,PV cell breakage detected,Cleared,BE10,
2025-02-21 12:07:10.984033,PV solder bond failure detected,Active,BE11,
2025-02-21 12:31:49.320230,Rack structure fault detected,Cleared,BE15,
2025-02-21 13:07:28.321330,Encapsulant fault detected,Active,BE16,
2025-02-21 13:11:04.246961,PV solder bond failure detected,Active,BE11,
2025-02-21 13:43:16.934254,PV solder bond failure detected,Cleared,BE11,
2025-02-21 15:16:55.689803,Rack structure fault detected,Cleared,BE15,
2025-02-21 15:54:22.161994,PV shading detected,Cleared,BE9,
2025-02-21 16:30:06.258066,PV cell breakage detected,Active,BE10,
2025-02-21 16:39:46.630576,PV soiling detected,Active,BE8,
2025-02-21 20:51:44.512539,PV shading detected,Active,BE9,
2025-02-21 21:03:12.122223,PV cell breakage detected,Active,BE10,
2025-02-21 21:08:21.729566,Encapsulant fault detected,Active,BE16,
2025-02-21 21:20:45.853788,PV shading detected,Active,BE9,
2025-02-21 22:21:10.560206,PV shading detected,Active,BE9,
2025-02-21 23:06:04.767540,Encapsulant fault detected,Active,BE16,
2025-02-21 23:06:32.198996,PV solder bond failure detected,Cleared,BE11,
2025-02-21 23:37:26.517346,Short/open circuit fault detected,Active,BE14,
2025-02-22 00:17:22.851299,PV cell breakage detected,Active,BE10,
2025-02-22 00:39:46.630576,PV soiling detected,Cleared,BE8,
2025-02-22 00:53:56.823373,PV cell breakage detected,Active,BE10,
2025-02-22 00:54:15.058424,Rack structure fault detected,Cleared,BE15,
2025-02-22 01:13:03.860176,PV solder bond failure detected,Active,BE11,
2025-02-22 03:10:57.724626,PV interconnect fault detected,Active,BE5,
2025-02-22 03:13:21.597737,PV cell breakage detected,Active,BE10,
2025-02-22 04:12:17.905807,PV solder bond failure detected,Cleared,BE11,
2025-02-22 04:51:44.512539,PV shading detected,Cleared,BE9,
2025-02-22 05:20:45.853788,PV shading detected,Cleared,BE9,
2025-02-22 05:45:44.106352,PV cell breakage detected,Active,BE10,
2025-02-22 06:15:04.593757,Rack structure fault detected,Cleared,BE15,
2025-02-22 06:21:10.560206,PV shading detected,Cleared,BE9,
2025-02-22 06:26:39.092685,PV solder bond failure detected,Active,BE11,
2025-02-22 07:42:09.713035,PV cell breakage detected,Cleared,BE10,
2025-02-22 08:54:22.773803,Rack structure fault detected,Active,BE15,
2025-02-22 10:20:47.858844,Rack structure fault detected,Cleared,BE15,
2025-02-22 11:27:16.259505,PV soiling detected,Active,BE8,
2025-02-22 11:37:26.517346,Short/open circuit fault detected,Cleared,BE14,
2025-02-22 11:41:51.571683,PV cell breakage detected,Active,BE10,
2025-02-22 11:46:03.729700,PV interconnect fault detected,Active,BE5,
2025-02-22 11:48:50.350208,PV solder bond failure detected,Cleared,BE11,
2025-02-22 11:52:09.074916,Encapsulant fault detected,Cleared,BE16,
2025-02-22 12:33:16.970172,Grounding system fault detected,Active,BE6,
2025-02-22 12:40:12.757569,PV shading detected,Active,BE9,
2025-02-22 13:31:13.347873,PV shading detected,Active,BE9,
2025-02-22 14:21:37.467608,PV shading detected,Active,BE9,
2025-02-22 14:29:55.837699,PV shading detected,Active,BE9,
2025-02-22 15:34:33.737577,PV solder bond failure detected,Cleared,BE11,
2025-02-22 16:22:40.313279,PV interconnect fault detected,Active,BE5,
2025-02-22 16:27:12.098900,Grounding system fault detected,Active,BE6,
2025-02-22 16:27:34.258962,Encapsulant fault detected,Active,BE16,
2025-02-22 18:43:46.485900,Encapsulant fault detected,Active,BE16,
2025-02-22 18:54:02.619931,Rack structure fault detected,Cleared,BE15,
2025-02-22 18:58:02.061099,PV solder bond failure detected,Active,BE11,
2025-02-22 19:11:37.548777,PV soiling detected,Active,BE8,
2025-02-22 19:27:16.259505,PV soiling detected,Cleared,BE8,
2025-02-22 20:40:12.757569,PV shading detected,Cleared,BE9,
2025-02-22 20:51:46.532027,Rack structure fault detected,Cleared,BE15,
2025-02-22 21:02:02.229989,PV soiling detected,Active,BE8,
2025-02-22 21:24:49.190045,PV cell breakage detected,Cleared,BE10,
2025-02-22 21:31:13.347873,PV shading detected,Cleared,BE9,
2025-02-22 22:21:37.467608,PV shading detected,Cleared,BE9,
2025-02-22 22:29:55.837699,PV shading detected,Cleared,BE9,
2025-02-22 22:45:46.209117,PV solder bond failure detected,Active,BE11,
2025-02-23 00:02:22.477310,PV cell breakage detected,Active,BE10,
2025-02-23 00:25:07.014679,PV solder bond failure detected,Cleared,BE11,
2025-02-23 01:58:01.930804,PV solder bond failure detected,Active,BE11,
2025-02-23 02:45:03.418851,Grounding system fault detected,Active,BE6,
2025-02-23 03:10:57.724626,PV interconnect fault detected,Cleared,BE5,
2025-02-23 03:11:37.548777,PV soiling detected,Cleared,BE8,
2025-02-23 04:27:43.022873,PV glass breakage detected,Active,BE7,
2025-02-23 05:02:02.229989,PV soiling detected,Cleared,BE8,
2025-02-23 05:47:53.717840,PV cell breakage detected,Active,BE10,
2025-02-23 06:19:57.534918,PV cell breakage detected,Active,BE10,
2025-02-23 09:25:09.848686,Encapsulant fault detected,Cleared,BE16,
2025-02-23 11:00:31.072144,PV cell breakage detected,Cleared,BE10,
2025-02-23 11:07:14.950714,PV interconnect fault detected,Active,BE5,
2025-02-23 11:46:03.729700,PV interconnect fault detected,Cleared,BE5,
2025-02-23 12:07:10.984033,PV solder bond failure detected,Cleared,BE11,
2025-02-23 12:33:16.970172,Grounding system fault detected,Cleared,BE6,
2025-02-23 12:39:09.147397,Rack structure fault detected,Active,BE15,
2025-02-23 13:07:28.321330,Encapsulant fault detected,Cleared,BE16,
2025-02-23 13:11:04.246961,PV solder bond failure detected,Cleared,BE11,
2025-02-23 14:51:15.438605,PV interconnect fault detected,Active,BE5,
2025-02-23 16:22:40.313279,PV interconnect fault detected,Cleared,BE5,
2025-02-23 16:27:12.098900,Grounding system fault detected,Cleared,BE6,
2025-02-23 16:30:06.258066,PV cell breakage detected,Cleared,BE10,
2025-02-23 18:32:58.955694,PV solder bond failure detected,Active,BE11,
2025-02-23 20:29:41.459558,PV solder bond failure detected,Active,BE11,
2025-02-23 21:03:12.122223,PV cell breakage detected,Cleared,BE10,
2025-02-23 21:08:21.729566,Encapsulant fault detected,Cleared,BE16,
2025-02-23 21:41:10.478234,PV interconnect fault detected,Active,BE5,
2025-02-23 22:39:07.293918,PV interconnect fault detected,Active,BE5,
2025-02-23 22:57:19.958154,PV interconnect fault detected,Active,BE5,
2025-02-23 23:06:04.767540,Encapsulant fault detected,Cleared,BE16,
2025-02-24 00:17:22.851299,PV cell breakage detected,Cleared,BE10,
2025-02-24 00:53:56.823373,PV cell breakage detected,Cleared,BE10,
2025-02-24 01:13:03.860176,PV solder bond failure detected,Cleared,BE11,
2025-02-24 02:07:07.173906,MCB 1 fault detected,Active,BE3,
2025-02-24 02:07:26.921227,PV shading detected,Active,BE9,
2025-02-24 02:45:03.418851,Grounding system fault detected,Cleared,BE6,
2025-02-24 03:13:21.597737,PV cell breakage detected,Cleared,BE10,
2025-02-24 04:27:43.022873,PV glass breakage detected,Cleared,BE7,
2025-02-24 05:31:15.219310,Rack structure fault detected,Active,BE15,
2025-02-24 05:45:44.106352,PV cell breakage detected,Cleared,BE10,
2025-02-24 06:26:39.092685,PV solder bond failure detected,Cleared,BE11,
2025-02-24 07:03:40.340948,Rack structure fault detected,Active,BE15,
2025-02-24 07:43:35.510927,Grounding system fault detected,Active,BE6,
2025-02-24 08:54:22.773803,Rack structure fault detected,Cleared,BE15,
2025-02-24 08:59:53.837030,PV solder bond failure detected,Active,BE11,
2025-02-24 10:07:26.921227,PV shading detected,Cleared,BE9,
2025-02-24 10:43:08.891472,PV cell breakage detected,Active,BE10,
2025-02-24 11:07:14.950714,PV interconnect fault detected,Cleared,BE5,
2025-02-24 11:41:51.571683,PV cell breakage detected,Cleared,BE10,
2025-02-24 12:07:07.173906,MCB 1 fault detected,Cleared,BE3,
2025-02-24 13:26:53.192649,PV solder bond failure detected,Active,BE11,
2025-02-24 14:51:15.438605,PV interconnect fault detected,Cleared,BE5,
2025-02-24 16:27:34.258962,Encapsulant fault detected,Cleared,BE16,
2025-02-24 17:19:24.304804,PV shading detected,Active,BE9,
2025-02-24 18:18:06.461039,PV solder bond failure detected,Active,BE11,
2025-02-24 18:43:46.485900,Encapsulant fault detected,Cleared,BE16,
2025-02-24 18:58:02.061099,PV solder bond failure detected,Cleared,BE11,
2025-02-24 20:46:56.162016,PV solder bond failure detected,Active,BE11,
2025-02-24 21:41:10.478234,PV interconnect fault detected,Cleared,BE5,
2025-02-24 22:16:32.389903,PV shading detected,Active,BE9,
2025-02-24 22:39:07.293918,PV interconnect fault detected,Cleared,BE5,
2025-02-24 22:45:46.209117,PV solder bond failure detected,Cleared,BE11,
2025-02-24 22:57:19.958154,PV interconnect fault detected,Cleared,BE5,
2025-02-25 00:02:22.477310,PV cell breakage detected,Cleared,BE10,
2025-02-25 01:19:24.304804,PV shading detected,Cleared,BE9,
2025-02-25 01:58:01.930804,PV solder bond failure detected,Cleared,BE11,
2025-02-25 02:16:21.670953,PV shading detected,Active,BE9,
2025-02-25 02:30:20.414632,PV solder bond failure detected,Active,BE11,
2025-02-25 03:34:35.225200,Rack structure fault detected,Active,BE15,
2025-02-25 03:40:02.043685,MCB 1 fault detected,Active,BE3,
2025-02-25 05:09:03.480359,PV solder bond failure detected,Active,BE11,
2025-02-25 05:25:13.356120,PV solder bond failure detected,Active,BE11,
2025-02-25 05:47:53.717840,PV cell breakage detected,Cleared,BE10,
2025-02-25 06:16:32.389903,PV shading detected,Cleared,BE9,
2025-02-25 06:19:57.534918,PV cell breakage detected,Cleared,BE10,
2025-02-25 07:09:45.934844,PV shading detected,Active,BE9,
2025-02-25 07:33:18.819026,PV solder bond failure detected,Active,BE11,
2025-02-25 07:35:53.749189,PV solder bond failure detected,Active,BE11,
2025-02-25 07:43:35.510927,Grounding system fault detected,Cleared,BE6,
2025-02-25 08:01:42.520085,Grounding system fault detected,Active,BE6,
2025-02-25 10:16:21.670953,PV shading detected,Cleared,BE9,
2025-02-25 11:26:20.201417,Grounding system fault detected,Active,BE6,
2025-02-25 12:22:05.797163,PV cell breakage detected,Active,BE10,
2025-02-25 12:39:09.147397,Rack structure fault detected,Cleared,BE15,
2025-02-25 13:40:02.043685,MCB 1 fault detected,Cleared,BE3,
2025-02-25 13:48:48.465527,PV interconnect fault detected,Active,BE5,
2025-02-25 15:09:45.934844,PV shading detected,Cleared,BE9,
2025-02-25 18:32:58.955694,PV solder bond failure detected,Cleared,BE11,
2025-02-25 20:29:41.459558,PV solder bond failure detected,Cleared,BE11,
2025-02-25 21:32:12.174066,Encapsulant fault detected,Active,BE16,
2025-02-26 00:05:45.233924,PV shading detected,Active,BE9,
2025-02-26 02:09:43.171590,PV cell breakage detected,Active,BE10,
2025-02-26 02:12:38.567531,Rack structure fault detected,Active,BE15,
2025-02-26 04:02:41.743603,PV soiling detected,Active,BE8,
2025-02-26 05:31:15.219310,Rack structure fault detected,Cleared,BE15,
2025-02-26 07:03:40.340948,Rack structure fault detected,Cleared,BE15,
2025-02-26 08:01:42.520085,Grounding system fault detected,Cleared,BE6,
2025-02-26 08:05:45.233924,PV shading detected,Cleared,BE9,
2025-02-26 08:59:53.837030,PV solder bond failure detected,Cleared,BE11,
2025-02-26 09:22:29.280168,PV solder bond failure detected,Active,BE11,
2025-02-26 10:43:08.891472,PV cell breakage detected,Cleared,BE10,
2025-02-26 11:10:54.748170,PV interconnect fault detected,Active,BE5,
2025-02-26 11:26:20.201417,Grounding system fault detected,Cleared,BE6,
2025-02-26 12:02:41.743603,PV soiling detected,Cleared,BE8,
2025-02-26 12:24:03.602827,PV shading detected,Active,BE9,
2025-02-26 13:26:53.192649,PV solder bond failure detected,Cleared,BE11,
2025-02-26 13:48:48.465527,PV interconnect fault detected,Cleared,BE5,
2025-02-26 14:43:42.077354,PV shading detected,Active,BE9,
2025-02-26 16:54:07.695232,PV shading detected,Active,BE9,
2025-02-26 18:04:45.038053,PV shading detected,Active,BE9,
2025-02-26 18:18:06.461039,PV solder bond failure detected,Cleared,BE11,
2025-02-26 20:24:03.602827,PV shading detected,Cleared,BE9,
2025-02-26 20:46:56.162016,PV solder bond failure detected,Cleared,BE11,
2025-02-26 21:58:04.013881,Grounding system fault detected,Active,BE6,
2025-02-26 22:14:17.522733,Rack structure fault detected,Active,BE15,
2025-02-26 22:43:42.077354,PV shading detected,Cleared,BE9,
2025-02-26 23:53:52.822832,Rack structure fault detected,Active,BE15,
2025-02-27 00:09:17.409105,Encapsulant fault detected,Active,BE16,
2025-02-27 00:54:07.695232,PV shading detected,Cleared,BE9,
2025-02-27 01:15:20.396375,PV interconnect fault detected,Active,BE5,
2025-02-27 02:04:45.038053,PV shading detected,Cleared,BE9,
2025-02-27 02:30:20.414632,PV solder bond failure detected,Cleared,BE11,
2025-02-27 03:09:17.777189,Grounding system fault detected,Active,BE6,
2025-02-27 03:34:35.225200,Rack structure fault detected,Cleared,BE15,
2025-02-27 05:09:03.480359,PV solder bond failure detected,Cleared,BE11,
2025-02-27 05:25:13.356120,PV solder bond failure detected,Cleared,BE11,
2025-02-27 06:20:54.600282,PV shading detected,Active,BE9,
2025-02-27 07:28:17.402522,PV interconnect fault detected,Active,BE5,
2025-02-27 07:33:18.819026,PV solder bond failure detected,Cleared,BE11,
2025-02-27 07:35:53.749189,PV solder bond failure detected,Cleared,BE11,
2025-02-27 08:03:52.898923,PV solder bond failure detected,Active,BE11,
2025-02-27 08:19:32.550950,Grounding system fault detected,Active,BE6,
2025-02-27 08:50:00.827833,Encapsulant fault detected,Active,BE16,
2025-02-27 09:43:15.552996,PV interconnect fault detected,Active,BE5,
2025-02-27 11:10:54.748170,PV interconnect fault detected,Cleared,BE5,
2025-02-27 11:26:45.197230,PV solder bond failure detected,Active,BE11,
2025-02-27 11:43:54.733489,PV interconnect fault detected,Active,BE5,
2025-02-27 12:22:05.797163,PV cell breakage detected,Cleared,BE10,
2025-02-27 14:03:43.738090,Rack structure fault detected,Active,BE15,
2025-02-27 14:20:54.600282,PV shading detected,Cleared,BE9,
2025-02-27 15:08:10.307494,PV interconnect fault detected,Active,BE5,
2025-02-27 20:12:38.279147,PV solder bond failure detected,Active,BE11,
2025-02-27 20:44:30.347734,PV cell breakage detected,Active,BE10,
2025-02-27 21:32:12.174066,Encapsulant fault detected,Cleared,BE16,
2025-02-27 21:58:04.013881,Grounding system fault detected,Cleared,BE6,
2025-02-27 22:46:28.846614,PV shading detected,Active,BE9,
2025-02-27 23:03:51.751569,PV solder bond failure detected,Active,BE11,
2025-02-27 23:59:34.755689,Encapsulant fault detected,Active,BE16,
2025-02-28 00:02:21.994693,Grounding system fault detected,Active,BE6,
2025-02-28 00:33:16.292529,PV interconnect fault detected,Active,BE5,
2025-02-28 01:15:20.396375,PV interconnect fault detected,Cleared,BE5,
2025-02-28 02:09:43.171590,PV cell breakage detected,Cleared,BE10,
2025-02-28 02:12:38.567531,Rack structure fault detected,Cleared,BE15,
2025-02-28 02:16:26.717277,PV shading detected,Active,BE9,
2025-02-28 02:30:52.657123,PV shading detected,Active,BE9,
2025-02-28 03:09:17.777189,Grounding system fault detected,Cleared,BE6,
2025-02-28 03:29:20.403337,PV shading detected,Active,BE9,
2025-02-28 03:47:38.283124,PV cell breakage detected,Active,BE10,
2025-02-28 06:32:32.602907,PV solder bond failure detected,Active,BE11,
2025-02-28 06:46:28.846614,PV shading detected,Cleared,BE9,
2025-02-28 07:28:17.402522,PV interconnect fault detected,Cleared,BE5,
2025-02-28 08:19:32.550950,Grounding system fault detected,Cleared,BE6,
2025-02-28 08:36:37.451258,PV hot spot detected,Active,BE12,
2025-02-28 09:22:29.280168,PV solder bond failure detected,Cleared,BE11,
2025-02-28 09:43:15.552996,PV interconnect fault detected,Cleared,BE5,
2025-02-28 10:16:26.717277,PV shading detected,Cleared,BE9,
2025-02-28 10:30:52.657123,PV shading detected,Cleared,BE9,
2025-02-28 11:29:20.403337,PV shading detected,Cleared,BE9,
2025-02-28 11:43:54.733489,PV interconnect fault detected,Cleared,BE5,
2025-02-28 14:43:20.331086,Rack structure fault detected,Active,BE15,
2025-02-28 15:08:10.307494,PV interconnect fault detected,Cleared,BE5,
2025-02-28 15:22:31.581370,PV interconnect fault detected,Active,BE5,
2025-02-28 17:33:03.192127,PV solder bond failure detected,Active,BE11,
2025-02-28 18:22:55.878103,Grounding system fault detected,Active,BE6,
2025-02-28 22:14:17.522733,Rack structure fault detected,Cleared,BE15,
2025-02-28 23:53:52.822832,Rack structure fault detected,Cleared,BE15,
2025-03-01 00:02:21.994693,Grounding system fault detected,Cleared,BE6,
2025-03-01 00:09:17.409105,Encapsulant fault detected,Cleared,BE16,
2025-03-01 00:33:16.292529,PV interconnect fault detected,Cleared,BE5,
2025-03-01 02:32:09.660123,Rack structure fault detected,Active,BE15,
2025-03-01 03:54:19.120831,PV soiling detected,Active,BE8,
2025-03-01 04:08:03.085613,PV interconnect fault detected,Active,BE5,
2025-03-01 08:00:58.075459,PV interconnect fault detected,Active,BE5,
2025-03-01 08:03:52.898923,PV solder bond failure detected,Cleared,BE11,
2025-03-01 08:36:37.451258,PV hot spot detected,Cleared,BE12,
2025-03-01 08:50:00.827833,Encapsulant fault detected,Cleared,BE16,
2025-03-01 09:18:21.743995,PV cell breakage detected,Active,BE10,
2025-03-01 10:00:40.013703,PV cell breakage detected,Active,BE10,
2025-03-01 11:26:45.197230,PV solder bond failure detected,Cleared,BE11,
2025-03-01 11:54:19.120831,PV soiling detected,Cleared,BE8,
2025-03-01 12:05:25.695326,Grounding system fault detected,Active,BE6,
2025-03-01 13:16:27.557352,PV solder bond failure detected,Active,BE11,
2025-03-01 14:02:54.782074,Grounding system fault detected,Active,BE6,
2025-03-01 14:03:43.738090,Rack structure fault detected,Cleared,BE15,
2025-03-01 14:05:37.147683,PV cell breakage detected,Active,BE10,
2025-03-01 15:22:31.581370,PV interconnect fault detected,Cleared,BE5,
2025-03-01 16:23:02.740381,PV cell breakage detected,Active,BE10,
2025-03-01 16:42:43.119732,PV solder bond failure detected,Active,BE11,
2025-03-01 16:47:48.415974,Rack structure fault detected,Active,BE15,
2025-03-01 18:20:19.640187,PV cell breakage detected,Active,BE10,
2025-03-01 18:22:55.878103,Grounding system fault detected,Cleared,BE6,
2025-03-01 18:30:04.246324,Encapsulant fault detected,Active,BE16,
2025-03-01 18:33:11.744363,PV shading detected,Active,BE9,
2025-03-01 19:41:59.417358,PV cell breakage detected,Active,BE10,
2025-03-01 20:12:38.279147,PV solder bond failure detected,Cleared,BE11,
2025-03-01 20:44:30.347734,PV cell breakage detected,Cleared,BE10,
2025-03-01 22:31:57.640216,PV shading detected,Active,BE9,
2025-03-01 23:03:51.751569,PV solder bond failure detected,Cleared,BE11,
2025-03-01 23:59:34.755689,Encapsulant fault detected,Cleared,BE16,
2025-03-02 01:12:27.928506,Rack structure fault detected,Active,BE15,
2025-03-02 02:33:11.744363,PV shading detected,Cleared,BE9,
2025-03-02 02:59:45.550297,PV solder bond failure detected,Active,BE11,
2025-03-02 03:47:38.283124,PV cell breakage detected,Cleared,BE10,
2025-03-02 04:08:03.085613,PV interconnect fault detected,Cleared,BE5,
2025-03-02 04:26:05.529471,PV cell breakage detected,Active,BE10,
2025-03-02 05:04:29.986041,PV solder bond failure detected,Active,BE11,
2025-03-02 06:31:57.640216,PV shading detected,Cleared,BE9,
2025-03-02 06:32:32.602907,PV solder bond failure detected,Cleared,BE11,
2025-03-02 08:00:58.075459,PV interconnect fault detected,Cleared,BE5,
2025-03-02 08:40:14.285494,Encapsulant fault detected,Active,BE16,
2025-03-02 11:31:37.359441,Rack structure fault detected,Active,BE15,
2025-03-02 12:00:24.848004,Rack structure fault detected,Active,BE15,
2025-03-02 12:02:05.707520,Encapsulant fault detected,Active,BE16,
2025-03-02 12:05:25.695326,Grounding system fault detected,Cleared,BE6,
2025-03-02 14:02:54.782074,Grounding system fault detected,Cleared,BE6,
2025-03-02 14:43:20.331086,Rack structure fault detected,Cleared,BE15,
2025-03-02 15:11:42.805624,PV shading detected,Active,BE9,
2025-03-02 17:33:03.192127,PV solder bond failure detected,Cleared,BE11,
2025-03-02 18:04:06.744252,PV cell breakage detected,Active,BE10,
2025-03-02 20:23:05.494225,Encapsulant fault detected,Active,BE16,
2025-03-02 20:38:12.266887,PV interconnect fault detected,Active,BE5,
2025-03-02 23:11:42.805624,PV shading detected,Cleared,BE9,
2025-03-03 01:27:44.172523,PV hot spot detected,Active,BE12,
2025-03-03 01:48:45.186957,PV cell breakage detected,Active,BE10,
2025-03-03 01:58:54.719297,Rack structure fault detected,Active,BE15,
2025-03-03 02:19:50.953576,PV shading detected,Active,BE9,
2025-03-03 02:32:09.660123,Rack structure fault detected,Cleared,BE15,
2025-03-03 03:08:50.072630,Rack structure fault detected,Active,BE15,
2025-03-03 03:14:17.269975,PV cell breakage detected,Active,BE10,
2025-03-03 07:47:55.146314,PV shading detected,Active,BE9,
2025-03-03 08:30:53.690821,PV hot spot detected,Active,BE12,
2025-03-03 08:53:30.890659,Grounding system fault detected,Active,BE6,
2025-03-03 09:18:21.743995,PV cell breakage detected,Cleared,BE10,
2025-03-03 10:00:40.013703,PV cell breakage detected,Cleared,BE10,
2025-03-03 10:19:50.953576,PV shading detected,Cleared,BE9,
2025-03-03 10:24:55.610726,PV shading detected,Active,BE9,
2025-03-03 10:58:45.399981,Rack structure fault detected,Active,BE15,
2025-03-03 11:53:09.659824,PV shading detected,Active,BE9,
2025-03-03 12:16:18.492169,PV solder bond failure detected,Active,BE11,
2025-03-03 12:26:50.548835,PV solder bond failure detected,Active,BE11,
2025-03-03 12:27:51.730924,PV interconnect fault detected,Active,BE5,
2025-03-03 13:16:27.557352,PV solder bond failure detected,Cleared,BE11,
2025-03-03 14:05:37.147683,PV cell breakage detected,Cleared,BE10,
2025-03-03 15:11:31.000692,Grounding system fault detected,Active,BE6,
2025-03-03 15:43:43.518145,Rack structure fault detected,Active,BE15,
2025-03-03 15:47:55.146314,PV shading detected,Cleared,BE9,
2025-03-03 16:23:02.740381,PV cell breakage detected,Cleared,BE10,
2025-03-03 16:42:43.119732,PV solder bond failure detected,Cleared,BE11,
2025-03-03 16:45:59.389153,PV soiling detected,Active,BE8,
2025-03-03 16:47:48.415974,Rack structure fault detected,Cleared,BE15,
2025-03-03 18:01:21.547212,Grounding system fault detected,Active,BE6,
2025-03-03 18:11:08.821947,PV cell breakage detected,Active,BE10,
2025-03-03 18:20:19.640187,PV cell breakage detected,Cleared,BE10,
2025-03-03 18:24:55.610726,PV shading detected,Cleared,BE9,
2025-03-03 18:30:04.246324,Encapsulant fault detected,Cleared,BE16,
2025-03-03 18:40:08.308169,PV solder bond failure detected,Active,BE11,
2025-03-03 19:41:59.417358,PV cell breakage detected,Cleared,BE10,
2025-03-03 19:53:09.659824,PV shading detected,Cleared,BE9,
2025-03-03 20:38:12.266887,PV interconnect fault detected,Cleared,BE5,
2025-03-03 22:01:04.517389,PV interconnect fault detected,Active,BE5,
2025-03-03 22:43:59.253716,PV shading detected,Active,BE9,
2025-03-04 00:45:59.389153,PV soiling detected,Cleared,BE8,
2025-03-04 01:12:27.928506,Rack structure fault detected,Cleared,BE15,
2025-03-04 01:27:44.172523,PV hot spot detected,Cleared,BE12,
2025-03-04 01:54:50.942970,PV solder bond failure detected,Active,BE11,
2025-03-04 02:32:36.794813,Rack structure fault detected,Active,BE15,
2025-03-04 02:59:45.550297,PV solder bond failure detected,Cleared,BE11,
2025-03-04 03:14:54.087934,PV cell breakage detected,Active,BE10,
2025-03-04 04:26:05.529471,PV cell breakage detected,Cleared,BE10,
2025-03-04 04:30:28.232837,Rack structure fault detected,Active,BE15,
2025-03-04 04:53:01.237811,Encapsulant fault detected,Active,BE16,
2025-03-04 05:04:29.986041,PV solder bond failure detected,Cleared,BE11,
2025-03-04 06:43:59.253716,PV shading detected,Cleared,BE9,
2025-03-04 07:39:16.488483,PV cell breakage detected,Active,BE10,
2025-03-04 08:30:53.690821,PV hot spot detected,Cleared,BE12,
2025-03-04 08:40:14.285494,Encapsulant fault detected,Cleared,BE16,
2025-03-04 08:53:30.890659,Grounding system fault detected,Cleared,BE6,
2025-03-04 09:12:01.133221,PV interconnect fault detected,Active,BE5,
2025-03-04 09:44:52.914894,PV solder bond failure detected,Active,BE11,
2025-03-04 10:36:38.402697,PV solder bond failure detected,Active,BE11,
2025-03-04 11:31:37.359441,Rack structure fault detected,Cleared,BE15,
2025-03-04 12:00:24.848004,Rack structure fault detected,Cleared,BE15,
2025-03-04 12:02:05.707520,Encapsulant fault detected,Cleared,BE16,
2025-03-04 12:27:51.730924,PV interconnect fault detected,Cleared,BE5,
2025-03-04 13:03:58.465044,PV soiling detected,Active,BE8,
2025-03-04 15:11:31.000692,Grounding system fault detected,Cleared,BE6,
2025-03-04 15:37:51.680690,PV interconnect fault detected,Active,BE5,
2025-03-04 15:39:54.967466,PV shading detected,Active,BE9,
2025-03-04 17:42:38.529429,PV cell breakage detected,Active,BE10,
2025-03-04 18:01:21.547212,Grounding system fault detected,Cleared,BE6,
2025-03-04 18:04:06.744252,PV cell breakage detected,Cleared,BE10,
2025-03-04 18:59:44.927170,PV interconnect fault detected,Active,BE5,
2025-03-04 20:23:05.494225,Encapsulant fault detected,Cleared,BE16,
2025-03-04 20:24:36.162618,PV cell breakage detected,Active,BE10,
2025-03-04 20:38:46.918266,Rack structure fault detected,Active,BE15,
2025-03-04 21:03:58.465044,PV soiling detected,Cleared,BE8,
2025-03-04 22:01:04.517389,PV interconnect fault detected,Cleared,BE5,
2025-03-04 23:00:50.064342,Encapsulant fault detected,Active,BE16,
2025-03-04 23:39:54.967466,PV shading detected,Cleared,BE9,
2025-03-05 00:11:48.932673,PV interconnect fault detected,Active,BE5,
2025-03-05 00:12:26.913507,PV cell breakage detected,Active,BE10,
2025-03-05 01:48:45.186957,PV cell breakage detected,Cleared,BE10,
2025-03-05 01:58:54.719297,Rack structure fault detected,Cleared,BE15,
2025-03-05 03:08:50.072630,Rack structure fault detected,Cleared,BE15,
2025-03-05 03:14:17.269975,PV cell breakage detected,Cleared,BE10,
2025-03-05 03:23:55.879748,PV shading detected,Active,BE9,
2025-03-05 05:22:04.488912,PV solder bond failure detected,Active,BE11,
2025-03-05 06:42:43.910666,PV solder bond failure detected,Active,BE11,
2025-03-05 09:12:01.133221,PV interconnect fault detected,Cleared,BE5,
2025-03-05 09:18:39.593272,MCB 2 fault detected,Active,BE4,
2025-03-05 10:58:45.399981,Rack structure fault detected,Cleared,BE15,
2025-03-05 11:23:55.879748,PV shading detected,Cleared,BE9,
2025-03-05 11:59:09.473608,PV shading detected,Active,BE9,
2025-03-05 12:16:18.492169,PV solder bond failure detected,Cleared,BE11,
2025-03-05 12:26:50.548835,PV solder bond failure detected,Cleared,BE11,
2025-03-05 12:28:22.697635,PV shading detected,Active,BE9,
2025-03-05 13:16:05.002322,PV solder bond failure detected,Active,BE11,
2025-03-05 14:50:17.244243,Grounding system fault detected,Active,BE6,
2025-03-05 14:57:43.410284,PV solder bond failure detected,Active,BE11,
2025-03-05 15:37:51.680690,PV interconnect fault detected,Cleared,BE5,
2025-03-05 15:43:43.518145,Rack structure fault detected,Cleared,BE15,
2025-03-05 16:57:37.096407,PV interconnect fault detected,Active,BE5,
2025-03-05 17:07:54.035970,PV interconnect fault detected,Active,BE5,
2025-03-05 17:25:49.324387,PV solder bond failure detected,Active,BE11,
2025-03-05 17:28:05.471000,Encapsulant fault detected,Active,BE16,
2025-03-05 18:11:08.821947,PV cell breakage detected,Cleared,BE10,
2025-03-05 18:23:08.724642,Rack structure fault detected,Active,BE15,
2025-03-05 18:35:24.265427,PV interconnect fault detected,Active,BE5,
2025-03-05 18:40:08.308169,PV solder bond failure detected,Cleared,BE11,
2025-03-05 18:59:44.927170,PV interconnect fault detected,Cleared,BE5,
2025-03-05 19:08:48.281467,PV interconnect fault detected,Active,BE5,
2025-03-05 19:18:39.593272,MCB 2 fault detected,Cleared,BE4,
2025-03-05 19:38:17.704953,PV interconnect fault detected,Active,BE5,
2025-03-05 19:59:09.473608,PV shading detected,Cleared,BE9,
2025-03-05 20:28:22.697635,PV shading detected,Cleared,BE9,
2025-03-05 20:49:56.367831,Rack structure fault detected,Active,BE15,
2025-03-05 22:20:36.582889,Rack structure fault detected,Active,BE15,
2025-03-05 22:34:56.038593,PV cell breakage detected,Active,BE10,
2025-03-05 22:41:51.588639,PV glass breakage detected,Active,BE7,
2025-03-05 22:44:51.267511,PV solder bond failure detected,Active,BE11,
2025-03-06 00:11:48.932673,PV interconnect fault detected,Cleared,BE5,
2025-03-06 00:30:02.355517,Rack structure fault detected,Active,BE15,
2025-03-06 01:39:36.972032,PV cell breakage detected,Active,BE10,
2025-03-06 01:54:50.942970,PV solder bond failure detected,Cleared,BE11,
2025-03-06 02:22:42.146347,PV solder bond failure detected,Active,BE11,
2025-03-06 02:32:36.794813,Rack structure fault detected,Cleared,BE15,
2025-03-06 03:12:12.126139,PV soiling detected,Active,BE8,
2025-03-06 03:14:54.087934,PV cell breakage detected,Cleared,BE10,
2025-03-06 03:33:09.713159,PV solder bond failure detected,Active,BE11,
2025-03-06 04:30:28.232837,Rack structure fault detected,Cleared,BE15,
2025-03-06 04:48:48.047246,PV solder bond failure detected,Active,BE11,
2025-03-06 04:53:01.237811,Encapsulant fault detected,Cleared,BE16,
2025-03-06 07:21:14.569284,PV cell breakage detected,Active,BE10,
2025-03-06 07:39:16.488483,PV cell breakage detected,Cleared,BE10,
2025-03-06 08:27:18.478321,PV solder bond failure detected,Active,BE11,
2025-03-06 09:44:52.914894,PV solder bond failure detected,Cleared,BE11,
2025-03-06 10:36:38.402697,PV solder bond failure detected,Cleared,BE11,
2025-03-06 11:12:12.126139,PV soiling detected,Cleared,BE8,
2025-03-06 14:50:17.244243,Grounding system fault detected,Cleared,BE6,
2025-03-06 15:30:46.409436,PV hot spot detected,Active,BE12,
2025-03-06 16:57:37.096407,PV interconnect fault detected,Cleared,BE5,
2025-03-06 17:07:54.035970,PV interconnect fault detected,Cleared,BE5,
2025-03-06 17:42:38.529429,PV cell breakage detected,Cleared,BE10,
2025-03-06 17:58:36.168449,PV solder bond failure detected,Active,BE11,
2025-03-06 18:30:04.217022,PV interconnect fault detected,Active,BE5,
2025-03-06 18:35:24.265427,PV interconnect fault detected,Cleared,BE5,
2025-03-06 19:08:48.281467,PV interconnect fault detected,Cleared,BE5,
2025-03-06 19:38:17.704953,PV interconnect fault detected,Cleared,BE5,
2025-03-06 20:24:36.162618,PV cell breakage detected,Cleared,BE10,
2025-03-06 20:38:46.918266,Rack structure fault detected,Cleared,BE15,
2025-03-06 22:41:51.588639,PV glass breakage detected,Cleared,BE7,
2025-03-06 23:00:50.064342,Encapsulant fault detected,Cleared,BE16,
2025-03-07 00:12:26.913507,PV cell breakage detected,Cleared,BE10,
2025-03-07 03:09:42.297494,PV cell breakage detected,Active,BE10,
2025-03-07 03:45:42.260215,PV shading detected,Active,BE9,
2025-03-07 04:50:15.881812,Encapsulant fault detected,Active,BE16,
2025-03-07 05:15:38.580226,Rack structure fault detected,Active,BE15,
2025-03-07 05:22:04.488912,PV solder bond failure detected,Cleared,BE11,
2025-03-07 05:47:59.457356,Cable aging fault detected,Active,BE18,
2025-03-07 06:42:43.910666,PV solder bond failure detected,Cleared,BE11,
2025-03-07 08:52:39.136669,PV interconnect fault detected,Active,BE5,
2025-03-07 09:19:33.527792,PV solder bond failure detected,Active,BE11,
2025-03-07 09:47:59.457356,Cable aging fault detected,Cleared,BE18,
2025-03-07 09:55:01.045317,PV solder bond failure detected,Active,BE11,
2025-03-07 10:06:32.304569,MCB 2 fault detected,Active,BE4,
2025-03-07 11:45:42.260215,PV shading detected,Cleared,BE9,
2025-03-07 13:16:05.002322,PV solder bond failure detected,Cleared,BE11,
2025-03-07 13:16:31.372586,PV solder bond failure detected,Active,BE11,
2025-03-07 13:59:08.738055,PV solder bond failure detected,Active,BE11,
2025-03-07 14:05:53.808935,PV solder bond failure detected,Active,BE11,
2025-03-07 14:11:36.840513,PV cell breakage detected,Active,BE10,
2025-03-07 14:46:10.376341,PV cell breakage detected,Active,BE10,
2025-03-07 14:57:43.410284,PV solder bond failure detected,Cleared,BE11,
2025-03-07 15:30:46.409436,PV hot spot detected,Cleared,BE12,
2025-03-07 15:33:53.758108,Rack structure fault detected,Active,BE15,
2025-03-07 16:11:55.343411,PV cell breakage detected,Active,BE10,
2025-03-07 16:16:09.522710,PV cell breakage detected,Active,BE10,
2025-03-07 16:28:31.672601,PV interconnect fault detected,Active,BE5,
2025-03-07 17:25:49.324387,PV solder bond failure detected,Cleared,BE11,
2025-03-07 17:28:05.471000,Encapsulant fault detected,Cleared,BE16,
2025-03-07 17:41:32.818067,PV interconnect fault detected,Active,BE5,
2025-03-07 18:23:08.724642,Rack structure fault detected,Cleared,BE15,
2025-03-07 18:30:04.217022,PV interconnect fault detected,Cleared,BE5,
2025-03-07 20:06:32.304569,MCB 2 fault detected,Cleared,BE4,
2025-03-07 20:49:56.367831,Rack structure fault detected,Cleared,BE15,
2025-03-07 21:23:14.284707,PV solder bond failure detected,Active,BE11,
2025-03-07 21:58:40.737668,PV shading detected,Active,BE9,
2025-03-07 22:20:36.582889,Rack structure fault detected,Cleared,BE15,
2025-03-07 22:34:56.038593,PV cell breakage detected,Cleared,BE10,
2025-03-07 22:44:51.267511,PV solder bond failure detected,Cleared,BE11,
2025-03-08 00:12:11.222222,Rack structure fault detected,Active,BE15,
2025-03-08 00:30:02.355517,Rack structure fault detected,Cleared,BE15,
2025-03-08 01:12:31.479163,PV cell breakage detected,Active,BE10,
2025-03-08 01:39:36.972032,PV cell breakage detected,Cleared,BE10,
2025-03-08 01:41:20.816612,PV interconnect fault detected,Active,BE5,
2025-03-08 01:45:03.866133,Rack structure fault detected,Active,BE15,
2025-03-08 01:54:54.630203,PV shading detected,Active,BE9,
2025-03-08 02:22:42.146347,PV solder bond failure detected,Cleared,BE11,
2025-03-08 03:33:09.713159,PV solder bond failure detected,Cleared,BE11,
2025-03-08 03:35:26.224093,PV solder bond failure detected,Active,BE11,
2025-03-08 04:47:14.459207,PV solder bond failure detected,Active,BE11,
2025-03-08 04:48:48.047246,PV solder bond failure detected,Cleared,BE11,
2025-03-08 05:58:40.737668,PV shading detected,Cleared,BE9,
2025-03-08 06:25:24.078323,Grounding system fault detected,Active,BE6,
2025-03-08 06:31:57.549416,PV cell breakage detected,Active,BE10,
2025-03-08 06:34:42.230997,PV solder bond failure detected,Active,BE11,
2025-03-08 06:44:23.104546,PV solder bond failure detected,Active,BE11,
2025-03-08 07:21:14.569284,PV cell breakage detected,Cleared,BE10,
2025-03-08 07:49:32.940287,PV cell breakage detected,Active,BE10,
2025-03-08 08:27:18.478321,PV solder bond failure detected,Cleared,BE11,
2025-03-08 08:52:39.136669,PV interconnect fault detected,Cleared,BE5,
2025-03-08 09:16:16.575424,PV interconnect fault detected,Active,BE5,
2025-03-08 09:54:54.630203,PV shading detected,Cleared,BE9,
2025-03-08 11:31:09.967458,PV interconnect fault detected,Active,BE5,
2025-03-08 16:08:04.329160,Rack structure fault detected,Active,BE15,
2025-03-08 16:28:31.672601,PV interconnect fault detected,Cleared,BE5,
2025-03-08 17:41:32.818067,PV interconnect fault detected,Cleared,BE5,
2025-03-08 17:58:36.168449,PV solder bond failure detected,Cleared,BE11,
2025-03-08 18:14:38.441131,PV interconnect fault detected,Active,BE5,
2025-03-08 18:51:16.847698,PV solder bond failure detected,Active,BE11,
2025-03-08 20:12:26.116061,Encapsulant fault detected,Active,BE16,
2025-03-08 20:57:48.161124,PV hot spot detected,Active,BE12,
2025-03-09 00:15:09.786432,PV interconnect fault detected,Active,BE5,
2025-03-09 00:37:56.262381,PV soiling detected,Active,BE8,
2025-03-09 01:41:20.816612,PV interconnect fault detected,Cleared,BE5,
2025-03-09 03:09:42.297494,PV cell breakage detected,Cleared,BE10,
2025-03-09 04:50:15.881812,Encapsulant fault detected,Cleared,BE16,
2025-03-09 05:15:38.580226,Rack structure fault detected,Cleared,BE15,
2025-03-09 06:25:24.078323,Grounding system fault detected,Cleared,BE6,
2025-03-09 08:37:56.262381,PV soiling detected,Cleared,BE8,
2025-03-09 09:16:16.575424,PV interconnect fault detected,Cleared,BE5,
2025-03-09 09:19:33.527792,PV solder bond failure detected,Cleared,BE11,
2025-03-09 09:55:01.045317,PV solder bond failure detected,Cleared,BE11,
2025-03-09 11:31:09.967458,PV interconnect fault detected,Cleared,BE5,
2025-03-09 11:33:41.379322,PV interconnect fault detected,Active,BE5,
2025-03-09 12:14:34.877829,PV cell breakage detected,Active,BE10,
2025-03-09 13:16:31.372586,PV solder bond failure detected,Cleared,BE11,
2025-03-09 13:59:08.738055,PV solder bond failure detected,Cleared,BE11,
2025-03-09 14:05:53.808935,PV solder bond failure detected,Cleared,BE11,
2025-03-09 14:11:36.840513,PV cell breakage detected,Cleared,BE10,
2025-03-09 14:46:10.376341,PV cell breakage detected,Cleared,BE10,
2025-03-09 15:33:53.758108,Rack structure fault detected,Cleared,BE15,
2025-03-09 16:11:55.343411,PV cell breakage detected,Cleared,BE10,
2025-03-09 16:16:09.522710,PV cell breakage detected,Cleared,BE10,
2025-03-09 18:14:38.441131,PV interconnect fault detected,Cleared,BE5,
2025-03-09 19:00:28.921566,PV cell breakage detected,Active,BE10,
2025-03-09 19:34:46.163883,PV solder bond failure detected,Active,BE11,
2025-03-09 19:54:41.873096,Rack structure fault detected,Active,BE15,
2025-03-09 20:33:30.076530,PV solder bond failure detected,Active,BE11,
2025-03-09 20:57:48.161124,PV hot spot detected,Cleared,BE12,
2025-03-09 21:23:14.284707,PV solder bond failure detected,Cleared,BE11,
2025-03-09 21:29:30.195728,PV cell breakage detected,Active,BE10,
2025-03-09 22:19:44.097173,PV solder bond failure detected,Active,BE11,
2025-03-09 22:21:11.289996,PV shading detected,Active,BE9,
2025-03-09 22:51:38.291060,Grounding system fault detected,Active,BE6,
2025-03-09 23:28:39.870217,PV interconnect fault detected,Active,BE5,
2025-03-10 00:01:32.735069,PV interconnect fault detected,Active,BE5,
2025-03-10 00:12:11.222222,Rack structure fault detected,Cleared,BE15,
2025-03-10 00:15:09.786432,PV interconnect fault detected,Cleared,BE5,
2025-03-10 01:12:31.479163,PV cell breakage detected,Cleared,BE10,
2025-03-10 01:45:03.866133,Rack structure fault detected,Cleared,BE15,
2025-03-10 03:35:26.224093,PV solder bond failure detected,Cleared,BE11,
2025-03-10 03:43:08.834180,PV cell breakage detected,Active,BE10,
2025-03-10 04:47:14.459207,PV solder bond failure detected,Cleared,BE11,
2025-03-10 05:34:26.522502,PV interconnect fault detected,Active,BE5,
2025-03-10 06:21:11.289996,PV shading detected,Cleared,BE9,
2025-03-10 06:31:57.549416,PV cell breakage detected,Cleared,BE10,
2025-03-10 06:34:42.230997,PV solder bond failure detected,Cleared,BE11,
2025-03-10 06:44:23.104546,PV solder bond failure detected,Cleared,BE11,
2025-03-10 07:49:32.940287,PV cell breakage detected,Cleared,BE10,
2025-03-10 08:49:08.800179,PV shading detected,Active,BE9,
2025-03-10 11:33:41.379322,PV interconnect fault detected,Cleared,BE5,
2025-03-10 11:58:03.076859,PV solder bond failure detected,Active,BE11,
2025-03-10 13:55:39.459244,PV cell breakage detected,Active,BE10,
2025-03-10 14:38:19.886913,PV cell breakage detected,Active,BE10,
2025-03-10 16:08:04.329160,Rack structure fault detected,Cleared,BE15,
2025-03-10 16:28:22.272726,Encapsulant fault detected,Active,BE16,
2025-03-10 16:49:08.800179,PV shading detected,Cleared,BE9,
2025-03-10 17:11:41.628663,PV interconnect fault detected,Active,BE5,
2025-03-10 17:31:09.668400,PV cell breakage detected,Active,BE10,
2025-03-10 18:13:16.191371,Encapsulant fault detected,Active,BE16,
2025-03-10 18:44:34.116172,PV shading detected,Active,BE9,
2025-03-10 18:51:16.847698,PV solder bond failure detected,Cleared,BE11,
2025-03-10 20:04:21.726038,Rack structure fault detected,Active,BE15,
2025-03-10 20:12:26.116061,Encapsulant fault detected,Cleared,BE16,
2025-03-10 22:51:38.291060,Grounding system fault detected,Cleared,BE6,
2025-03-10 23:28:39.870217,PV interconnect fault detected,Cleared,BE5,
2025-03-11 00:01:32.735069,PV interconnect fault detected,Cleared,BE5,
2025-03-11 01:27:45.009625,PV interconnect fault detected,Active,BE5,
2025-03-11 02:44:34.116172,PV shading detected,Cleared,BE9,
2025-03-11 03:01:04.423543,PV glass breakage detected,Active,BE7,
2025-03-11 05:27:19.814225,PV soiling detected,Active,BE8,
2025-03-11 05:31:10.157001,PV solder bond failure detected,Active,BE11,
2025-03-11 05:32:26.067161,MCB 2 fault detected,Active,BE4,
2025-03-11 05:34:26.522502,PV interconnect fault detected,Cleared,BE5,
2025-03-11 08:00:09.169966,Encapsulant fault detected,Active,BE16,
2025-03-11 08:16:18.105067,PV cell breakage detected,Active,BE10,
2025-03-11 08:42:04.309245,Grounding system fault detected,Active,BE6,
2025-03-11 09:10:42.354565,PV solder bond failure detected,Active,BE11,
2025-03-11 09:31:40.024204,PV solder bond failure detected,Active,BE11,
2025-03-11 09:33:56.825937,Rack structure fault detected,Active,BE15,
2025-03-11 09:47:52.985056,PV solder bond failure detected,Active,BE11,
2025-03-11 10:24:32.069144,PV shading detected,Active,BE9,
2025-03-11 10:38:21.660613,Rack structure fault detected,Active,BE15,
2025-03-11 12:14:34.877829,PV cell breakage detected,Cleared,BE10,
2025-03-11 12:16:29.598324,Rack structure fault detected,Active,BE15,
2025-03-11 12:58:06.693475,Rack structure fault detected,Active,BE15,
2025-03-11 13:27:19.814225,PV soiling detected,Cleared,BE8,
2025-03-11 13:47:32.872759,PV cell breakage detected,Active,BE10,
2025-03-11 15:32:08.759875,PV solder bond failure detected,Active,BE11,
2025-03-11 15:32:26.067161,MCB 2 fault detected,Cleared,BE4,
2025-03-11 17:03:08.146188,Rack structure fault detected,Active,BE15,
2025-03-11 17:11:41.628663,PV interconnect fault detected,Cleared,BE5,
2025-03-11 18:24:32.069144,PV shading detected,Cleared,BE9,
2025-03-11 18:53:30.759346,PV solder bond failure detected,Active,BE11,
2025-03-11 19:00:28.921566,PV cell breakage detected,Cleared,BE10,
2025-03-11 19:03:07.690213,Rack structure fault detected,Active,BE15,
2025-03-11 19:05:14.561082,PV solder bond failure detected,Active,BE11,
2025-03-11 19:34:46.163883,PV solder bond failure detected,Cleared,BE11,
2025-03-11 19:54:41.873096,Rack structure fault detected,Cleared,BE15,
2025-03-11 20:33:30.076530,PV solder bond failure detected,Cleared,BE11,
2025-03-11 20:53:09.630242,PV cell breakage detected,Active,BE10,
2025-03-11 21:29:30.195728,PV cell breakage detected,Cleared,BE10,
2025-03-11 22:19:44.097173,PV solder bond failure detected,Cleared,BE11,
2025-03-11 23:11:00.283504,Rack structure fault detected,Active,BE15,
2025-03-12 00:24:35.624653,PV interconnect fault detected,Active,BE5,
2025-03-12 00:58:24.797746,PV solder bond failure detected,Active,BE11,
2025-03-12 01:02:59.988226,PV solder bond failure detected,Active,BE11,
2025-03-12 01:27:45.009625,PV interconnect fault detected,Cleared,BE5,
2025-03-12 01:58:18.665762,PV cell breakage detected,Active,BE10,
2025-03-12 02:22:28.116453,PV cell breakage detected,Active,BE10,
2025-03-12 03:01:04.423543,PV glass breakage detected,Cleared,BE7,
2025-03-12 03:43:08.834180,PV cell breakage detected,Cleared,BE10,
2025-03-12 03:59:59.227043,PV cell breakage detected,Active,BE10,
2025-03-12 05:23:13.913710,PV shading detected,Active,BE9,
2025-03-12 05:51:11.513883,Rack structure fault detected,Active,BE15,
2025-03-12 06:26:02.778720,Grounding system fault detected,Active,BE6,
2025-03-12 07:40:11.397398,Encapsulant fault detected,Active,BE16,
2025-03-12 08:42:04.309245,Grounding system fault detected,Cleared,BE6,
2025-03-12 09:17:20.920699,PV cell breakage detected,Active,BE10,
2025-03-12 11:23:38.414060,PV cell breakage detected,Active,BE10,
2025-03-12 11:27:41.893538,PV solder bond failure detected,Active,BE11,
2025-03-12 11:51:13.807695,PV cell breakage detected,Active,BE10,
2025-03-12 11:58:03.076859,PV solder bond failure detected,Cleared,BE11,
2025-03-12 13:06:59.231634,PV interconnect fault detected,Active,BE5,
2025-03-12 13:23:13.913710,PV shading detected,Cleared,BE9,
2025-03-12 13:55:20.439851,PV solder bond failure detected,Active,BE11,
2025-03-12 13:55:39.459244,PV cell breakage detected,Cleared,BE10,
2025-03-12 14:11:55.240265,PV solder bond failure detected,Active,BE11,
2025-03-12 14:38:19.886913,PV cell breakage detected,Cleared,BE10,
2025-03-12 15:13:07.438816,PV interconnect fault detected,Active,BE5,
2025-03-12 16:05:01.585040,PV interconnect fault detected,Active,BE5,
2025-03-12 16:28:22.272726,Encapsulant fault detected,Cleared,BE16,
2025-03-12 17:31:09.668400,PV cell breakage detected,Cleared,BE10,
2025-03-12 17:31:45.518332,PV shading detected,Active,BE9,
2025-03-12 18:13:16.191371,Encapsulant fault detected,Cleared,BE16,
2025-03-12 19:05:13.159049,PV shading detected,Active,BE9,
2025-03-12 20:04:21.726038,Rack structure fault detected,Cleared,BE15,
2025-03-12 20:10:03.565228,PV solder bond failure detected,Active,BE11,
2025-03-12 22:46:08.762672,Grounding system fault detected,Active,BE6,
2025-03-12 23:34:37.307482,PV solder bond failure detected,Active,BE11,
2025-03-12 23:46:44.272826,PV shading detected,Active,BE9,
2025-03-13 00:24:35.624653,PV interconnect fault detected,Cleared,BE5,
2025-03-13 00:37:34.836720,Grounding system fault detected,Active,BE6,
2025-03-13 01:31:45.518332,PV shading detected,Cleared,BE9,
2025-03-13 03:05:13.159049,PV shading detected,Cleared,BE9,
2025-03-13 04:14:23.038108,PV interconnect fault detected,Active,BE5,
2025-03-13 04:29:47.366143,PV cell breakage detected,Active,BE10,
2025-03-13 04:33:26.402902,PV interconnect fault detected,Active,BE5,
2025-03-13 05:31:10.157001,PV solder bond failure detected,Cleared,BE11,
2025-03-13 06:26:02.778720,Grounding system fault detected,Cleared,BE6,
2025-03-13 07:46:44.272826,PV shading detected,Cleared,BE9,
2025-03-13 08:00:09.169966,Encapsulant fault detected,Cleared,BE16,
2025-03-13 08:16:18.105067,PV cell breakage detected,Cleared,BE10,
2025-03-13 08:29:01.471004,Encapsulant fault detected,Active,BE16,
2025-03-13 09:10:42.354565,PV solder bond failure detected,Cleared,BE11,
2025-03-13 09:31:40.024204,PV solder bond failure detected,Cleared,BE11,
2025-03-13 09:33:56.825937,Rack structure fault detected,Cleared,BE15,
2025-03-13 09:47:52.985056,PV solder bond failure detected,Cleared,BE11,
2025-03-13 10:38:21.660613,Rack structure fault detected,Cleared,BE15,
2025-03-13 11:20:27.330590,Grounding system fault detected,Active,BE6,
2025-03-13 12:16:29.598324,Rack structure fault detected,Cleared,BE15,
2025-03-13 12:58:06.693475,Rack structure fault detected,Cleared,BE15,
2025-03-13 13:06:59.231634,PV interconnect fault detected,Cleared,BE5,
2025-03-13 13:47:32.872759,PV cell breakage detected,Cleared,BE10,
2025-03-13 14:58:30.546639,PV interconnect fault detected,Active,BE5,
2025-03-13 15:13:07.438816,PV interconnect fault detected,Cleared,BE5,
2025-03-13 15:32:08.759875,PV solder bond failure detected,Cleared,BE11,
2025-03-13 16:05:01.585040,PV interconnect fault detected,Cleared,BE5,
2025-03-13 17:03:08.146188,Rack structure fault detected,Cleared,BE15,
2025-03-13 18:53:30.759346,PV solder bond failure detected,Cleared,BE11,
2025-03-13 19:03:07.690213,Rack structure fault detected,Cleared,BE15,
2025-03-13 19:05:14.561082,PV solder bond failure detected,Cleared,BE11,
2025-03-13 20:51:26.993510,Grounding system fault detected,Active,BE6,
2025-03-13 20:53:09.630242,PV cell breakage detected,Cleared,BE10,
2025-03-13 21:08:43.465632,Rack structure fault detected,Active,BE15,
2025-03-13 22:46:08.762672,Grounding system fault detected,Cleared,BE6,
2025-03-13 23:11:00.283504,Rack structure fault detected,Cleared,BE15,
2025-03-14 00:04:09.748122,PV solder bond failure detected,Active,BE11,
2025-03-14 00:37:34.836720,Grounding system fault detected,Cleared,BE6,
2025-03-14 00:51:21.921235,Encapsulant fault detected,Active,BE16,
2025-03-14 00:58:24.797746,PV solder bond failure detected,Cleared,BE11,
2025-03-14 01:02:59.988226,PV solder bond failure detected,Cleared,BE11,
2025-03-14 01:58:18.665762,PV cell breakage detected,Cleared,BE10,
2025-03-14 02:22:28.116453,PV cell breakage detected,Cleared,BE10,
2025-03-14 02:59:44.559317,Grounding system fault detected,Active,BE6,
2025-03-14 03:59:59.227043,PV cell breakage detected,Cleared,BE10,
2025-03-14 04:03:26.112993,Encapsulant fault detected,Active,BE16,
2025-03-14 04:14:23.038108,PV interconnect fault detected,Cleared,BE5,
2025-03-14 04:33:26.402902,PV interconnect fault detected,Cleared,BE5,
2025-03-14 05:21:11.359554,PV solder bond failure detected,Active,BE11,
2025-03-14 05:41:27.288998,PV shading detected,Active,BE9,
2025-03-14 05:51:11.513883,Rack structure fault detected,Cleared,BE15,
2025-03-14 07:31:04.828958,PV solder bond failure detected,Active,BE11,
2025-03-14 07:40:11.397398,Encapsulant fault detected,Cleared,BE16,
2025-03-14 08:34:54.413956,PV shading detected,Active,BE9,
2025-03-14 09:17:20.920699,PV cell breakage detected,Cleared,BE10,
2025-03-14 10:04:30.293331,Rack structure fault detected,Active,BE15,
2025-03-14 11:20:27.330590,Grounding system fault detected,Cleared,BE6,
2025-03-14 11:23:38.414060,PV cell breakage detected,Cleared,BE10,
2025-03-14 11:27:41.893538,PV solder bond failure detected,Cleared,BE11,
2025-03-14 11:51:13.807695,PV cell breakage detected,Cleared,BE10,
2025-03-14 13:41:27.288998,PV shading detected,Cleared,BE9,
2025-03-14 13:52:16.822977,PV shading detected,Active,BE9,
2025-03-14 13:55:20.439851,PV solder bond failure detected,Cleared,BE11,
2025-03-14 14:11:55.240265,PV solder bond failure detected,Cleared,BE11,
2025-03-14 14:58:30.546639,PV interconnect fault detected,Cleared,BE5,
2025-03-14 15:49:46.742837,PV solder bond failure detected,Active,BE11,
2025-03-14 16:07:59.778444,PV cell breakage detected,Active,BE10,
2025-03-14 16:34:54.413956,PV shading detected,Cleared,BE9,
2025-03-14 17:57:35.364435,PV solder bond failure detected,Active,BE11,
2025-03-14 20:10:03.565228,PV solder bond failure detected,Cleared,BE11,
2025-03-14 20:18:01.927707,PV shading detected,Active,BE9,
2025-03-14 20:51:26.993510,Grounding system fault detected,Cleared,BE6,
2025-03-14 21:52:16.822977,PV shading detected,Cleared,BE9,
2025-03-14 23:34:37.307482,PV solder bond failure detected,Cleared,BE11,
2025-03-15 00:16:33.757506,PV interconnect fault detected,Active,BE5,
2025-03-15 02:52:38.331654,PV shading detected,Active,BE9,
2025-03-15 02:59:44.559317,Grounding system fault detected,Cleared,BE6,
2025-03-15 04:18:01.927707,PV shading detected,Cleared,BE9,
2025-03-15 04:29:47.366143,PV cell breakage detected,Cleared,BE10,
2025-03-15 05:13:31.499888,Grounding system fault detected,Active,BE6,
2025-03-15 06:15:55.266979,PV cell breakage detected,Active,BE10,
2025-03-15 08:04:05.469403,Encapsulant fault detected,Active,BE16,
2025-03-15 08:16:05.253416,MCB 1 fault detected,Active,BE3,
2025-03-15 08:29:01.471004,Encapsulant fault detected,Cleared,BE16,
2025-03-15 09:44:10.256991,PV solder bond failure detected,Active,BE11,
2025-03-15 10:10:42.209683,Fuse installation fault detected,Active,BE2,
2025-03-15 10:24:12.584978,PV interconnect fault detected,Active,BE5,
2025-03-15 10:47:20.710272,Rack structure fault detected,Active,BE15,
2025-03-15 10:52:38.331654,PV shading detected,Cleared,BE9,
2025-03-15 12:53:38.192240,PV solder bond failure detected,Active,BE11,
2025-03-15 13:39:48.196767,PV shading detected,Active,BE9,
2025-03-15 14:10:42.209683,Fuse installation fault detected,Cleared,BE2,
2025-03-15 16:12:38.997413,PV interconnect fault detected,Active,BE5,
2025-03-15 18:15:42.848340,PV solder bond failure detected,Active,BE11,
2025-03-15 18:16:05.253416,MCB 1 fault detected,Cleared,BE3,
2025-03-15 18:36:39.259080,PV solder bond failure detected,Active,BE11,
2025-03-15 19:12:13.070135,Grounding system fault detected,Active,BE6,
2025-03-15 20:55:42.662177,Grounding system fault detected,Active,BE6,
2025-03-15 21:08:43.465632,Rack structure fault detected,Cleared,BE15,
2025-03-15 21:39:48.196767,PV shading detected,Cleared,BE9,
2025-03-15 22:20:43.869943,PV solder bond failure detected,Active,BE11,
2025-03-15 23:30:32.717814,PV cell breakage detected,Active,BE10,
2025-03-16 00:04:09.748122,PV solder bond failure detected,Cleared,BE11,
2025-03-16 00:16:33.757506,PV interconnect fault detected,Cleared,BE5,
2025-03-16 00:51:21.921235,Encapsulant fault detected,Cleared,BE16,
2025-03-16 01:59:37.562673,PV cell breakage detected,Active,BE10,
2025-03-16 02:00:14.224223,Grounding system fault detected,Active,BE6,
2025-03-16 03:47:10.199782,Rack structure fault detected,Active,BE15,
2025-03-16 04:03:26.112993,Encapsulant fault detected,Cleared,BE16,
2025-03-16 04:23:43.982853,PV interconnect fault detected,Active,BE5,
2025-03-16 05:13:31.499888,Grounding system fault detected,Cleared,BE6,
2025-03-16 05:21:11.359554,PV solder bond failure detected,Cleared,BE11,
2025-03-16 05:25:24.041016,Rack structure fault detected,Active,BE15,
2025-03-16 06:24:28.419377,Encapsulant fault detected,Active,BE16,
2025-03-16 07:31:04.828958,PV solder bond failure detected,Cleared,BE11,
2025-03-16 07:59:17.257173,Encapsulant fault detected,Active,BE16,
2025-03-16 10:04:30.293331,Rack structure fault detected,Cleared,BE15,
2025-03-16 10:21:21.578449,PV solder bond failure detected,Active,BE11,
2025-03-16 10:24:12.584978,PV interconnect fault detected,Cleared,BE5,
2025-03-16 11:38:27.215791,PV interconnect fault detected,Active,BE5,
2025-03-16 15:49:46.742837,PV solder bond failure detected,Cleared,BE11,
2025-03-16 16:07:59.778444,PV cell breakage detected,Cleared,BE10,
2025-03-16 16:12:38.997413,PV interconnect fault detected,Cleared,BE5,
2025-03-16 17:57:35.364435,PV solder bond failure detected,Cleared,BE11,
2025-03-16 18:55:21.449350,Encapsulant fault detected,Active,BE16,
2025-03-16 19:12:13.070135,Grounding system fault detected,Cleared,BE6,
2025-03-16 20:55:42.662177,Grounding system fault detected,Cleared,BE6,
2025-03-16 20:57:53.784327,PV interconnect fault detected,Active,BE5,
2025-03-16 21:22:19.402992,PV solder bond failure detected,Active,BE11,
2025-03-16 22:13:55.098831,PV shading detected,Active,BE9,
2025-03-16 22:16:33.016370,Encapsulant fault detected,Active,BE16,
2025-03-16 23:04:49.020245,PV solder bond failure detected,Active,BE11,
2025-03-16 23:41:17.361029,Rack structure fault detected,Active,BE15,
2025-03-17 00:48:13.647348,PV solder bond failure detected,Active,BE11,
2025-03-17 01:21:39.364824,PV shading detected,Active,BE9,
2025-03-17 01:27:59.784618,Grounding system fault detected,Active,BE6,
2025-03-17 02:00:14.224223,Grounding system fault detected,Cleared,BE6,
2025-03-17 02:49:58.766833,PV shading detected,Active,BE9,
2025-03-17 03:04:57.446346,Grounding system fault detected,Active,BE6,
2025-03-17 04:06:04.769512,Rack structure fault detected,Active,BE15,
2025-03-17 04:23:43.982853,PV interconnect fault detected,Cleared,BE5,
2025-03-17 05:19:58.220774,PV shading detected,Active,BE9,
2025-03-17 05:29:55.126290,Encapsulant fault detected,Active,BE16,
2025-03-17 05:49:07.540142,Encapsulant fault detected,Active,BE16,
2025-03-17 06:13:55.098831,PV shading detected,Cleared,BE9,
2025-03-17 06:15:55.266979,PV cell breakage detected,Cleared,BE10,
2025-03-17 07:00:15.479063,PV cell breakage detected,Active,BE10,
2025-03-17 08:04:05.469403,Encapsulant fault detected,Cleared,BE16,
2025-03-17 08:58:16.276988,PV cell breakage detected,Active,BE10,
2025-03-17 09:21:39.364824,PV shading detected,Cleared,BE9,
2025-03-17 09:44:10.256991,PV solder bond failure detected,Cleared,BE11,
2025-03-17 10:47:20.710272,Rack structure fault detected,Cleared,BE15,
2025-03-17 10:49:58.766833,PV shading detected,Cleared,BE9,
2025-03-17 11:38:27.215791,PV interconnect fault detected,Cleared,BE5,
2025-03-17 12:14:08.859264,PV solder bond failure detected,Active,BE11,
2025-03-17 12:53:38.192240,PV solder bond failure detected,Cleared,BE11,
2025-03-17 13:03:02.638033,PV hot spot detected,Active,BE12,
2025-03-17 13:18:05.206757,MCB 2 fault detected,Active,BE4,
2025-03-17 13:19:58.220774,PV shading detected,Cleared,BE9,
2025-03-17 14:47:24.943656,Encapsulant fault detected,Active,BE16,
2025-03-17 18:04:54.453977,Rack structure fault detected,Active,BE15,
2025-03-17 18:15:42.848340,PV solder bond failure detected,Cleared,BE11,
2025-03-17 18:36:39.259080,PV solder bond failure detected,Cleared,BE11,
2025-03-17 20:57:53.784327,PV interconnect fault detected,Cleared,BE5,
2025-03-17 22:20:43.869943,PV solder bond failure detected,Cleared,BE11,
2025-03-17 23:18:05.206757,MCB 2 fault detected,Cleared,BE4,
2025-03-17 23:30:32.717814,PV cell breakage detected,Cleared,BE10,
2025-03-17 23:48:05.764744,Rack structure fault detected,Active,BE15,
2025-03-18 01:27:59.784618,Grounding system fault detected,Cleared,BE6,
2025-03-18 01:59:37.562673,PV cell breakage detected,Cleared,BE10,
2025-03-18 03:04:57.446346,Grounding system fault detected,Cleared,BE6,
2025-03-18 03:47:10.199782,Rack structure fault detected,Cleared,BE15,
2025-03-18 04:47:39.736819,Encapsulant fault detected,Active,BE16,
2025-03-18 05:25:24.041016,Rack structure fault detected,Cleared,BE15,
2025-03-18 06:06:07.892274,PV shading detected,Active,BE9,
2025-03-18 06:09:27.250975,PV solder bond failure detected,Active,BE11,
2025-03-18 06:24:28.419377,Encapsulant fault detected,Cleared,BE16,
2025-03-18 06:30:45.152251,PV interconnect fault detected,Active,BE5,
2025-03-18 06:49:53.540163,PV solder bond failure detected,Active,BE11,
2025-03-18 07:59:17.257173,Encapsulant fault detected,Cleared,BE16,
2025-03-18 10:21:21.578449,PV solder bond failure detected,Cleared,BE11,
2025-03-18 10:51:09.646720,PV solder bond failure detected,Active,BE11,
2025-03-18 11:38:23.185518,PV hot spot detected,Active,BE12,
2025-03-18 12:05:56.215513,PV cell breakage detected,Active,BE10,
2025-03-18 12:16:48.025756,PV interconnect fault detected,Active,BE5,
2025-03-18 13:03:02.638033,PV hot spot detected,Cleared,BE12,
2025-03-18 13:37:15.998826,PV solder bond failure detected,Active,BE11,
2025-03-18 14:06:07.892274,PV shading detected,Cleared,BE9,
2025-03-18 17:53:48.422863,PV shading detected,Active,BE9,
2025-03-18 17:57:51.222733,Grounding system fault detected,Active,BE6,
2025-03-18 18:55:21.449350,Encapsulant fault detected,Cleared,BE16,
2025-03-18 21:22:19.402992,PV solder bond failure detected,Cleared,BE11,
2025-03-18 21:43:24.222867,PV shading detected,Active,BE9,
2025-03-18 21:45:00.969819,Encapsulant fault detected,Active,BE16,
2025-03-18 22:16:33.016370,Encapsulant fault detected,Cleared,BE16,
2025-03-18 23:04:49.020245,PV solder bond failure detected,Cleared,BE11,
2025-03-18 23:41:17.361029,Rack structure fault detected,Cleared,BE15,
2025-03-19 00:48:13.647348,PV solder bond failure detected,Cleared,BE11,
2025-03-19 01:53:48.422863,PV shading detected,Cleared,BE9,
2025-03-19 03:22:37.925955,PV solder bond failure detected,Active,BE11,
2025-03-19 03:57:49.515921,PV solder bond failure detected,Active,BE11,
2025-03-19 04:06:04.769512,Rack structure fault detected,Cleared,BE15,
2025-03-19 05:29:55.126290,Encapsulant fault detected,Cleared,BE16,
2025-03-19 05:33:30.840320,PV solder bond failure detected,Active,BE11,
2025-03-19 05:43:24.222867,PV shading detected,Cleared,BE9,
2025-03-19 05:49:07.540142,Encapsulant fault detected,Cleared,BE16,
2025-03-19 06:30:45.152251,PV interconnect fault detected,Cleared,BE5,
2025-03-19 07:00:15.479063,PV cell breakage detected,Cleared,BE10,
2025-03-19 07:54:46.597417,Grounding system fault detected,Active,BE6,
2025-03-19 08:58:16.276988,PV cell breakage detected,Cleared,BE10,
2025-03-19 11:38:23.185518,PV hot spot detected,Cleared,BE12,
2025-03-19 12:14:08.859264,PV solder bond failure detected,Cleared,BE11,
2025-03-19 12:16:48.025756,PV interconnect fault detected,Cleared,BE5,
2025-03-19 14:47:24.943656,Encapsulant fault detected,Cleared,BE16,
2025-03-19 14:56:52.994956,PV solder bond failure detected,Active,BE11,
2025-03-19 15:18:07.791245,PV solder bond failure detected,Active,BE11,
2025-03-19 16:51:28.029078,Encapsulant fault detected,Active,BE16,
2025-03-19 16:57:24.135095,PV shading detected,Active,BE9,
2025-03-19 17:57:51.222733,Grounding system fault detected,Cleared,BE6,
2025-03-19 18:04:54.453977,Rack structure fault detected,Cleared,BE15,
2025-03-19 19:51:49.995888,PV solder bond failure detected,Active,BE11,
2025-03-19 21:16:53.097310,Grounding system fault detected,Active,BE6,
2025-03-19 21:47:53.731292,MCB 2 fault detected,Active,BE4,
2025-03-19 23:47:18.559118,PV solder bond failure detected,Active,BE11,
2025-03-19 23:48:05.764744,Rack structure fault detected,Cleared,BE15,
2025-03-20 00:57:24.135095,PV shading detected,Cleared,BE9,
2025-03-20 02:31:33.605378,PV solder bond failure detected,Active,BE11,
2025-03-20 02:41:07.253905,PV interconnect fault detected,Active,BE5,
2025-03-20 04:47:39.736819,Encapsulant fault detected,Cleared,BE16,
2025-03-20 05:54:02.580186,PV solder bond failure detected,Active,BE11,
2025-03-20 06:09:27.250975,PV solder bond failure detected,Cleared,BE11,
2025-03-20 06:49:53.540163,PV solder bond failure detected,Cleared,BE11,
2025-03-20 07:47:53.731292,MCB 2 fault detected,Cleared,BE4,
2025-03-20 07:54:46.597417,Grounding system fault detected,Cleared,BE6,
2025-03-20 10:51:09.646720,PV solder bond failure detected,Cleared,BE11,
2025-03-20 10:58:38.479670,PV solder bond failure detected,Active,BE11,
2025-03-20 11:17:56.665335,PV cell breakage detected,Active,BE10,
2025-03-20 12:05:56.215513,PV cell breakage detected,Cleared,BE10,
2025-03-20 12:09:38.984551,PV solder bond failure detected,Active,BE11,
2025-03-20 13:37:15.998826,PV solder bond failure detected,Cleared,BE11,
2025-03-20 15:24:38.319880,PV shading detected,Active,BE9,
2025-03-20 15:35:50.996815,Grounding system fault detected,Active,BE6,
2025-03-20 17:52:03.980057,PV solder bond failure detected,Active,BE11,
2025-03-20 17:59:30.321540,Cable aging fault detected,Active,BE18,
2025-03-20 21:16:53.097310,Grounding system fault detected,Cleared,BE6,
2025-03-20 21:45:00.969819,Encapsulant fault detected,Cleared,BE16,
2025-03-20 21:59:30.321540,Cable aging fault detected,Cleared,BE18,
2025-03-20 22:27:16.288780,PV cell breakage detected,Active,BE10,
2025-03-20 23:24:38.319880,PV shading detected,Cleared,BE9,
2025-03-21 00:36:22.769924,Encapsulant fault detected,Active,BE16,
2025-03-21 02:41:07.253905,PV interconnect fault detected,Cleared,BE5,
2025-03-21 03:22:37.925955,PV solder bond failure detected,Cleared,BE11,
2025-03-21 03:57:49.515921,PV solder bond failure detected,Cleared,BE11,
2025-03-21 04:51:48.754720,Encapsulant fault detected,Active,BE16,
2025-03-21 04:52:34.853752,PV solder bond failure detected,Active,BE11,
2025-03-21 05:33:30.840320,PV solder bond failure detected,Cleared,BE11,
2025-03-21 06:33:09.644704,PV interconnect fault detected,Active,BE5,
2025-03-21 07:06:57.031369,Encapsulant fault detected,Active,BE16,
2025-03-21 09:07:41.826020,PV interconnect fault detected,Active,BE5,
2025-03-21 09:58:40.726246,PV interconnect fault detected,Active,BE5,
2025-03-21 10:58:06.201371,Rack structure fault detected,Active,BE15,
2025-03-21 11:14:00.953288,PV interconnect fault detected,Active,BE5,
2025-03-21 11:27:03.501707,PV interconnect fault detected,Active,BE5,
2025-03-21 12:37:24.991564,PV interconnect fault detected,Active,BE5,
2025-03-21 12:42:28.016025,PV shading detected,Active,BE9,
2025-03-21 14:28:41.320711,PV solder bond failure detected,Active,BE11,
2025-03-21 14:56:52.994956,PV solder bond failure detected,Cleared,BE11,
2025-03-21 15:09:53.161520,Rack structure fault detected,Active,BE15,
2025-03-21 15:18:07.791245,PV solder bond failure detected,Cleared,BE11,
2025-03-21 15:35:50.996815,Grounding system fault detected,Cleared,BE6,
2025-03-21 15:36:07.207715,PV solder bond failure detected,Active,BE11,
2025-03-21 16:41:20.394214,PV solder bond failure detected,Active,BE11,
2025-03-21 16:51:28.029078,Encapsulant fault detected,Cleared,BE16,
2025-03-21 18:47:19.014271,PV solder bond failure detected,Active,BE11,
2025-03-21 19:39:15.982070,Rack structure fault detected,Active,BE15,
2025-03-21 19:51:49.995888,PV solder bond failure detected,Cleared,BE11,
2025-03-21 20:42:28.016025,PV shading detected,Cleared,BE9,
2025-03-21 21:48:04.232742,PV solder bond failure detected,Active,BE11,
2025-03-21 23:47:18.559118,PV solder bond failure detected,Cleared,BE11,
2025-03-22 01:19:54.835384,PV solder bond failure detected,Active,BE11,
2025-03-22 02:12:13.284015,PV interconnect fault detected,Active,BE5,
2025-03-22 02:31:33.605378,PV solder bond failure detected,Cleared,BE11,
2025-03-22 03:04:35.821331,PV interconnect fault detected,Active,BE5,
2025-03-22 03:07:52.067970,Grounding system fault detected,Active,BE6,
2025-03-22 05:54:02.580186,PV solder bond failure detected,Cleared,BE11,
2025-03-22 06:33:09.644704,PV interconnect fault detected,Cleared,BE5,
2025-03-22 07:37:02.935727,PV interconnect fault detected,Active,BE5,
2025-03-22 08:59:17.436052,PV solder bond failure detected,Active,BE11,
2025-03-22 09:07:41.826020,PV interconnect fault detected,Cleared,BE5,
2025-03-22 09:22:50.083061,PV solder bond failure detected,Active,BE11,
2025-03-22 09:37:04.400793,PV solder bond failure detected,Active,BE11,
2025-03-22 09:58:40.726246,PV interconnect fault detected,Cleared,BE5,
2025-03-22 10:04:05.038573,PV cell breakage detected,Active,BE10,
2025-03-22 10:58:38.479670,PV solder bond failure detected,Cleared,BE11,
2025-03-22 11:14:00.953288,PV interconnect fault detected,Cleared,BE5,
2025-03-22 11:17:56.665335,PV cell breakage detected,Cleared,BE10,
2025-03-22 11:27:03.501707,PV interconnect fault detected,Cleared,BE5,
2025-03-22 11:51:14.216586,Grounding system fault detected,Active,BE6,
2025-03-22 12:09:38.984551,PV solder bond failure detected,Cleared,BE11,
2025-03-22 12:37:24.991564,PV interconnect fault detected,Cleared,BE5,
2025-03-22 12:57:47.170845,PV solder bond failure detected,Active,BE11,
2025-03-22 16:34:45.705131,Encapsulant fault detected,Active,BE16,
2025-03-22 17:15:27.997341,PV shading detected,Active,BE9,
2025-03-22 17:37:39.758799,PV cell breakage detected,Active,BE10,
2025-03-22 17:52:03.980057,PV solder bond failure detected,Cleared,BE11,
2025-03-22 19:34:03.334527,Encapsulant fault detected,Active,BE16,
2025-03-22 20:19:21.551274,PV cell breakage detected,Active,BE10,
2025-03-22 20:33:39.229848,PV shading detected,Active,BE9,
2025-03-22 20:59:47.320724,PV solder bond failure detected,Active,BE11,
2025-03-22 22:26:31.734799,PV solder bond failure detected,Active,BE11,
2025-03-22 22:27:16.288780,PV cell breakage detected,Cleared,BE10,
2025-03-23 00:36:22.769924,Encapsulant fault detected,Cleared,BE16,
2025-03-23 01:15:27.997341,PV shading detected,Cleared,BE9,
2025-03-23 01:28:29.408088,PV cell breakage detected,Active,BE10,
2025-03-23 02:12:13.284015,PV interconnect fault detected,Cleared,BE5,
2025-03-23 02:47:55.673128,MCB 1 fault detected,Active,BE3,
2025-03-23 03:04:35.821331,PV interconnect fault detected,Cleared,BE5,
2025-03-23 03:07:52.067970,Grounding system fault detected,Cleared,BE6,
2025-03-23 04:33:39.229848,PV shading detected,Cleared,BE9,
2025-03-23 04:51:48.754720,Encapsulant fault detected,Cleared,BE16,
2025-03-23 04:52:34.853752,PV solder bond failure detected,Cleared,BE11,
2025-03-23 05:20:27.113606,PV solder bond failure detected,Active,BE11,
2025-03-23 05:38:41.916157,PV interconnect fault detected,Active,BE5,
2025-03-23 05:55:23.916292,PV interconnect fault detected,Active,BE5,
2025-03-23 07:06:57.031369,Encapsulant fault detected,Cleared,BE16,
2025-03-23 07:21:51.191248,PV solder bond failure detected,Active,BE11,
2025-03-23 07:37:02.935727,PV interconnect fault detected,Cleared,BE5,
2025-03-23 08:15:54.011713,Rack structure fault detected,Active,BE15,
2025-03-23 08:36:26.266592,Rack structure fault detected,Active,BE15,
2025-03-23 09:32:58.076694,PV cell breakage detected,Active,BE10,
2025-03-23 10:13:48.327169,PV cell breakage detected,Active,BE10,
2025-03-23 10:58:06.201371,Rack structure fault detected,Cleared,BE15,
2025-03-23 10:58:53.686638,Grounding system fault detected,Active,BE6,
2025-03-23 11:51:14.216586,Grounding system fault detected,Cleared,BE6,
2025-03-23 12:32:44.747973,PV shading detected,Active,BE9,
2025-03-23 12:47:55.673128,MCB 1 fault detected,Cleared,BE3,
2025-03-23 14:28:41.320711,PV solder bond failure detected,Cleared,BE11,
2025-03-23 15:09:53.161520,Rack structure fault detected,Cleared,BE15,
2025-03-23 15:36:07.207715,PV solder bond failure detected,Cleared,BE11,
2025-03-23 16:41:20.394214,PV solder bond failure detected,Cleared,BE11,
2025-03-23 18:47:19.014271,PV solder bond failure detected,Cleared,BE11,
2025-03-23 18:57:48.421987,PV cell breakage detected,Active,BE10,
2025-03-23 19:33:33.254203,PV shading detected,Active,BE9,
2025-03-23 19:39:15.982070,Rack structure fault detected,Cleared,BE15,
2025-03-23 20:32:44.747973,PV shading detected,Cleared,BE9,
2025-03-23 21:48:04.232742,PV solder bond failure detected,Cleared,BE11,
2025-03-23 21:58:22.481385,PV solder bond failure detected,Active,BE11,
2025-03-24 00:58:19.676826,Rack structure fault detected,Active,BE15,
2025-03-24 01:19:54.835384,PV solder bond failure detected,Cleared,BE11,
2025-03-24 01:50:06.065491,PV interconnect fault detected,Active,BE5,
2025-03-24 03:33:33.254203,PV shading detected,Cleared,BE9,
2025-03-24 04:00:14.013734,Grounding system fault detected,Active,BE6,
2025-03-24 05:10:22.136689,PV glass breakage detected,Active,BE7,
2025-03-24 05:38:41.916157,PV interconnect fault detected,Cleared,BE5,
2025-03-24 05:44:54.723655,PV interconnect fault detected,Active,BE5,
2025-03-24 05:55:23.916292,PV interconnect fault detected,Cleared,BE5,
2025-03-24 07:14:05.792584,PV interconnect fault detected,Active,BE5,
2025-03-24 08:59:17.436052,PV solder bond failure detected,Cleared,BE11,
2025-03-24 09:22:50.083061,PV solder bond failure detected,Cleared,BE11,
2025-03-24 09:37:04.400793,PV solder bond failure detected,Cleared,BE11,
2025-03-24 10:04:05.038573,PV cell breakage detected,Cleared,BE10,
2025-03-24 10:20:37.142799,Grounding system fault detected,Active,BE6,
2025-03-24 10:58:53.686638,Grounding system fault detected,Cleared,BE6,
2025-03-24 12:57:47.170845,PV solder bond failure detected,Cleared,BE11,
2025-03-24 13:10:26.052575,PV solder bond failure detected,Active,BE11,
2025-03-24 15:32:47.446265,PV solder bond failure detected,Active,BE11,
2025-03-24 16:31:36.707765,PV shading detected,Active,BE9,
2025-03-24 16:34:45.705131,Encapsulant fault detected,Cleared,BE16,
2025-03-24 17:18:14.843365,PV solder bond failure detected,Active,BE11,
2025-03-24 17:37:39.758799,PV cell breakage detected,Cleared,BE10,
2025-03-24 18:41:50.628016,Rack structure fault detected,Active,BE15,
2025-03-24 19:34:03.334527,Encapsulant fault detected,Cleared,BE16,
2025-03-24 20:19:21.551274,PV cell breakage detected,Cleared,BE10,
2025-03-24 20:52:02.302118,PV solder bond failure detected,Active,BE11,
2025-03-24 20:59:47.320724,PV solder bond failure detected,Cleared,BE11,
2025-03-24 21:20:18.363156,PV interconnect fault detected,Active,BE5,
2025-03-24 22:26:31.734799,PV solder bond failure detected,Cleared,BE11,
2025-03-24 22:43:03.307905,PV solder bond failure detected,Active,BE11,
2025-03-25 00:31:36.707765,PV shading detected,Cleared,BE9,
2025-03-25 01:28:29.408088,PV cell breakage detected,Cleared,BE10,
2025-03-25 01:50:06.065491,PV interconnect fault detected,Cleared,BE5,
2025-03-25 04:00:14.013734,Grounding system fault detected,Cleared,BE6,
2025-03-25 05:10:22.136689,PV glass breakage detected,Cleared,BE7,
2025-03-25 05:20:27.113606,PV solder bond failure detected,Cleared,BE11,
2025-03-25 05:44:54.723655,PV interconnect fault detected,Cleared,BE5,
2025-03-25 06:13:19.349569,PV solder bond failure detected,Active,BE11,
2025-03-25 06:35:35.621524,PV cell breakage detected,Active,BE10,
2025-03-25 07:14:05.792584,PV interconnect fault detected,Cleared,BE5,
2025-03-25 07:20:32.295117,PV shading detected,Active,BE9,
2025-03-25 07:21:51.191248,PV solder bond failure detected,Cleared,BE11,
2025-03-25 08:15:54.011713,Rack structure fault detected,Cleared,BE15,
2025-03-25 08:18:42.844084,PV soiling detected,Active,BE8,
2025-03-25 08:29:03.461775,PV cell breakage detected,Active,BE10,
2025-03-25 08:36:26.266592,Rack structure fault detected,Cleared,BE15,
2025-03-25 09:03:25.562153,PV interconnect fault detected,Active,BE5,
2025-03-25 09:32:58.076694,PV cell breakage detected,Cleared,BE10,
2025-03-25 10:13:48.327169,PV cell breakage detected,Cleared,BE10,
2025-03-25 10:20:37.142799,Grounding system fault detected,Cleared,BE6,
2025-03-25 12:07:01.974348,Encapsulant fault detected,Active,BE16,
2025-03-25 15:20:32.295117,PV shading detected,Cleared,BE9,
2025-03-25 16:18:42.844084,PV soiling detected,Cleared,BE8,
2025-03-25 17:02:35.204714,PV hot spot detected,Active,BE12,
2025-03-25 17:59:04.060241,PV solder bond failure detected,Active,BE11,
2025-03-25 18:57:48.421987,PV cell breakage detected,Cleared,BE10,
2025-03-25 19:31:43.216582,Rack structure fault detected,Active,BE15,
2025-03-25 19:35:45.136808,PV soiling detected,Active,BE8,
2025-03-25 21:20:18.363156,PV interconnect fault detected,Cleared,BE5,
2025-03-25 21:58:22.481385,PV solder bond failure detected,Cleared,BE11,
2025-03-25 22:35:33.567337,PV cell breakage detected,Active,BE10,
2025-03-26 00:21:58.562321,PV shading detected,Active,BE9,
2025-03-26 00:58:19.676826,Rack structure fault detected,Cleared,BE15,
2025-03-26 01:30:12.498824,PV solder bond failure detected,Active,BE11,
2025-03-26 03:35:45.136808,PV soiling detected,Cleared,BE8,
2025-03-26 05:22:57.574790,Grounding system fault detected,Active,BE6,
2025-03-26 08:21:58.562321,PV shading detected,Cleared,BE9,
2025-03-26 09:03:25.562153,PV interconnect fault detected,Cleared,BE5,
2025-03-26 09:52:22.405305,PV interconnect fault detected,Active,BE5,
2025-03-26 12:29:52.461031,PV shading detected,Active,BE9,
2025-03-26 13:10:26.052575,PV solder bond failure detected,Cleared,BE11,
2025-03-26 13:11:59.775270,PV solder bond failure detected,Active,BE11,
2025-03-26 14:43:02.832752,PV shading detected,Active,BE9,
2025-03-26 15:32:47.446265,PV solder bond failure detected,Cleared,BE11,
2025-03-26 16:36:05.708717,PV solder bond failure detected,Active,BE11,
2025-03-26 17:02:35.204714,PV hot spot detected,Cleared,BE12,
2025-03-26 17:18:14.843365,PV solder bond failure detected,Cleared,BE11,
2025-03-26 17:44:40.855223,PV solder bond failure detected,Active,BE11,
2025-03-26 18:41:50.628016,Rack structure fault detected,Cleared,BE15,
2025-03-26 19:58:53.765187,PV cell breakage detected,Active,BE10,
2025-03-26 20:29:52.461031,PV shading detected,Cleared,BE9,
2025-03-26 20:32:53.926549,Encapsulant fault detected,Active,BE16,
2025-03-26 20:52:02.302118,PV solder bond failure detected,Cleared,BE11,
2025-03-26 22:43:02.832752,PV shading detected,Cleared,BE9,
2025-03-26 22:43:03.307905,PV solder bond failure detected,Cleared,BE11,
2025-03-26 23:39:59.438287,PV shading detected,Active,BE9,
2025-03-27 01:34:25.536317,PV interconnect fault detected,Active,BE5,
2025-03-27 02:45:03.214663,PV solder bond failure detected,Active,BE11,
2025-03-27 05:22:57.574790,Grounding system fault detected,Cleared,BE6,
2025-03-27 05:45:25.700546,PV solder bond failure detected,Active,BE11,
2025-03-27 06:13:19.349569,PV solder bond failure detected,Cleared,BE11,
2025-03-27 06:35:35.621524,PV cell breakage detected,Cleared,BE10,
2025-03-27 07:39:59.438287,PV shading detected,Cleared,BE9,
2025-03-27 08:29:03.461775,PV cell breakage detected,Cleared,BE10,
2025-03-27 08:44:22.469560,Encapsulant fault detected,Active,BE16,
2025-03-27 09:52:22.405305,PV interconnect fault detected,Cleared,BE5,
2025-03-27 12:07:01.974348,Encapsulant fault detected,Cleared,BE16,
2025-03-27 13:14:19.633022,PV solder bond failure detected,Active,BE11,
2025-03-27 13:58:02.482576,Grounding system fault detected,Active,BE6,
2025-03-27 15:21:40.088215,PV solder bond failure detected,Active,BE11,
2025-03-27 15:55:51.121335,PV solder bond failure detected,Active,BE11,
2025-03-27 17:59:04.060241,PV solder bond failure detected,Cleared,BE11,
2025-03-27 19:31:43.216582,Rack structure fault detected,Cleared,BE15,
2025-03-27 20:48:19.400401,PV interconnect fault detected,Active,BE5,
2025-03-27 21:47:06.325987,PV cell breakage detected,Active,BE10,
2025-03-27 21:49:34.805694,Rack structure fault detected,Active,BE15,
2025-03-27 22:35:33.567337,PV cell breakage detected,Cleared,BE10,
2025-03-28 00:43:18.713691,PV interconnect fault detected,Active,BE5,
2025-03-28 01:30:12.498824,PV solder bond failure detected,Cleared,BE11,
2025-03-28 01:34:25.536317,PV interconnect fault detected,Cleared,BE5,
2025-03-28 03:01:50.768842,PV interconnect fault detected,Active,BE5,
2025-03-28 11:53:28.189715,Grounding system fault detected,Active,BE6,
2025-03-28 13:11:59.775270,PV solder bond failure detected,Cleared,BE11,
2025-03-28 13:58:02.482576,Grounding system fault detected,Cleared,BE6,
2025-03-28 16:36:05.708717,PV solder bond failure detected,Cleared,BE11,
2025-03-28 17:44:40.855223,PV solder bond failure detected,Cleared,BE11,
2025-03-28 19:26:46.785693,PV interconnect fault detected,Active,BE5,
2025-03-28 19:58:53.765187,PV cell breakage detected,Cleared,BE10,
2025-03-28 20:32:53.926549,Encapsulant fault detected,Cleared,BE16,
2025-03-28 20:48:19.400401,PV interconnect fault detected,Cleared,BE5,
2025-03-28 23:08:34.617174,PV shading detected,Active,BE9,
2025-03-29 00:43:18.713691,PV interconnect fault detected,Cleared,BE5,
2025-03-29 00:54:31.670293,PV solder bond failure detected,Active,BE11,
2025-03-29 01:48:34.489313,PV hot spot detected,Active,BE12,
2025-03-29 02:03:03.503776,PV solder bond failure detected,Active,BE11,
2025-03-29 02:41:03.797736,PV cell breakage detected,Active,BE10,
2025-03-29 02:45:03.214663,PV solder bond failure detected,Cleared,BE11,
2025-03-29 03:01:50.768842,PV interconnect fault detected,Cleared,BE5,
2025-03-29 05:45:25.700546,PV solder bond failure detected,Cleared,BE11,
2025-03-29 07:08:34.617174,PV shading detected,Cleared,BE9,
2025-03-29 07:22:11.223193,PV hot spot detected,Active,BE12,
2025-03-29 08:44:22.469560,Encapsulant fault detected,Cleared,BE16,
2025-03-29 09:17:39.788762,PV cell breakage detected,Active,BE10,
2025-03-29 11:53:28.189715,Grounding system fault detected,Cleared,BE6,
2025-03-29 13:14:19.633022,PV solder bond failure detected,Cleared,BE11,
2025-03-29 14:52:53.133916,PV interconnect fault detected,Active,BE5,
2025-03-29 14:58:26.923325,PV soiling detected,Active,BE8,
2025-03-29 15:21:40.088215,PV solder bond failure detected,Cleared,BE11,
2025-03-29 15:55:51.121335,PV solder bond failure detected,Cleared,BE11,
2025-03-29 19:26:46.785693,PV interconnect fault detected,Cleared,BE5,
2025-03-29 21:47:06.325987,PV cell breakage detected,Cleared,BE10,
2025-03-29 21:49:34.805694,Rack structure fault detected,Cleared,BE15,
2025-03-29 22:58:26.923325,PV soiling detected,Cleared,BE8,
2025-03-30 00:45:45.215755,Rack structure fault detected,Active,BE15,
2025-03-30 01:41:18.785677,Rack structure fault detected,Active,BE15,
2025-03-30 01:48:34.489313,PV hot spot detected,Cleared,BE12,
2025-03-30 02:41:13.915975,Grounding system fault detected,Active,BE6,
2025-03-30 06:37:45.501229,PV shading detected,Active,BE9,
2025-03-30 06:39:53.811016,Encapsulant fault detected,Active,BE16,
2025-03-30 07:07:50.960388,PV shading detected,Active,BE9,
2025-03-30 07:22:11.223193,PV hot spot detected,Cleared,BE12,
2025-03-30 08:02:04.471644,PV solder bond failure detected,Active,BE11,
2025-03-30 08:27:44.337954,Encapsulant fault detected,Active,BE16,
2025-03-30 09:10:38.761344,PV shading detected,Active,BE9,
2025-03-30 10:46:57.217078,PV shading detected,Active,BE9,
2025-03-30 14:37:45.501229,PV shading detected,Cleared,BE9,
2025-03-30 14:47:48.394053,Encapsulant fault detected,Active,BE16,
2025-03-30 14:52:53.133916,PV interconnect fault detected,Cleared,BE5,
2025-03-30 15:07:50.960388,PV shading detected,Cleared,BE9,
2025-03-30 17:10:38.761344,PV shading detected,Cleared,BE9,
2025-03-30 18:46:57.217078,PV shading detected,Cleared,BE9,
2025-03-30 19:14:49.919932,PV cell breakage detected,Active,BE10,
2025-03-31 00:54:31.670293,PV solder bond failure detected,Cleared,BE11,
2025-03-31 01:21:07.400723,Rack structure fault detected,Active,BE15,
2025-03-31 01:29:36.238380,PV shading detected,Active,BE9,
2025-03-31 02:03:03.503776,PV solder bond failure detected,Cleared,BE11,
2025-03-31 02:41:03.797736,PV cell breakage detected,Cleared,BE10,
2025-03-31 02:41:13.915975,Grounding system fault detected,Cleared,BE6,
2025-03-31 02:47:50.809428,Short/open circuit fault detected,Active,BE14,
2025-03-31 06:49:26.812780,PV soiling detected,Active,BE8,
2025-03-31 07:56:47.376483,PV cell breakage detected,Active,BE10,
2025-03-31 08:38:02.995554,Encapsulant fault detected,Active,BE16,
2025-03-31 09:17:39.788762,PV cell breakage detected,Cleared,BE10,
2025-03-31 09:29:06.692099,PV solder bond failure detected,Active,BE11,
2025-03-31 09:29:36.238380,PV shading detected,Cleared,BE9,
2025-03-31 09:31:41.032341,PV cell breakage detected,Active,BE10,
2025-03-31 14:47:50.809428,Short/open circuit fault detected,Cleared,BE14,
2025-03-31 14:49:26.812780,PV soiling detected,Cleared,BE8,
2025-03-31 15:20:22.451136,PV cell breakage detected,Active,BE10,
2025-03-31 15:36:32.549768,Rack structure fault detected,Active,BE15,
2025-03-31 16:11:31.005009,Encapsulant fault detected,Active,BE16,
2025-03-31 19:54:14.207763,Grounding system fault detected,Active,BE6,
2025-03-31 20:06:13.910879,PV solder bond failure detected,Active,BE11,
2025-03-31 20:50:26.820318,PV shading detected,Active,BE9,
2025-03-31 21:55:43.554773,PV interconnect fault detected,Active,BE5,
2025-03-31 23:34:12.243387,PV shading detected,Active,BE9,
2025-04-01 00:45:45.215755,Rack structure fault detected,Cleared,BE15,
2025-04-01 01:41:18.785677,Rack structure fault detected,Cleared,BE15,
2025-04-01 02:42:10.826061,PV cell breakage detected,Active,BE10,
2025-04-01 03:20:50.643539,PV solder bond failure detected,Active,BE11,
2025-04-01 04:13:05.229418,PV interconnect fault detected,Active,BE5,
2025-04-01 04:50:26.820318,PV shading detected,Cleared,BE9,
2025-04-01 05:15:04.920769,PV cell breakage detected,Active,BE10,
2025-04-01 05:54:22.026866,Rack structure fault detected,Active,BE15,
2025-04-01 06:39:53.811016,Encapsulant fault detected,Cleared,BE16,
2025-04-01 07:34:12.243387,PV shading detected,Cleared,BE9,
2025-04-01 07:34:49.945771,PV shading detected,Active,BE9,
2025-04-01 07:47:25.593661,Rack structure fault detected,Active,BE15,
2025-04-01 08:02:04.471644,PV solder bond failure detected,Cleared,BE11,
2025-04-01 08:27:44.337954,Encapsulant fault detected,Cleared,BE16,
2025-04-01 09:08:46.596688,PV solder bond failure detected,Active,BE11,
2025-04-01 09:43:02.842693,PV interconnect fault detected,Active,BE5,
2025-04-01 14:25:46.190624,PV cell breakage detected,Active,BE10,
2025-04-01 14:47:48.394053,Encapsulant fault detected,Cleared,BE16,
2025-04-01 15:34:49.945771,PV shading detected,Cleared,BE9,
2025-04-01 19:14:49.919932,PV cell breakage detected,Cleared,BE10,
2025-04-01 19:54:14.207763,Grounding system fault detected,Cleared,BE6,
2025-04-01 21:03:06.517054,Grounding system fault detected,Active,BE6,
2025-04-01 21:55:43.554773,PV interconnect fault detected,Cleared,BE5,
2025-04-01 22:11:55.076565,Rack structure fault detected,Active,BE15,
2025-04-01 22:40:04.638675,PV solder bond failure detected,Active,BE11,
2025-04-02 00:16:50.670300,PV cell breakage detected,Active,BE10,
2025-04-02 00:57:57.163026,PV solder bond failure detected,Active,BE11,
2025-04-02 01:21:07.400723,Rack structure fault detected,Cleared,BE15,
2025-04-02 01:49:17.210653,PV soiling detected,Active,BE8,
2025-04-02 01:52:23.954225,PV cell breakage detected,Active,BE10,
2025-04-02 03:25:25.587516,PV interconnect fault detected,Active,BE5,
2025-04-02 04:13:05.229418,PV interconnect fault detected,Cleared,BE5,
2025-04-02 04:27:19.335018,PV shading detected,Active,BE9,
2025-04-02 05:12:21.762085,PV solder bond failure detected,Active,BE11,
2025-04-02 07:56:47.376483,PV cell breakage detected,Cleared,BE10,
2025-04-02 08:20:58.935215,PV interconnect fault detected,Active,BE5,
2025-04-02 08:38:02.995554,Encapsulant fault detected,Cleared,BE16,
2025-04-02 09:20:26.280645,PV cell breakage detected,Active,BE10,
2025-04-02 09:29:06.692099,PV solder bond failure detected,Cleared,BE11,
2025-04-02 09:31:41.032341,PV cell breakage detected,Cleared,BE10,
2025-04-02 09:43:02.842693,PV interconnect fault detected,Cleared,BE5,
2025-04-02 09:49:17.210653,PV soiling detected,Cleared,BE8,
2025-04-02 11:42:07.961755,PV solder bond failure detected,Active,BE11,
2025-04-02 12:27:19.335018,PV shading detected,Cleared,BE9,
2025-04-02 14:26:32.705614,Encapsulant fault detected,Active,BE16,
2025-04-02 15:15:50.753485,PV solder bond failure detected,Active,BE11,
2025-04-02 15:20:22.451136,PV cell breakage detected,Cleared,BE10,
2025-04-02 15:36:32.549768,Rack structure fault detected,Cleared,BE15,
2025-04-02 15:37:59.774267,Encapsulant fault detected,Active,BE16,
2025-04-02 16:11:31.005009,Encapsulant fault detected,Cleared,BE16,
2025-04-02 19:00:53.026372,PV solder bond failure detected,Active,BE11,
2025-04-02 19:27:09.664872,PV shading detected,Active,BE9,
2025-04-02 20:06:13.910879,PV solder bond failure detected,Cleared,BE11,
2025-04-02 21:03:06.517054,Grounding system fault detected,Cleared,BE6,
2025-04-02 21:42:38.803921,PV solder bond failure detected,Active,BE11,
2025-04-02 22:35:06.896567,PV cell breakage detected,Active,BE10,
2025-04-02 22:45:12.296248,Diode fault detected,Active,BE13,
2025-04-03 02:42:10.826061,PV cell breakage detected,Cleared,BE10,
2025-04-03 03:17:48.565320,PV solder bond failure detected,Active,BE11,
2025-04-03 03:20:50.643539,PV solder bond failure detected,Cleared,BE11,
2025-04-03 03:25:25.587516,PV interconnect fault detected,Cleared,BE5,
2025-04-03 03:27:09.664872,PV shading detected,Cleared,BE9,
2025-04-03 04:19:56.198074,PV shading detected,Active,BE9,
2025-04-03 04:46:55.303765,PV cell breakage detected,Active,BE10,
2025-04-03 04:53:28.461085,PV cell breakage detected,Active,BE10,
2025-04-03 04:58:21.612923,PV cell breakage detected,Active,BE10,
2025-04-03 05:15:04.920769,PV cell breakage detected,Cleared,BE10,
2025-04-03 05:37:09.343307,Encapsulant fault detected,Active,BE16,
2025-04-03 05:54:22.026866,Rack structure fault detected,Cleared,BE15,
2025-04-03 07:47:25.593661,Rack structure fault detected,Cleared,BE15,
2025-04-03 08:20:58.935215,PV interconnect fault detected,Cleared,BE5,
2025-04-03 08:56:01.364407,PV cell breakage detected,Active,BE10,
2025-04-03 09:08:46.596688,PV solder bond failure detected,Cleared,BE11,
2025-04-03 10:04:26.367304,Grounding system fault detected,Active,BE6,
2025-04-03 12:19:56.198074,PV shading detected,Cleared,BE9,
2025-04-03 14:25:46.190624,PV cell breakage detected,Cleared,BE10,
2025-04-03 14:28:25.373261,PV shading detected,Active,BE9,
2025-04-03 15:54:41.825615,PV interconnect fault detected,Active,BE5,
2025-04-03 16:04:50.401851,PV solder bond failure detected,Active,BE11,
2025-04-03 17:35:38.963142,PV solder bond failure detected,Active,BE11,
2025-04-03 21:17:54.387631,Encapsulant fault detected,Active,BE16,
2025-04-03 22:11:55.076565,Rack structure fault detected,Cleared,BE15,
2025-04-03 22:28:25.373261,PV shading detected,Cleared,BE9,
2025-04-03 22:32:31.222582,PV shading detected,Active,BE9,
2025-04-03 22:40:04.638675,PV solder bond failure detected,Cleared,BE11,
2025-04-03 22:45:12.296248,Diode fault detected,Cleared,BE13,
2025-04-04 00:16:50.670300,PV cell breakage detected,Cleared,BE10,
2025-04-04 00:57:57.163026,PV solder bond failure detected,Cleared,BE11,
2025-04-04 01:52:23.954225,PV cell breakage detected,Cleared,BE10,
2025-04-04 02:33:19.448264,PV shading detected,Active,BE9,
2025-04-04 05:12:21.762085,PV solder bond failure detected,Cleared,BE11,
2025-04-04 05:40:46.409844,Rack structure fault detected,Active,BE15,
2025-04-04 06:32:31.222582,PV shading detected,Cleared,BE9,
2025-04-04 08:18:31.483128,PV cell breakage detected,Active,BE10,
2025-04-04 09:20:26.280645,PV cell breakage detected,Cleared,BE10,
2025-04-04 10:04:26.367304,Grounding system fault detected,Cleared,BE6,
2025-04-04 10:28:24.873257,Grounding system fault detected,Active,BE6,
2025-04-04 10:33:19.448264,PV shading detected,Cleared,BE9,
2025-04-04 10:38:14.729545,PV cell breakage detected,Active,BE10,
2025-04-04 11:42:07.961755,PV solder bond failure detected,Cleared,BE11,
2025-04-04 11:55:03.052301,PV solder bond failure detected,Active,BE11,
2025-04-04 12:00:54.622206,PV shading detected,Active,BE9,
2025-04-04 14:26:32.705614,Encapsulant fault detected,Cleared,BE16,
2025-04-04 15:01:06.470601,PV interconnect fault detected,Active,BE5,
2025-04-04 15:15:50.753485,PV solder bond failure detected,Cleared,BE11,
2025-04-04 15:37:59.774267,Encapsulant fault detected,Cleared,BE16,
2025-04-04 15:51:13.164527,Encapsulant fault detected,Active,BE16,
2025-04-04 15:54:41.825615,PV interconnect fault detected,Cleared,BE5,
2025-04-04 19:00:53.026372,PV solder bond failure detected,Cleared,BE11,
2025-04-04 19:39:39.196363,PV cell breakage detected,Active,BE10,
2025-04-04 19:46:26.033504,PV solder bond failure detected,Active,BE11,
2025-04-04 20:00:54.622206,PV shading detected,Cleared,BE9,
2025-04-04 20:21:27.026465,Diode fault detected,Active,BE13,
2025-04-04 21:02:01.525802,Encapsulant fault detected,Active,BE16,
2025-04-04 21:38:31.390152,PV interconnect fault detected,Active,BE5,
2025-04-04 21:42:38.803921,PV solder bond failure detected,Cleared,BE11,
2025-04-04 21:54:47.309431,PV cell breakage detected,Active,BE10,
2025-04-04 22:35:06.896567,PV cell breakage detected,Cleared,BE10,
2025-04-05 01:16:59.816205,PV shading detected,Active,BE9,
2025-04-05 01:23:38.582316,PV cell breakage detected,Active,BE10,
2025-04-05 03:17:48.565320,PV solder bond failure detected,Cleared,BE11,
2025-04-05 04:46:55.303765,PV cell breakage detected,Cleared,BE10,
2025-04-05 04:53:28.461085,PV cell breakage detected,Cleared,BE10,
2025-04-05 04:58:21.612923,PV cell breakage detected,Cleared,BE10,
2025-04-05 04:59:20.329283,Encapsulant fault detected,Active,BE16,
2025-04-05 05:37:09.343307,Encapsulant fault detected,Cleared,BE16,
2025-04-05 07:25:45.287898,PV solder bond failure detected,Active,BE11,
2025-04-05 08:56:01.364407,PV cell breakage detected,Cleared,BE10,
2025-04-05 09:16:59.816205,PV shading detected,Cleared,BE9,
2025-04-05 09:44:10.739589,Grounding system fault detected,Active,BE6,
2025-04-05 10:28:24.873257,Grounding system fault detected,Cleared,BE6,
2025-04-05 12:53:32.383178,PV solder bond failure detected,Active,BE11,
2025-04-05 14:04:11.165322,PV interconnect fault detected,Active,BE5,
2025-04-05 14:59:25.366740,Rack structure fault detected,Active,BE15,
2025-04-05 15:01:06.470601,PV interconnect fault detected,Cleared,BE5,
2025-04-05 16:04:50.401851,PV solder bond failure detected,Cleared,BE11,
2025-04-05 17:35:38.963142,PV solder bond failure detected,Cleared,BE11,
2025-04-05 18:17:32.179862,PV cell breakage detected,Active,BE10,
2025-04-05 20:21:27.026465,Diode fault detected,Cleared,BE13,
2025-04-05 21:17:54.387631,Encapsulant fault detected,Cleared,BE16,
2025-04-05 21:38:31.390152,PV interconnect fault detected,Cleared,BE5,
2025-04-05 22:55:21.776989,Rack structure fault detected,Active,BE15,
2025-04-05 23:03:36.014579,PV solder bond failure detected,Active,BE11,
2025-04-05 23:10:11.434960,PV solder bond failure detected,Active,BE11,
2025-04-05 23:28:55.001754,Rack structure fault detected,Active,BE15,
2025-04-06 00:45:42.664732,PV shading detected,Active,BE9,
2025-04-06 03:05:05.079969,PV soiling detected,Active,BE8,
2025-04-06 05:24:30.558129,Grounding system fault detected,Active,BE6,
2025-04-06 05:39:11.155688,Rack structure fault detected,Active,BE15,
2025-04-06 05:40:46.409844,Rack structure fault detected,Cleared,BE15,
2025-04-06 05:59:50.754752,PV cell breakage detected,Active,BE10,
2025-04-06 06:40:22.781784,PV interconnect fault detected,Active,BE5,
2025-04-06 06:53:47.901325,PV cell breakage detected,Active,BE10,
2025-04-06 07:57:34.165563,PV interconnect fault detected,Active,BE5,
2025-04-06 08:18:31.483128,PV cell breakage detected,Cleared,BE10,
2025-04-06 08:45:42.664732,PV shading detected,Cleared,BE9,
2025-04-06 09:44:10.739589,Grounding system fault detected,Cleared,BE6,
2025-04-06 10:38:14.729545,PV cell breakage detected,Cleared,BE10,
2025-04-06 10:38:29.536453,PV solder bond failure detected,Active,BE11,
2025-04-06 10:55:01.331608,PV solder bond failure detected,Active,BE11,
2025-04-06 11:05:05.079969,PV soiling detected,Cleared,BE8,
2025-04-06 11:55:03.052301,PV solder bond failure detected,Cleared,BE11,
2025-04-06 11:55:03.593368,PV cell breakage detected,Active,BE10,
2025-04-06 12:10:59.406600,PV cell breakage detected,Active,BE10,
2025-04-06 12:15:18.207432,PV shading detected,Active,BE9,
2025-04-06 13:32:52.127959,Encapsulant fault detected,Active,BE16,
2025-04-06 14:04:11.165322,PV interconnect fault detected,Cleared,BE5,
2025-04-06 15:51:13.164527,Encapsulant fault detected,Cleared,BE16,
2025-04-06 17:21:07.406462,Encapsulant fault detected,Active,BE16,
2025-04-06 17:26:08.161810,MCB 1 fault detected,Active,BE3,
2025-04-06 18:03:48.044418,PV cell breakage detected,Active,BE10,
2025-04-06 19:39:39.196363,PV cell breakage detected,Cleared,BE10,
2025-04-06 19:46:26.033504,PV solder bond failure detected,Cleared,BE11,
2025-04-06 20:15:18.207432,PV shading detected,Cleared,BE9,
2025-04-06 21:02:01.525802,Encapsulant fault detected,Cleared,BE16,
2025-04-06 21:54:47.309431,PV cell breakage detected,Cleared,BE10,
2025-04-07 01:23:38.582316,PV cell breakage detected,Cleared,BE10,
2025-04-07 01:45:19.999044,PV solder bond failure detected,Active,BE11,
2025-04-07 03:26:08.161810,MCB 1 fault detected,Cleared,BE3,
2025-04-07 03:48:11.536443,PV cell breakage detected,Active,BE10,
2025-04-07 04:31:31.859324,PV shading detected,Active,BE9,
2025-04-07 04:56:04.000231,PV cell breakage detected,Active,BE10,
2025-04-07 04:59:20.329283,Encapsulant fault detected,Cleared,BE16,
2025-04-07 05:24:30.558129,Grounding system fault detected,Cleared,BE6,
2025-04-07 05:40:17.608505,Rack structure fault detected,Active,BE15,
2025-04-07 06:30:27.986753,PV shading detected,Active,BE9,
2025-04-07 06:40:22.781784,PV interconnect fault detected,Cleared,BE5,
2025-04-07 07:25:45.287898,PV solder bond failure detected,Cleared,BE11,
2025-04-07 07:57:34.165563,PV interconnect fault detected,Cleared,BE5,
2025-04-07 07:59:31.316073,PV cell breakage detected,Active,BE10,
2025-04-07 09:55:23.484861,Grounding system fault detected,Active,BE6,
2025-04-07 11:28:56.960493,PV interconnect fault detected,Active,BE5,
2025-04-07 11:46:22.893524,MCB 2 fault detected,Active,BE4,
2025-04-07 12:31:31.859324,PV shading detected,Cleared,BE9,
2025-04-07 12:32:28.135296,PV cell breakage detected,Active,BE10,
2025-04-07 12:53:32.383178,PV solder bond failure detected,Cleared,BE11,
2025-04-07 13:26:51.220201,Grounding system fault detected,Active,BE6,
2025-04-07 13:32:33.762517,PV shading detected,Active,BE9,
2025-04-07 13:38:57.302923,PV shading detected,Active,BE9,
2025-04-07 14:30:27.986753,PV shading detected,Cleared,BE9,
2025-04-07 14:59:25.366740,Rack structure fault detected,Cleared,BE15,
2025-04-07 16:32:19.389033,Short/open circuit fault detected,Active,BE14,
2025-04-07 16:52:05.362043,PV shading detected,Active,BE9,
2025-04-07 18:17:32.179862,PV cell breakage detected,Cleared,BE10,
2025-04-07 19:48:01.960057,PV interconnect fault detected,Active,BE5,
2025-04-07 21:32:33.762517,PV shading detected,Cleared,BE9,
2025-04-07 21:38:57.302923,PV shading detected,Cleared,BE9,
2025-04-07 21:46:22.893524,MCB 2 fault detected,Cleared,BE4,
2025-04-07 22:15:20.439912,Rack structure fault detected,Active,BE15,
2025-04-07 22:55:21.776989,Rack structure fault detected,Cleared,BE15,
2025-04-07 23:03:36.014579,PV solder bond failure detected,Cleared,BE11,
2025-04-07 23:10:11.434960,PV solder bond failure detected,Cleared,BE11,
2025-04-07 23:28:55.001754,Rack structure fault detected,Cleared,BE15,
2025-04-08 00:07:07.411953,Encapsulant fault detected,Active,BE16,
2025-04-08 00:52:05.362043,PV shading detected,Cleared,BE9,
2025-04-08 04:32:19.389033,Short/open circuit fault detected,Cleared,BE14,
2025-04-08 05:39:11.155688,Rack structure fault detected,Cleared,BE15,
2025-04-08 05:59:50.754752,PV cell breakage detected,Cleared,BE10,
2025-04-08 06:41:29.399166,Rack structure fault detected,Active,BE15,
2025-04-08 06:53:47.901325,PV cell breakage detected,Cleared,BE10,
2025-04-08 07:28:08.302962,Rack structure fault detected,Active,BE15,
2025-04-08 07:35:56.376454,PV shading detected,Active,BE9,
2025-04-08 08:12:15.557417,Diode fault detected,Active,BE13,
2025-04-08 09:55:23.484861,Grounding system fault detected,Cleared,BE6,
2025-04-08 10:11:40.124275,PV solder bond failure detected,Active,BE11,
2025-04-08 10:38:29.536453,PV solder bond failure detected,Cleared,BE11,
2025-04-08 10:55:01.331608,PV solder bond failure detected,Cleared,BE11,
2025-04-08 11:08:27.604766,PV cell breakage detected,Active,BE10,
2025-04-08 11:28:56.960493,PV interconnect fault detected,Cleared,BE5,
2025-04-08 11:55:03.593368,PV cell breakage detected,Cleared,BE10,
2025-04-08 12:10:59.406600,PV cell breakage detected,Cleared,BE10,
2025-04-08 12:32:10.844958,PV solder bond failure detected,Active,BE11,
2025-04-08 13:26:51.220201,Grounding system fault detected,Cleared,BE6,
2025-04-08 13:32:52.127959,Encapsulant fault detected,Cleared,BE16,
2025-04-08 14:07:27.404086,PV solder bond failure detected,Active,BE11,
2025-04-08 14:37:41.131236,Encapsulant fault detected,Active,BE16,
2025-04-08 15:06:18.962620,Rack structure fault detected,Active,BE15,
2025-04-08 15:35:56.376454,PV shading detected,Cleared,BE9,
2025-04-08 16:30:06.749739,PV interconnect fault detected,Active,BE5,
2025-04-08 17:21:07.406462,Encapsulant fault detected,Cleared,BE16,
2025-04-08 18:03:48.044418,PV cell breakage detected,Cleared,BE10,
2025-04-08 19:48:01.960057,PV interconnect fault detected,Cleared,BE5,
2025-04-08 21:03:41.023193,PV interconnect fault detected,Active,BE5,
2025-04-08 23:47:20.208363,Rack structure fault detected,Active,BE15,
2025-04-08 23:52:24.794042,PV solder bond failure detected,Active,BE11,
2025-04-09 01:45:19.999044,PV solder bond failure detected,Cleared,BE11,
2025-04-09 01:50:07.411959,PV solder bond failure detected,Active,BE11,
2025-04-09 03:48:11.536443,PV cell breakage detected,Cleared,BE10,
2025-04-09 04:56:04.000231,PV cell breakage detected,Cleared,BE10,
2025-04-09 05:40:17.608505,Rack structure fault detected,Cleared,BE15,
2025-04-09 07:59:31.316073,PV cell breakage detected,Cleared,BE10,
2025-04-09 08:12:15.557417,Diode fault detected,Cleared,BE13,
2025-04-09 08:52:00.745609,Grounding system fault detected,Active,BE6,
2025-04-09 12:32:28.135296,PV cell breakage detected,Cleared,BE10,
2025-04-09 15:19:48.165225,PV solder bond failure detected,Active,BE11,
2025-04-09 15:49:33.096162,Encapsulant fault detected,Active,BE16,
2025-04-09 16:03:35.510344,PV solder bond failure detected,Active,BE11,
2025-04-09 16:30:06.749739,PV interconnect fault detected,Cleared,BE5,
2025-04-09 16:57:54.724270,PV solder bond failure detected,Active,BE11,
2025-04-09 21:03:41.023193,PV interconnect fault detected,Cleared,BE5,
2025-04-09 21:46:57.485442,PV soiling detected,Active,BE8,
2025-04-09 22:15:20.439912,Rack structure fault detected,Cleared,BE15,
2025-04-09 23:45:39.768493,PV interconnect fault detected,Active,BE5,
2025-04-10 00:07:07.411953,Encapsulant fault detected,Cleared,BE16,
2025-04-10 05:35:18.000580,PV interconnect fault detected,Active,BE5,
2025-04-10 05:43:01.694479,PV interconnect fault detected,Active,BE5,
2025-04-10 05:46:57.485442,PV soiling detected,Cleared,BE8,
2025-04-10 06:41:29.399166,Rack structure fault detected,Cleared,BE15,
2025-04-10 07:28:08.302962,Rack structure fault detected,Cleared,BE15,
2025-04-10 07:58:28.877172,PV cell breakage detected,Active,BE10,
2025-04-10 08:23:12.498911,PV cell breakage detected,Active,BE10,
2025-04-10 08:52:00.745609,Grounding system fault detected,Cleared,BE6,
2025-04-10 10:11:40.124275,PV solder bond failure detected,Cleared,BE11,
2025-04-10 11:08:27.604766,PV cell breakage detected,Cleared,BE10,
2025-04-10 11:59:13.038728,Rack structure fault detected,Active,BE15,
2025-04-10 12:32:10.844958,PV solder bond failure detected,Cleared,BE11,
2025-04-10 13:45:45.194967,Encapsulant fault detected,Active,BE16,
2025-04-10 14:07:27.404086,PV solder bond failure detected,Cleared,BE11,
2025-04-10 14:11:57.826308,PV shading detected,Active,BE9,
2025-04-10 14:37:41.131236,Encapsulant fault detected,Cleared,BE16,
2025-04-10 15:06:18.962620,Rack structure fault detected,Cleared,BE15,
2025-04-10 15:23:10.687160,PV shading detected,Active,BE9,
2025-04-10 16:56:36.206266,PV glass breakage detected,Active,BE7,
2025-04-10 17:50:34.286244,Encapsulant fault detected,Active,BE16,
2025-04-10 18:59:38.243485,PV solder bond failure detected,Active,BE11,
2025-04-10 21:13:10.111299,PV shading detected,Active,BE9,
2025-04-10 21:13:25.678902,PV cell breakage detected,Active,BE10,
2025-04-10 22:11:57.826308,PV shading detected,Cleared,BE9,
2025-04-10 23:23:10.687160,PV shading detected,Cleared,BE9,
2025-04-10 23:45:39.768493,PV interconnect fault detected,Cleared,BE5,
2025-04-10 23:47:20.208363,Rack structure fault detected,Cleared,BE15,
2025-04-10 23:52:24.794042,PV solder bond failure detected,Cleared,BE11,
2025-04-11 01:23:31.893857,PV cell breakage detected,Active,BE10,
2025-04-11 01:50:07.411959,PV solder bond failure detected,Cleared,BE11,
2025-04-11 02:02:34.162782,Rack structure fault detected,Active,BE15,
2025-04-11 02:31:42.048686,PV solder bond failure detected,Active,BE11,
2025-04-11 02:47:43.846827,Grounding system fault detected,Active,BE6,
2025-04-11 03:24:04.676247,Grounding system fault detected,Active,BE6,
2025-04-11 05:13:10.111299,PV shading detected,Cleared,BE9,
2025-04-11 05:35:18.000580,PV interconnect fault detected,Cleared,BE5,
2025-04-11 05:43:01.694479,PV interconnect fault detected,Cleared,BE5,
2025-04-11 05:51:41.610421,PV cell breakage detected,Active,BE10,
2025-04-11 07:09:56.734963,Rack structure fault detected,Active,BE15,
2025-04-11 08:36:03.515529,Encapsulant fault detected,Active,BE16,
2025-04-11 09:35:18.175201,PV interconnect fault detected,Active,BE5,
2025-04-11 09:41:20.933415,Short/open circuit fault detected,Active,BE14,
2025-04-11 10:43:11.605437,PV interconnect fault detected,Active,BE5,
2025-04-11 15:08:53.722673,PV solder bond failure detected,Active,BE11,
2025-04-11 15:15:59.845155,PV interconnect fault detected,Active,BE5,
2025-04-11 15:19:48.165225,PV solder bond failure detected,Cleared,BE11,
2025-04-11 15:30:45.272072,PV shading detected,Active,BE9,
2025-04-11 15:49:33.096162,Encapsulant fault detected,Cleared,BE16,
2025-04-11 16:03:35.510344,PV solder bond failure detected,Cleared,BE11,
2025-04-11 16:56:36.206266,PV glass breakage detected,Cleared,BE7,
2025-04-11 16:57:54.724270,PV solder bond failure detected,Cleared,BE11,
2025-04-11 17:23:12.326565,Rack structure fault detected,Active,BE15,
2025-04-11 17:47:05.171487,PV solder bond failure detected,Active,BE11,
2025-04-11 18:06:20.761851,PV shading detected,Active,BE9,
2025-04-11 18:19:27.045507,Rack structure fault detected,Active,BE15,
2025-04-11 18:26:56.455475,PV cell breakage detected,Active,BE10,
2025-04-11 21:41:20.933415,Short/open circuit fault detected,Cleared,BE14,
2025-04-11 23:30:45.272072,PV shading detected,Cleared,BE9,
2025-04-12 01:22:26.095218,PV solder bond failure detected,Active,BE11,
2025-04-12 02:06:20.761851,PV shading detected,Cleared,BE9,
2025-04-12 02:47:43.846827,Grounding system fault detected,Cleared,BE6,
2025-04-12 03:18:31.885538,PV shading detected,Active,BE9,
2025-04-12 03:24:04.676247,Grounding system fault detected,Cleared,BE6,
2025-04-12 07:26:23.301339,PV solder bond failure detected,Active,BE11,
2025-04-12 07:58:28.877172,PV cell breakage detected,Cleared,BE10,
2025-04-12 08:23:12.498911,PV cell breakage detected,Cleared,BE10,
2025-04-12 09:35:18.175201,PV interconnect fault detected,Cleared,BE5,
2025-04-12 10:43:11.605437,PV interconnect fault detected,Cleared,BE5,
2025-04-12 11:18:31.885538,PV shading detected,Cleared,BE9,
2025-04-12 11:59:13.038728,Rack structure fault detected,Cleared,BE15,
2025-04-12 13:39:17.947889,PV solder bond failure detected,Active,BE11,
2025-04-12 13:45:45.194967,Encapsulant fault detected,Cleared,BE16,
2025-04-12 15:04:03.258994,Grounding system fault detected,Active,BE6,
2025-04-12 15:15:59.845155,PV interconnect fault detected,Cleared,BE5,
2025-04-12 16:55:35.737755,PV cell breakage detected,Active,BE10,
2025-04-12 17:50:34.286244,Encapsulant fault detected,Cleared,BE16,
2025-04-12 17:52:59.382803,Grounding system fault detected,Active,BE6,
2025-04-12 18:19:03.536188,PV shading detected,Active,BE9,
2025-04-12 18:59:38.243485,PV solder bond failure detected,Cleared,BE11,
2025-04-12 20:05:22.982402,Encapsulant fault detected,Active,BE16,
2025-04-12 21:13:25.678902,PV cell breakage detected,Cleared,BE10,
2025-04-12 21:22:15.802108,PV solder bond failure detected,Active,BE11,
2025-04-13 00:50:21.092675,PV hot spot detected,Active,BE12,
2025-04-13 01:23:31.893857,PV cell breakage detected,Cleared,BE10,
2025-04-13 02:02:34.162782,Rack structure fault detected,Cleared,BE15,
2025-04-13 02:12:45.691722,Grounding system fault detected,Active,BE6,
2025-04-13 02:19:03.536188,PV shading detected,Cleared,BE9,
2025-04-13 02:31:42.048686,PV solder bond failure detected,Cleared,BE11,
2025-04-13 02:41:30.584866,PV interconnect fault detected,Active,BE5,
2025-04-13 03:07:51.791955,PV solder bond failure detected,Active,BE11,
2025-04-13 05:11:36.597709,PV shading detected,Active,BE9,
2025-04-13 05:51:41.610421,PV cell breakage detected,Cleared,BE10,
2025-04-13 06:01:00.152304,Encapsulant fault detected,Active,BE16,
2025-04-13 06:54:00.797285,PV solder bond failure detected,Active,BE11,
2025-04-13 07:09:56.734963,Rack structure fault detected,Cleared,BE15,
2025-04-13 07:33:37.364098,PV shading detected,Active,BE9,
2025-04-13 08:36:03.515529,Encapsulant fault detected,Cleared,BE16,
2025-04-13 09:04:17.109455,PV solder bond failure detected,Active,BE11,
2025-04-13 12:33:00.601983,PV shading detected,Active,BE9,
2025-04-13 13:11:36.597709,PV shading detected,Cleared,BE9,
2025-04-13 15:04:03.258994,Grounding system fault detected,Cleared,BE6,
2025-04-13 15:08:53.722673,PV solder bond failure detected,Cleared,BE11,
2025-04-13 15:33:37.364098,PV shading detected,Cleared,BE9,
2025-04-13 17:23:12.326565,Rack structure fault detected,Cleared,BE15,
2025-04-13 17:47:05.171487,PV solder bond failure detected,Cleared,BE11,
2025-04-13 17:52:59.382803,Grounding system fault detected,Cleared,BE6,
2025-04-13 18:19:27.045507,Rack structure fault detected,Cleared,BE15,
2025-04-13 18:26:56.455475,PV cell breakage detected,Cleared,BE10,
2025-04-13 18:54:48.827269,PV solder bond failure detected,Active,BE11,
2025-04-13 19:39:09.942010,Rack structure fault detected,Active,BE15,
2025-04-13 19:57:44.200820,PV cell breakage detected,Active,BE10,
2025-04-13 20:33:00.601983,PV shading detected,Cleared,BE9,
2025-04-13 20:38:19.503791,PV solder bond failure detected,Active,BE11,
2025-04-14 00:50:21.092675,PV hot spot detected,Cleared,BE12,
2025-04-14 01:22:26.095218,PV solder bond failure detected,Cleared,BE11,
2025-04-14 01:46:33.433555,Rack structure fault detected,Active,BE15,
2025-04-14 02:12:45.691722,Grounding system fault detected,Cleared,BE6,
2025-04-14 02:41:30.584866,PV interconnect fault detected,Cleared,BE5,
2025-04-14 03:40:52.744285,PV cell breakage detected,Active,BE10,
2025-04-14 04:33:58.195184,PV solder bond failure detected,Active,BE11,
2025-04-14 05:57:13.421865,PV shading detected,Active,BE9,
2025-04-14 05:58:52.460934,Grounding system fault detected,Active,BE6,
2025-04-14 06:21:10.804455,PV solder bond failure detected,Active,BE11,
2025-04-14 07:26:23.301339,PV solder bond failure detected,Cleared,BE11,
2025-04-14 07:38:37.106638,PV cell breakage detected,Active,BE10,
2025-04-14 09:33:28.590832,Grounding system fault detected,Active,BE6,
2025-04-14 10:41:23.982395,Rack structure fault detected,Active,BE15,
2025-04-14 12:57:17.827580,PV solder bond failure detected,Active,BE11,
2025-04-14 13:39:17.947889,PV solder bond failure detected,Cleared,BE11,
2025-04-14 13:57:13.421865,PV shading detected,Cleared,BE9,
2025-04-14 14:14:48.437636,PV interconnect fault detected,Active,BE5,
2025-04-14 15:08:05.690123,PV shading detected,Active,BE9,
2025-04-14 15:11:40.190226,PV shading detected,Active,BE9,
2025-04-14 16:42:40.294952,Rack structure fault detected,Active,BE15,
2025-04-14 16:55:35.737755,PV cell breakage detected,Cleared,BE10,
2025-04-14 20:05:22.982402,Encapsulant fault detected,Cleared,BE16,
2025-04-14 21:22:15.802108,PV solder bond failure detected,Cleared,BE11,
2025-04-14 21:32:11.093315,PV cell breakage detected,Active,BE10,
2025-04-14 22:11:58.464430,PV solder bond failure detected,Active,BE11,
2025-04-14 23:08:05.690123,PV shading detected,Cleared,BE9,
2025-04-14 23:11:40.190226,PV shading detected,Cleared,BE9,
2025-04-14 23:51:33.783089,PV solder bond failure detected,Active,BE11,
2025-04-15 00:07:42.620779,PV cell breakage detected,Active,BE10,
2025-04-15 00:16:30.315128,PV solder bond failure detected,Active,BE11,
2025-04-15 00:19:03.641511,PV interconnect fault detected,Active,BE5,
2025-04-15 01:13:08.936381,PV solder bond failure detected,Active,BE11,
2025-04-15 03:02:50.296916,PV glass breakage detected,Active,BE7,
2025-04-15 03:07:51.791955,PV solder bond failure detected,Cleared,BE11,
2025-04-15 05:58:52.460934,Grounding system fault detected,Cleared,BE6,
2025-04-15 06:01:00.152304,Encapsulant fault detected,Cleared,BE16,
2025-04-15 06:54:00.797285,PV solder bond failure detected,Cleared,BE11,
2025-04-15 07:27:31.452051,PV shading detected,Active,BE9,
2025-04-15 07:28:57.880704,PV solder bond failure detected,Active,BE11,
2025-04-15 07:34:29.959141,PV cell breakage detected,Active,BE10,
2025-04-15 07:52:02.128850,PV shading detected,Active,BE9,
2025-04-15 08:26:57.796511,Rack structure fault detected,Active,BE15,
2025-04-15 09:04:17.109455,PV solder bond failure detected,Cleared,BE11,
2025-04-15 09:33:28.590832,Grounding system fault detected,Cleared,BE6,
2025-04-15 11:33:27.593964,PV cell breakage detected,Active,BE10,
2025-04-15 12:07:44.070463,PV interconnect fault detected,Active,BE5,
2025-04-15 14:14:48.437636,PV interconnect fault detected,Cleared,BE5,
2025-04-15 15:27:31.452051,PV shading detected,Cleared,BE9,
2025-04-15 15:52:02.128850,PV shading detected,Cleared,BE9,
2025-04-15 17:38:48.978192,Encapsulant fault detected,Active,BE16,
2025-04-15 18:54:48.827269,PV solder bond failure detected,Cleared,BE11,
2025-04-15 19:09:43.843384,PV interconnect fault detected,Active,BE5,
2025-04-15 19:39:09.942010,Rack structure fault detected,Cleared,BE15,
2025-04-15 19:57:44.200820,PV cell breakage detected,Cleared,BE10,
2025-04-15 20:12:57.626179,PV solder bond failure detected,Active,BE11,
2025-04-15 20:19:28.646338,Grounding system fault detected,Active,BE6,
2025-04-15 20:31:32.260986,PV solder bond failure detected,Active,BE11,
2025-04-15 20:38:19.503791,PV solder bond failure detected,Cleared,BE11,
2025-04-15 21:08:40.772106,PV cell breakage detected,Active,BE10,
2025-04-15 23:15:50.770139,PV interconnect fault detected,Active,BE5,
2025-04-15 23:20:17.622608,Rack structure fault detected,Active,BE15,
2025-04-15 23:25:41.952269,PV shading detected,Active,BE9,
2025-04-15 23:36:38.464733,PV cell breakage detected,Active,BE10,
2025-04-15 23:59:51.893936,PV hot spot detected,Active,BE12,
2025-04-16 00:19:03.641511,PV interconnect fault detected,Cleared,BE5,
2025-04-16 01:31:05.571838,PV cell breakage detected,Active,BE10,
2025-04-16 01:46:33.433555,Rack structure fault detected,Cleared,BE15,
2025-04-16 01:59:57.595986,PV shading detected,Active,BE9,
2025-04-16 03:02:50.296916,PV glass breakage detected,Cleared,BE7,
2025-04-16 03:40:52.744285,PV cell breakage detected,Cleared,BE10,
2025-04-16 03:58:27.635439,PV interconnect fault detected,Active,BE5,
2025-04-16 04:12:21.983720,Encapsulant fault detected,Active,BE16,
2025-04-16 04:33:58.195184,PV solder bond failure detected,Cleared,BE11,
2025-04-16 05:26:06.100864,PV solder bond failure detected,Active,BE11,
2025-04-16 06:21:10.804455,PV solder bond failure detected,Cleared,BE11,
2025-04-16 06:54:32.547473,Encapsulant fault detected,Active,BE16,
2025-04-16 07:25:41.952269,PV shading detected,Cleared,BE9,
2025-04-16 07:38:37.106638,PV cell breakage detected,Cleared,BE10,
2025-04-16 08:14:34.072669,PV solder bond failure detected,Active,BE11,
2025-04-16 09:59:57.595986,PV shading detected,Cleared,BE9,
2025-04-16 10:41:23.982395,Rack structure fault detected,Cleared,BE15,
2025-04-16 12:07:44.070463,PV interconnect fault detected,Cleared,BE5,
2025-04-16 12:37:17.095290,PV solder bond failure detected,Active,BE11,
2025-04-16 12:57:17.827580,PV solder bond failure detected,Cleared,BE11,
2025-04-16 15:33:52.757811,Encapsulant fault detected,Active,BE16,
2025-04-16 16:34:21.951142,Rack structure fault detected,Active,BE15,
2025-04-16 16:42:40.294952,Rack structure fault detected,Cleared,BE15,
2025-04-16 17:10:10.766500,PV interconnect fault detected,Active,BE5,
2025-04-16 19:09:43.843384,PV interconnect fault detected,Cleared,BE5,
2025-04-16 20:19:28.646338,Grounding system fault detected,Cleared,BE6,
2025-04-16 20:51:17.775983,Rack structure fault detected,Active,BE15,
2025-04-16 21:32:11.093315,PV cell breakage detected,Cleared,BE10,
2025-04-16 22:11:58.464430,PV solder bond failure detected,Cleared,BE11,
2025-04-16 23:15:50.770139,PV interconnect fault detected,Cleared,BE5,
2025-04-16 23:51:33.783089,PV solder bond failure detected,Cleared,BE11,
2025-04-16 23:58:30.787394,PV cell breakage detected,Active,BE10,
2025-04-16 23:59:51.893936,PV hot spot detected,Cleared,BE12,
2025-04-17 00:07:42.620779,PV cell breakage detected,Cleared,BE10,
2025-04-17 00:16:30.315128,PV solder bond failure detected,Cleared,BE11,
2025-04-17 00:56:17.332931,PV cell breakage detected,Active,BE10,
2025-04-17 01:13:08.936381,PV solder bond failure detected,Cleared,BE11,
2025-04-17 02:03:29.272384,Rack structure fault detected,Active,BE15,
2025-04-17 03:53:37.596093,Rack structure fault detected,Active,BE15,
2025-04-17 03:58:27.635439,PV interconnect fault detected,Cleared,BE5,
2025-04-17 06:23:46.046636,PV solder bond failure detected,Active,BE11,
2025-04-17 07:15:44.009256,PV cell breakage detected,Active,BE10,
2025-04-17 07:28:57.880704,PV solder bond failure detected,Cleared,BE11,
2025-04-17 07:34:29.959141,PV cell breakage detected,Cleared,BE10,
2025-04-17 08:26:57.796511,Rack structure fault detected,Cleared,BE15,
2025-04-17 08:44:41.402853,Grounding system fault detected,Active,BE6,
2025-04-17 09:06:32.879290,PV solder bond failure detected,Active,BE11,
2025-04-17 09:30:01.399104,PV cell breakage detected,Active,BE10,
2025-04-17 09:40:08.122826,PV interconnect fault detected,Active,BE5,
2025-04-17 09:51:23.450919,PV cell breakage detected,Active,BE10,
2025-04-17 10:01:48.119813,PV hot spot detected,Active,BE12,
2025-04-17 10:11:07.851100,PV cell breakage detected,Active,BE10,
2025-04-17 11:33:27.593964,PV cell breakage detected,Cleared,BE10,
2025-04-17 11:54:47.641920,PV cell breakage detected,Active,BE10,
2025-04-17 13:19:11.094816,PV solder bond failure detected,Active,BE11,
2025-04-17 13:24:44.630620,PV solder bond failure detected,Active,BE11,
2025-04-17 13:59:05.391178,PV solder bond failure detected,Active,BE11,
2025-04-17 14:02:34.552695,PV shading detected,Active,BE9,
2025-04-17 15:59:49.057131,PV solder bond failure detected,Active,BE11,
2025-04-17 16:11:12.923262,PV solder bond failure detected,Active,BE11,
2025-04-17 17:10:10.766500,PV interconnect fault detected,Cleared,BE5,
2025-04-17 17:38:48.978192,Encapsulant fault detected,Cleared,BE16,
2025-04-17 18:30:44.269416,Rack structure fault detected,Active,BE15,
2025-04-17 19:04:09.735646,Rack structure fault detected,Active,BE15,
2025-04-17 19:15:22.503930,PV shading detected,Active,BE9,
2025-04-17 20:12:57.626179,PV solder bond failure detected,Cleared,BE11,
2025-04-17 20:31:32.260986,PV solder bond failure detected,Cleared,BE11,
2025-04-17 21:08:40.772106,PV cell breakage detected,Cleared,BE10,
2025-04-17 22:02:34.552695,PV shading detected,Cleared,BE9,
2025-04-17 22:53:53.748190,PV solder bond failure detected,Active,BE11,
2025-04-17 23:11:52.078345,Grounding system fault detected,Active,BE6,
2025-04-17 23:19:42.748856,Grounding system fault detected,Active,BE6,
2025-04-17 23:20:17.622608,Rack structure fault detected,Cleared,BE15,
2025-04-17 23:36:38.464733,PV cell breakage detected,Cleared,BE10,
2025-04-17 23:45:18.754379,PV shading detected,Active,BE9,
2025-04-18 01:31:05.571838,PV cell breakage detected,Cleared,BE10,
2025-04-18 01:35:13.774720,PV shading detected,Active,BE9,
2025-04-18 02:38:10.052494,PV solder bond failure detected,Active,BE11,
2025-04-18 03:15:22.503930,PV shading detected,Cleared,BE9,
2025-04-18 04:12:19.842665,PV interconnect fault detected,Active,BE5,
2025-04-18 04:12:21.983720,Encapsulant fault detected,Cleared,BE16,
2025-04-18 05:26:06.100864,PV solder bond failure detected,Cleared,BE11,
2025-04-18 05:43:53.859616,PV shading detected,Active,BE9,
2025-04-18 05:59:27.924743,PV cell breakage detected,Active,BE10,
2025-04-18 06:13:59.451585,Grounding system fault detected,Active,BE6,
2025-04-18 06:54:32.547473,Encapsulant fault detected,Cleared,BE16,
2025-04-18 07:33:33.355018,Rack structure fault detected,Active,BE15,
2025-04-18 07:45:18.754379,PV shading detected,Cleared,BE9,
2025-04-18 07:58:42.196573,PV solder bond failure detected,Active,BE11,
2025-04-18 08:14:34.072669,PV solder bond failure detected,Cleared,BE11,
2025-04-18 08:44:41.402853,Grounding system fault detected,Cleared,BE6,
2025-04-18 08:58:05.680294,PV cell breakage detected,Active,BE10,
2025-04-18 09:16:09.133965,PV solder bond failure detected,Active,BE11,
2025-04-18 09:35:13.774720,PV shading detected,Cleared,BE9,
2025-04-18 09:40:08.122826,PV interconnect fault detected,Cleared,BE5,
2025-04-18 10:01:48.119813,PV hot spot detected,Cleared,BE12,
2025-04-18 10:57:16.560700,MCB 1 fault detected,Active,BE3,
2025-04-18 11:37:43.884215,PV solder bond failure detected,Active,BE11,
2025-04-18 12:37:17.095290,PV solder bond failure detected,Cleared,BE11,
2025-04-18 13:43:53.859616,PV shading detected,Cleared,BE9,
2025-04-18 15:33:52.757811,Encapsulant fault detected,Cleared,BE16,
2025-04-18 16:34:21.951142,Rack structure fault detected,Cleared,BE15,
2025-04-18 18:57:35.536488,PV solder bond failure detected,Active,BE11,
2025-04-18 20:43:44.770946,Encapsulant fault detected,Active,BE16,
2025-04-18 20:51:17.775983,Rack structure fault detected,Cleared,BE15,
2025-04-18 20:57:16.560700,MCB 1 fault detected,Cleared,BE3,
2025-04-18 22:37:53.078063,PV interconnect fault detected,Active,BE5,
2025-04-18 23:11:52.078345,Grounding system fault detected,Cleared,BE6,
2025-04-18 23:19:42.748856,Grounding system fault detected,Cleared,BE6,
2025-04-18 23:45:42.735362,PV interconnect fault detected,Active,BE5,
2025-04-18 23:58:30.787394,PV cell breakage detected,Cleared,BE10,
2025-04-19 00:56:17.332931,PV cell breakage detected,Cleared,BE10,
2025-04-19 01:48:55.496069,Grounding system fault detected,Active,BE6,
2025-04-19 02:03:29.272384,Rack structure fault detected,Cleared,BE15,
2025-04-19 03:29:16.479328,Encapsulant fault detected,Active,BE16,
2025-04-19 03:53:37.596093,Rack structure fault detected,Cleared,BE15,
2025-04-19 04:12:19.842665,PV interconnect fault detected,Cleared,BE5,
2025-04-19 05:30:45.771023,PV shading detected,Active,BE9,
2025-04-19 06:13:59.451585,Grounding system fault detected,Cleared,BE6,
2025-04-19 06:23:46.046636,PV solder bond failure detected,Cleared,BE11,
2025-04-19 07:15:44.009256,PV cell breakage detected,Cleared,BE10,
2025-04-19 07:49:26.122450,PV interconnect fault detected,Active,BE5,
2025-04-19 08:31:28.748257,PV interconnect fault detected,Active,BE5,
2025-04-19 09:06:32.879290,PV solder bond failure detected,Cleared,BE11,
2025-04-19 09:30:01.399104,PV cell breakage detected,Cleared,BE10,
2025-04-19 09:51:23.450919,PV cell breakage detected,Cleared,BE10,
2025-04-19 10:11:07.851100,PV cell breakage detected,Cleared,BE10,
2025-04-19 11:30:49.612462,Rack structure fault detected,Active,BE15,
2025-04-19 11:54:47.641920,PV cell breakage detected,Cleared,BE10,
2025-04-19 11:55:06.749399,PV cell breakage detected,Active,BE10,
2025-04-19 13:19:11.094816,PV solder bond failure detected,Cleared,BE11,
2025-04-19 13:24:44.630620,PV solder bond failure detected,Cleared,BE11,
2025-04-19 13:30:45.771023,PV shading detected,Cleared,BE9,
2025-04-19 13:59:05.391178,PV solder bond failure detected,Cleared,BE11,
2025-04-19 15:59:49.057131,PV solder bond failure detected,Cleared,BE11,
2025-04-19 16:11:12.923262,PV solder bond failure detected,Cleared,BE11,
2025-04-19 17:33:47.014022,PV solder bond failure detected,Active,BE11,
2025-04-19 17:54:39.438762,PV solder bond failure detected,Active,BE11,
2025-04-19 17:57:03.272329,PV interconnect fault detected,Active,BE5,
2025-04-19 18:30:44.269416,Rack structure fault detected,Cleared,BE15,
2025-04-19 19:04:09.735646,Rack structure fault detected,Cleared,BE15,
2025-04-19 19:44:00.689641,PV cell breakage detected,Active,BE10,
2025-04-19 22:37:53.078063,PV interconnect fault detected,Cleared,BE5,
2025-04-19 22:53:53.748190,PV solder bond failure detected,Cleared,BE11,
2025-04-19 23:45:42.735362,PV interconnect fault detected,Cleared,BE5,
2025-04-20 00:46:42.677817,PV hot spot detected,Active,BE12,
2025-04-20 00:50:12.858499,PV interconnect fault detected,Active,BE5,
2025-04-20 00:52:46.664487,PV cell breakage detected,Active,BE10,
2025-04-20 01:48:55.496069,Grounding system fault detected,Cleared,BE6,
2025-04-20 02:38:10.052494,PV solder bond failure detected,Cleared,BE11,
2025-04-20 05:59:27.924743,PV cell breakage detected,Cleared,BE10,
2025-04-20 07:33:33.355018,Rack structure fault detected,Cleared,BE15,
2025-04-20 07:49:26.122450,PV interconnect fault detected,Cleared,BE5,
2025-04-20 07:58:42.196573,PV solder bond failure detected,Cleared,BE11,
2025-04-20 08:31:28.748257,PV interconnect fault detected,Cleared,BE5,
2025-04-20 08:39:42.481207,PV cell breakage detected,Active,BE10,
2025-04-20 08:46:41.896627,PV solder bond failure detected,Active,BE11,
2025-04-20 08:58:05.680294,PV cell breakage detected,Cleared,BE10,
2025-04-20 09:16:09.133965,PV solder bond failure detected,Cleared,BE11,
2025-04-20 11:37:43.884215,PV solder bond failure detected,Cleared,BE11,
2025-04-20 14:33:44.816930,PV solder bond failure detected,Active,BE11,
2025-04-20 15:01:35.254173,Encapsulant fault detected,Active,BE16,
2025-04-20 15:10:58.819255,PV cell breakage detected,Active,BE10,
2025-04-20 17:53:45.842451,Rack structure fault detected,Active,BE15,
2025-04-20 17:57:03.272329,PV interconnect fault detected,Cleared,BE5,
2025-04-20 18:57:35.536488,PV solder bond failure detected,Cleared,BE11,
2025-04-20 20:08:37.236983,PV solder bond failure detected,Active,BE11,
2025-04-20 20:43:44.770946,Encapsulant fault detected,Cleared,BE16,
2025-04-21 00:46:42.677817,PV hot spot detected,Cleared,BE12,
2025-04-21 00:48:31.694698,PV solder bond failure detected,Active,BE11,
2025-04-21 00:50:12.858499,PV interconnect fault detected,Cleared,BE5,
2025-04-21 01:17:32.849937,PV solder bond failure detected,Active,BE11,
2025-04-21 01:55:32.818324,PV solder bond failure detected,Active,BE11,
2025-04-21 02:04:22.336416,Rack structure fault detected,Active,BE15,
2025-04-21 02:41:00.461231,PV interconnect fault detected,Active,BE5,
2025-04-21 03:29:16.479328,Encapsulant fault detected,Cleared,BE16,
2025-04-21 03:56:11.907388,PV cell breakage detected,Active,BE10,
2025-04-21 06:54:50.442403,PV cell breakage detected,Active,BE10,
2025-04-21 07:47:31.593975,PV interconnect fault detected,Active,BE5,
2025-04-21 08:06:11.312320,PV solder bond failure detected,Active,BE11,
2025-04-21 09:15:49.720679,PV interconnect fault detected,Active,BE5,
2025-04-21 10:30:27.645245,Rack structure fault detected,Active,BE15,
2025-04-21 10:49:11.005104,PV cell breakage detected,Active,BE10,
2025-04-21 10:54:26.053210,PV solder bond failure detected,Active,BE11,
2025-04-21 11:05:16.003851,PV interconnect fault detected,Active,BE5,
2025-04-21 11:30:49.612462,Rack structure fault detected,Cleared,BE15,
2025-04-21 11:36:22.838192,Rack structure fault detected,Active,BE15,
2025-04-21 11:55:06.749399,PV cell breakage detected,Cleared,BE10,
2025-04-21 15:23:35.387722,Fuse installation fault detected,Active,BE2,
2025-04-21 17:33:47.014022,PV solder bond failure detected,Cleared,BE11,
2025-04-21 17:54:39.438762,PV solder bond failure detected,Cleared,BE11,
2025-04-21 19:23:35.387722,Fuse installation fault detected,Cleared,BE2,
2025-04-21 19:44:00.689641,PV cell breakage detected,Cleared,BE10,
2025-04-21 21:14:54.480461,PV shading detected,Active,BE9,
2025-04-22 00:52:46.664487,PV cell breakage detected,Cleared,BE10,
2025-04-22 02:28:06.307345,PV shading detected,Active,BE9,
2025-04-22 02:41:00.461231,PV interconnect fault detected,Cleared,BE5,
2025-04-22 02:50:46.224600,Rack structure fault detected,Active,BE15,
2025-04-22 03:40:00.542899,PV solder bond failure detected,Active,BE11,
2025-04-22 04:01:53.048408,PV interconnect fault detected,Active,BE5,
2025-04-22 04:24:28.343219,Encapsulant fault detected,Active,BE16,
2025-04-22 05:14:54.480461,PV shading detected,Cleared,BE9,
2025-04-22 06:57:21.968499,PV cell breakage detected,Active,BE10,
2025-04-22 07:10:34.935967,PV solder bond failure detected,Active,BE11,
2025-04-22 07:47:31.593975,PV interconnect fault detected,Cleared,BE5,
2025-04-22 08:12:58.883614,PV solder bond failure detected,Active,BE11,
2025-04-22 08:39:42.481207,PV cell breakage detected,Cleared,BE10,
2025-04-22 08:46:41.896627,PV solder bond failure detected,Cleared,BE11,
2025-04-22 09:14:00.064366,PV shading detected,Active,BE9,
2025-04-22 09:15:49.720679,PV interconnect fault detected,Cleared,BE5,
2025-04-22 10:28:06.307345,PV shading detected,Cleared,BE9,
2025-04-22 10:54:01.383512,Grounding system fault detected,Active,BE6,
2025-04-22 11:05:16.003851,PV interconnect fault detected,Cleared,BE5,
2025-04-22 11:58:13.811711,Encapsulant fault detected,Active,BE16,
2025-04-22 12:56:09.897667,PV glass breakage detected,Active,BE7,
2025-04-22 13:29:44.053324,Encapsulant fault detected,Active,BE16,
2025-04-22 14:33:44.816930,PV solder bond failure detected,Cleared,BE11,
2025-04-22 15:01:35.254173,Encapsulant fault detected,Cleared,BE16,
2025-04-22 15:10:58.819255,PV cell breakage detected,Cleared,BE10,
2025-04-22 15:24:47.758184,PV interconnect fault detected,Active,BE5,
2025-04-22 16:39:04.775540,PV solder bond failure detected,Active,BE11,
2025-04-22 16:40:24.299131,PV interconnect fault detected,Active,BE5,
2025-04-22 17:14:00.064366,PV shading detected,Cleared,BE9,
2025-04-22 17:42:42.831968,PV interconnect fault detected,Active,BE5,
2025-04-22 17:53:45.842451,Rack structure fault detected,Cleared,BE15,
2025-04-22 18:59:11.020712,PV solder bond failure detected,Active,BE11,
2025-04-22 20:08:37.236983,PV solder bond failure detected,Cleared,BE11,
2025-04-22 23:46:59.629553,PV shading detected,Active,BE9,
2025-04-22 23:59:57.771958,PV solder bond failure detected,Active,BE11,
2025-04-23 00:48:31.694698,PV solder bond failure detected,Cleared,BE11,
2025-04-23 01:17:32.849937,PV solder bond failure detected,Cleared,BE11,
2025-04-23 01:55:32.818324,PV solder bond failure detected,Cleared,BE11,
2025-04-23 02:04:22.336416,Rack structure fault detected,Cleared,BE15,
2025-04-23 02:27:54.362881,Rack structure fault detected,Active,BE15,
2025-04-23 03:56:11.907388,PV cell breakage detected,Cleared,BE10,
2025-04-23 04:01:53.048408,PV interconnect fault detected,Cleared,BE5,
2025-04-23 04:50:11.046273,MCB 1 fault detected,Active,BE3,
2025-04-23 06:07:37.082797,Short/open circuit fault detected,Active,BE14,
2025-04-23 06:18:50.202523,Rack structure fault detected,Active,BE15,
2025-04-23 06:54:50.442403,PV cell breakage detected,Cleared,BE10,
2025-04-23 07:17:29.479364,Grounding system fault detected,Active,BE6,
2025-04-23 07:46:59.629553,PV shading detected,Cleared,BE9,
2025-04-23 07:58:53.405230,PV interconnect fault detected,Active,BE5,
2025-04-23 08:02:51.470734,PV solder bond failure detected,Active,BE11,
2025-04-23 08:06:11.312320,PV solder bond failure detected,Cleared,BE11,
2025-04-23 08:52:28.132443,PV interconnect fault detected,Active,BE5,
2025-04-23 09:12:34.435055,PV cell breakage detected,Active,BE10,
2025-04-23 10:30:27.645245,Rack structure fault detected,Cleared,BE15,
2025-04-23 10:49:11.005104,PV cell breakage detected,Cleared,BE10,
2025-04-23 10:54:01.383512,Grounding system fault detected,Cleared,BE6,
2025-04-23 10:54:26.053210,PV solder bond failure detected,Cleared,BE11,
2025-04-23 11:36:22.838192,Rack structure fault detected,Cleared,BE15,
2025-04-23 12:06:58.445055,Encapsulant fault detected,Active,BE16,
2025-04-23 12:56:09.897667,PV glass breakage detected,Cleared,BE7,
2025-04-23 13:25:51.987716,Grounding system fault detected,Active,BE6,
2025-04-23 13:49:01.194813,Rack structure fault detected,Active,BE15,
2025-04-23 14:50:11.046273,MCB 1 fault detected,Cleared,BE3,
2025-04-23 15:24:47.758184,PV interconnect fault detected,Cleared,BE5,
2025-04-23 16:40:24.299131,PV interconnect fault detected,Cleared,BE5,
2025-04-23 17:42:42.831968,PV interconnect fault detected,Cleared,BE5,
2025-04-23 18:07:37.082797,Short/open circuit fault detected,Cleared,BE14,
2025-04-23 18:39:52.623442,Encapsulant fault detected,Active,BE16,
2025-04-23 23:33:00.663176,PV solder bond failure detected,Active,BE11,
2025-04-24 00:28:46.361895,PV shading detected,Active,BE9,
2025-04-24 02:50:46.224600,Rack structure fault detected,Cleared,BE15,
2025-04-24 03:40:00.542899,PV solder bond failure detected,Cleared,BE11,
2025-04-24 04:24:28.343219,Encapsulant fault detected,Cleared,BE16,
2025-04-24 05:13:00.465774,PV cell breakage detected,Active,BE10,
2025-04-24 05:16:00.296435,PV interconnect fault detected,Active,BE5,
2025-04-24 06:57:21.968499,PV cell breakage detected,Cleared,BE10,
2025-04-24 07:10:34.935967,PV solder bond failure detected,Cleared,BE11,
2025-04-24 07:17:29.479364,Grounding system fault detected,Cleared,BE6,
2025-04-24 07:58:53.405230,PV interconnect fault detected,Cleared,BE5,
2025-04-24 08:12:58.883614,PV solder bond failure detected,Cleared,BE11,
2025-04-24 08:15:44.649093,PV glass breakage detected,Active,BE7,
2025-04-24 08:28:46.361895,PV shading detected,Cleared,BE9,
2025-04-24 08:52:28.132443,PV interconnect fault detected,Cleared,BE5,
2025-04-24 09:56:38.826503,Grounding system fault detected,Active,BE6,
2025-04-24 10:05:37.355608,PV cell breakage detected,Active,BE10,
2025-04-24 10:06:57.600499,PV solder bond failure detected,Active,BE11,
2025-04-24 10:41:45.722159,PV shading detected,Active,BE9,
2025-04-24 11:58:13.811711,Encapsulant fault detected,Cleared,BE16,
2025-04-24 13:25:51.987716,Grounding system fault detected,Cleared,BE6,
2025-04-24 13:29:44.053324,Encapsulant fault detected,Cleared,BE16,
2025-04-24 14:01:27.332567,MCB 2 fault detected,Active,BE4,
2025-04-24 14:51:22.108556,Rack structure fault detected,Active,BE15,
2025-04-24 16:20:29.383046,PV shading detected,Active,BE9,
2025-04-24 16:39:04.775540,PV solder bond failure detected,Cleared,BE11,
2025-04-24 17:42:09.345286,PV solder bond failure detected,Active,BE11,
2025-04-24 18:04:00.374136,Short/open circuit fault detected,Active,BE14,
2025-04-24 18:41:45.722159,PV shading detected,Cleared,BE9,
2025-04-24 18:59:11.020712,PV solder bond failure detected,Cleared,BE11,
2025-04-24 19:44:47.945505,PV interconnect fault detected,Active,BE5,
2025-04-24 20:44:58.530636,PV interconnect fault detected,Active,BE5,
2025-04-24 21:27:46.685296,Encapsulant fault detected,Active,BE16,
2025-04-24 21:47:51.035648,PV interconnect fault detected,Active,BE5,
2025-04-24 22:23:16.555720,PV shading detected,Active,BE9,
2025-04-24 23:41:17.676412,PV cell breakage detected,Active,BE10,
2025-04-24 23:59:57.771958,PV solder bond failure detected,Cleared,BE11,
2025-04-25 00:01:27.332567,MCB 2 fault detected,Cleared,BE4,
2025-04-25 00:20:29.383046,PV shading detected,Cleared,BE9,
2025-04-25 01:21:27.106449,PV solder bond failure detected,Active,BE11,
2025-04-25 01:47:27.586185,Grounding system fault detected,Active,BE6,
2025-04-25 02:21:03.063005,PV soiling detected,Active,BE8,
2025-04-25 02:27:54.362881,Rack structure fault detected,Cleared,BE15,
2025-04-25 05:16:00.296435,PV interconnect fault detected,Cleared,BE5,
2025-04-25 05:29:24.279503,PV cell breakage detected,Active,BE10,
2025-04-25 06:04:00.374136,Short/open circuit fault detected,Cleared,BE14,
2025-04-25 06:18:50.202523,Rack structure fault detected,Cleared,BE15,
2025-04-25 06:23:16.555720,PV shading detected,Cleared,BE9,
2025-04-25 07:43:06.931756,Encapsulant fault detected,Active,BE16,
2025-04-25 08:02:51.470734,PV solder bond failure detected,Cleared,BE11,
2025-04-25 08:15:44.649093,PV glass breakage detected,Cleared,BE7,
2025-04-25 09:12:34.435055,PV cell breakage detected,Cleared,BE10,
2025-04-25 09:56:38.826503,Grounding system fault detected,Cleared,BE6,
2025-04-25 10:21:03.063005,PV soiling detected,Cleared,BE8,
2025-04-25 11:39:45.447394,PV cell breakage detected,Active,BE10,
2025-04-25 11:54:16.784896,PV shading detected,Active,BE9,
2025-04-25 11:56:28.653443,PV shading detected,Active,BE9,
2025-04-25 12:06:58.445055,Encapsulant fault detected,Cleared,BE16,
2025-04-25 12:55:17.312765,PV soiling detected,Active,BE8,
2025-04-25 13:42:59.520221,PV cell breakage detected,Active,BE10,
2025-04-25 13:49:01.194813,Rack structure fault detected,Cleared,BE15,
2025-04-25 18:39:52.623442,Encapsulant fault detected,Cleared,BE16,
2025-04-25 19:22:10.497575,Encapsulant fault detected,Active,BE16,
2025-04-25 19:36:55.482158,Rack structure fault detected,Active,BE15,
2025-04-25 19:44:47.945505,PV interconnect fault detected,Cleared,BE5,
2025-04-25 19:54:16.784896,PV shading detected,Cleared,BE9,
2025-04-25 19:56:28.653443,PV shading detected,Cleared,BE9,
2025-04-25 20:44:58.530636,PV interconnect fault detected,Cleared,BE5,
2025-04-25 20:55:17.312765,PV soiling detected,Cleared,BE8,
2025-04-25 20:58:36.267225,PV solder bond failure detected,Active,BE11,
2025-04-25 21:22:41.474315,PV soiling detected,Active,BE8,
2025-04-25 21:44:15.677610,PV cell breakage detected,Active,BE10,
2025-04-25 21:47:51.035648,PV interconnect fault detected,Cleared,BE5,
2025-04-25 22:55:27.450125,PV shading detected,Active,BE9,
2025-04-25 23:20:07.306453,PV solder bond failure detected,Active,BE11,
2025-04-25 23:20:34.245033,PV solder bond failure detected,Active,BE11,
2025-04-25 23:26:14.978872,Rack structure fault detected,Active,BE15,
2025-04-25 23:33:00.663176,PV solder bond failure detected,Cleared,BE11,
2025-04-25 23:35:05.567824,PV cell breakage detected,Active,BE10,
2025-04-26 01:28:38.243228,PV solder bond failure detected,Active,BE11,
2025-04-26 01:47:27.586185,Grounding system fault detected,Cleared,BE6,
2025-04-26 02:16:54.915314,MCB 2 fault detected,Active,BE4,
2025-04-26 03:07:48.088086,PV solder bond failure detected,Active,BE11,
2025-04-26 03:11:51.275541,PV cell breakage detected,Active,BE10,
2025-04-26 03:54:57.570604,PV shading detected,Active,BE9,
2025-04-26 05:13:00.465774,PV cell breakage detected,Cleared,BE10,
2025-04-26 05:22:41.474315,PV soiling detected,Cleared,BE8,
2025-04-26 06:55:27.450125,PV shading detected,Cleared,BE9,
2025-04-26 08:40:38.011255,Grounding system fault detected,Active,BE6,
2025-04-26 10:05:37.355608,PV cell breakage detected,Cleared,BE10,
2025-04-26 10:06:57.600499,PV solder bond failure detected,Cleared,BE11,
2025-04-26 10:24:30.118509,Rack structure fault detected,Active,BE15,
2025-04-26 10:25:16.860085,PV solder bond failure detected,Active,BE11,
2025-04-26 10:59:10.853343,Grounding system fault detected,Active,BE6,
2025-04-26 11:54:57.570604,PV shading detected,Cleared,BE9,
2025-04-26 12:16:54.915314,MCB 2 fault detected,Cleared,BE4,
2025-04-26 13:20:28.327978,Rack structure fault detected,Active,BE15,
2025-04-26 14:44:13.113170,Fuse installation fault detected,Active,BE2,
2025-04-26 14:48:54.511349,Rack structure fault detected,Active,BE15,
2025-04-26 14:51:22.108556,Rack structure fault detected,Cleared,BE15,
2025-04-26 17:10:31.610573,PV solder bond failure detected,Active,BE11,
2025-04-26 17:42:09.345286,PV solder bond failure detected,Cleared,BE11,
2025-04-26 18:44:13.113170,Fuse installation fault detected,Cleared,BE2,
2025-04-26 20:31:04.884896,PV cell breakage detected,Active,BE10,
2025-04-26 21:27:46.685296,Encapsulant fault detected,Cleared,BE16,
2025-04-26 21:46:02.280900,Encapsulant fault detected,Active,BE16,
2025-04-26 21:52:48.195118,PV shading detected,Active,BE9,
2025-04-26 22:35:56.360911,PV cell breakage detected,Active,BE10,
2025-04-26 22:59:21.025031,PV shading detected,Active,BE9,
2025-04-26 23:13:42.295697,PV solder bond failure detected,Active,BE11,
2025-04-26 23:15:39.688025,PV cell breakage detected,Active,BE10,
2025-04-26 23:20:18.775395,PV solder bond failure detected,Active,BE11,
2025-04-26 23:41:17.676412,PV cell breakage detected,Cleared,BE10,
2025-04-26 23:54:08.342424,PV cell breakage detected,Active,BE10,
2025-04-27 00:48:27.570203,PV interconnect fault detected,Active,BE5,
2025-04-27 01:21:27.106449,PV solder bond failure detected,Cleared,BE11,
2025-04-27 02:52:48.930359,PV glass breakage detected,Active,BE7,
2025-04-27 05:29:24.279503,PV cell breakage detected,Cleared,BE10,
2025-04-27 05:52:48.195118,PV shading detected,Cleared,BE9,
2025-04-27 06:13:15.222505,Encapsulant fault detected,Active,BE16,
2025-04-27 06:20:58.105631,PV interconnect fault detected,Active,BE5,
2025-04-27 06:59:21.025031,PV shading detected,Cleared,BE9,
2025-04-27 07:43:06.931756,Encapsulant fault detected,Cleared,BE16,
2025-04-27 08:06:48.177558,PV solder bond failure detected,Active,BE11,
2025-04-27 08:40:38.011255,Grounding system fault detected,Cleared,BE6,
2025-04-27 09:04:16.510960,PV shading detected,Active,BE9,
2025-04-27 10:44:31.015735,PV solder bond failure detected,Active,BE11,
2025-04-27 10:59:10.853343,Grounding system fault detected,Cleared,BE6,
2025-04-27 11:39:45.447394,PV cell breakage detected,Cleared,BE10,
2025-04-27 11:49:22.584800,PV interconnect fault detected,Active,BE5,
2025-04-27 13:42:59.520221,PV cell breakage detected,Cleared,BE10,
2025-04-27 16:11:55.558050,Grounding system fault detected,Active,BE6,
2025-04-27 16:29:29.034653,Encapsulant fault detected,Active,BE16,
2025-04-27 16:31:24.658492,PV shading detected,Active,BE9,
2025-04-27 17:04:16.510960,PV shading detected,Cleared,BE9,
2025-04-27 18:05:51.518848,PV solder bond failure detected,Active,BE11,
2025-04-27 19:22:10.497575,Encapsulant fault detected,Cleared,BE16,
2025-04-27 19:36:55.482158,Rack structure fault detected,Cleared,BE15,
2025-04-27 20:58:36.267225,PV solder bond failure detected,Cleared,BE11,
2025-04-27 21:44:15.677610,PV cell breakage detected,Cleared,BE10,
2025-04-27 23:20:07.306453,PV solder bond failure detected,Cleared,BE11,
2025-04-27 23:20:34.245033,PV solder bond failure detected,Cleared,BE11,
2025-04-27 23:26:14.978872,Rack structure fault detected,Cleared,BE15,
2025-04-27 23:33:59.774383,PV solder bond failure detected,Active,BE11,
2025-04-27 23:35:05.567824,PV cell breakage detected,Cleared,BE10,
2025-04-28 00:01:04.080479,Rack structure fault detected,Active,BE15,
2025-04-28 00:31:24.658492,PV shading detected,Cleared,BE9,
2025-04-28 00:46:13.889113,Encapsulant fault detected,Active,BE16,
2025-04-28 00:48:27.570203,PV interconnect fault detected,Cleared,BE5,
2025-04-28 01:15:09.869382,PV cell breakage detected,Active,BE10,
2025-04-28 01:28:38.243228,PV solder bond failure detected,Cleared,BE11,
2025-04-28 01:56:22.669200,PV hot spot detected,Active,BE12,
2025-04-28 02:23:19.710216,PV solder bond failure detected,Active,BE11,
2025-04-28 02:52:48.930359,PV glass breakage detected,Cleared,BE7,
2025-04-28 03:07:48.088086,PV solder bond failure detected,Cleared,BE11,
2025-04-28 03:11:51.275541,PV cell breakage detected,Cleared,BE10,
2025-04-28 03:21:38.901195,PV solder bond failure detected,Active,BE11,
2025-04-28 04:01:39.993203,PV solder bond failure detected,Active,BE11,
2025-04-28 04:12:24.603803,PV shading detected,Active,BE9,
2025-04-28 04:58:07.647469,PV shading detected,Active,BE9,
2025-04-28 06:20:58.105631,PV interconnect fault detected,Cleared,BE5,
2025-04-28 07:35:39.511034,PV cell breakage detected,Active,BE10,
2025-04-28 07:37:43.665791,PV interconnect fault detected,Active,BE5,
2025-04-28 08:06:09.224757,Grounding system fault detected,Active,BE6,
2025-04-28 08:48:09.022192,Encapsulant fault detected,Active,BE16,
2025-04-28 10:24:30.118509,Rack structure fault detected,Cleared,BE15,
2025-04-28 10:25:16.860085,PV solder bond failure detected,Cleared,BE11,
2025-04-28 11:49:22.584800,PV interconnect fault detected,Cleared,BE5,
2025-04-28 12:12:24.603803,PV shading detected,Cleared,BE9,
2025-04-28 12:19:03.029413,PV cell breakage detected,Active,BE10,
2025-04-28 12:58:07.647469,PV shading detected,Cleared,BE9,
2025-04-28 13:20:28.327978,Rack structure fault detected,Cleared,BE15,
2025-04-28 14:48:54.511349,Rack structure fault detected,Cleared,BE15,
2025-04-28 14:49:34.727941,PV shading detected,Active,BE9,
2025-04-28 15:24:09.161466,Short/open circuit fault detected,Active,BE14,
2025-04-28 16:00:15.944871,PV solder bond failure detected,Active,BE11,
2025-04-28 16:11:55.558050,Grounding system fault detected,Cleared,BE6,
2025-04-28 17:10:31.610573,PV solder bond failure detected,Cleared,BE11,
2025-04-28 20:31:04.884896,PV cell breakage detected,Cleared,BE10,
2025-04-28 21:46:02.280900,Encapsulant fault detected,Cleared,BE16,
2025-04-28 21:53:52.301561,Encapsulant fault detected,Active,BE16,
2025-04-28 22:35:56.360911,PV cell breakage detected,Cleared,BE10,
2025-04-28 22:49:34.727941,PV shading detected,Cleared,BE9,
2025-04-28 23:13:42.295697,PV solder bond failure detected,Cleared,BE11,
2025-04-28 23:15:39.688025,PV cell breakage detected,Cleared,BE10,
2025-04-28 23:20:18.775395,PV solder bond failure detected,Cleared,BE11,
2025-04-28 23:34:44.913973,Rack structure fault detected,Active,BE15,
2025-04-28 23:54:08.342424,PV cell breakage detected,Cleared,BE10,
2025-04-29 00:11:38.559238,PV shading detected,Active,BE9,
2025-04-29 01:56:22.669200,PV hot spot detected,Cleared,BE12,
2025-04-29 03:15:12.695332,PV cell breakage detected,Active,BE10,
2025-04-29 03:24:09.161466,Short/open circuit fault detected,Cleared,BE14,
2025-04-29 06:13:15.222505,Encapsulant fault detected,Cleared,BE16,
2025-04-29 07:37:43.665791,PV interconnect fault detected,Cleared,BE5,
2025-04-29 08:06:09.224757,Grounding system fault detected,Cleared,BE6,
2025-04-29 08:06:48.177558,PV solder bond failure detected,Cleared,BE11,
2025-04-29 08:11:38.559238,PV shading detected,Cleared,BE9,
2025-04-29 08:51:23.229506,PV solder bond failure detected,Active,BE11,
2025-04-29 09:32:25.545774,PV shading detected,Active,BE9,
2025-04-29 10:44:31.015735,PV solder bond failure detected,Cleared,BE11,
2025-04-29 13:56:59.757668,PV hot spot detected,Active,BE12,
2025-04-29 15:54:44.575960,PV solder bond failure detected,Active,BE11,
2025-04-29 16:14:21.590622,MCB 2 fault detected,Active,BE4,
2025-04-29 16:29:29.034653,Encapsulant fault detected,Cleared,BE16,
2025-04-29 16:38:47.888600,PV solder bond failure detected,Active,BE11,
2025-04-29 17:32:25.545774,PV shading detected,Cleared,BE9,
2025-04-29 18:05:51.518848,PV solder bond failure detected,Cleared,BE11,
2025-04-29 18:24:22.156768,PV interconnect fault detected,Active,BE5,
2025-04-29 19:09:26.977696,Rack structure fault detected,Active,BE15,
2025-04-29 19:27:29.742830,PV cell breakage detected,Active,BE10,
2025-04-29 19:50:35.892514,Rack structure fault detected,Active,BE15,
2025-04-29 20:03:08.423930,PV shading detected,Active,BE9,
2025-04-29 20:06:16.820284,PV solder bond failure detected,Active,BE11,
2025-04-29 23:04:45.718136,PV cell breakage detected,Active,BE10,
2025-04-29 23:33:59.774383,PV solder bond failure detected,Cleared,BE11,
2025-04-30 00:01:04.080479,Rack structure fault detected,Cleared,BE15,
2025-04-30 00:29:59.778656,PV soiling detected,Active,BE8,
2025-04-30 00:46:13.889113,Encapsulant fault detected,Cleared,BE16,
2025-04-30 01:15:09.869382,PV cell breakage detected,Cleared,BE10,
2025-04-30 02:14:21.590622,MCB 2 fault detected,Cleared,BE4,
2025-04-30 02:23:19.710216,PV solder bond failure detected,Cleared,BE11,
2025-04-30 02:55:22.767226,Encapsulant fault detected,Active,BE16,
2025-04-30 03:21:38.901195,PV solder bond failure detected,Cleared,BE11,
2025-04-30 04:01:39.993203,PV solder bond failure detected,Cleared,BE11,
2025-04-30 04:03:08.423930,PV shading detected,Cleared,BE9,
2025-04-30 04:53:00.610908,PV solder bond failure detected,Active,BE11,
2025-04-30 07:35:39.511034,PV cell breakage detected,Cleared,BE10,
2025-04-30 08:29:59.778656,PV soiling detected,Cleared,BE8,
2025-04-30 08:48:09.022192,Encapsulant fault detected,Cleared,BE16,
2025-04-30 08:52:32.576296,PV shading detected,Active,BE9,
2025-04-30 09:41:18.740538,PV cell breakage detected,Active,BE10,
2025-04-30 10:48:04.067065,Encapsulant fault detected,Active,BE16,
2025-04-30 11:08:27.926329,PV hot spot detected,Active,BE12,
2025-04-30 12:19:03.029413,PV cell breakage detected,Cleared,BE10,
2025-04-30 13:56:59.757668,PV hot spot detected,Cleared,BE12,
2025-04-30 15:03:37.665656,PV solder bond failure detected,Active,BE11,
2025-04-30 15:54:23.530143,PV solder bond failure detected,Active,BE11,
2025-04-30 15:54:24.273852,PV solder bond failure detected,Active,BE11,
2025-04-30 16:00:15.944871,PV solder bond failure detected,Cleared,BE11,
2025-04-30 16:52:32.576296,PV shading detected,Cleared,BE9,
2025-04-30 18:24:22.156768,PV interconnect fault detected,Cleared,BE5,
2025-04-30 19:04:35.292919,Fuse installation fault detected,Active,BE2,
2025-04-30 21:18:18.226980,Rack structure fault detected,Active,BE15,
2025-04-30 21:53:52.301561,Encapsulant fault detected,Cleared,BE16,
2025-04-30 22:54:48.166897,PV cell breakage detected,Active,BE10,
2025-04-30 23:04:35.292919,Fuse installation fault detected,Cleared,BE2,
2025-04-30 23:34:44.913973,Rack structure fault detected,Cleared,BE15,
2025-04-30 23:50:02.342548,Encapsulant fault detected,Active,BE16,
2025-05-01 00:16:52.052985,PV solder bond failure detected,Active,BE11,
2025-05-01 00:49:25.587331,PV hot spot detected,Active,BE12,
2025-05-01 03:14:48.164584,PV solder bond failure detected,Active,BE11,
2025-05-01 03:15:12.695332,PV cell breakage detected,Cleared,BE10,
2025-05-01 03:22:49.971695,Grounding system fault detected,Active,BE6,
2025-05-01 03:27:06.638983,PV shading detected,Active,BE9,
2025-05-01 05:12:39.059525,Rack structure fault detected,Active,BE15,
2025-05-01 05:13:17.985520,PV solder bond failure detected,Active,BE11,
2025-05-01 05:18:32.261992,PV solder bond failure detected,Active,BE11,
2025-05-01 07:01:31.123870,PV shading detected,Active,BE9,
2025-05-01 08:26:55.664120,PV cell breakage detected,Active,BE10,
2025-05-01 08:51:23.229506,PV solder bond failure detected,Cleared,BE11,
2025-05-01 09:55:23.557427,PV cell breakage detected,Active,BE10,
2025-05-01 10:32:07.645909,PV solder bond failure detected,Active,BE11,
2025-05-01 10:57:37.875296,Rack structure fault detected,Active,BE15,
2025-05-01 11:08:27.926329,PV hot spot detected,Cleared,BE12,
2025-05-01 11:27:06.638983,PV shading detected,Cleared,BE9,
2025-05-01 11:55:06.337490,Grounding system fault detected,Active,BE6,
2025-05-01 12:58:50.297658,MCB 2 fault detected,Active,BE4,
2025-05-01 15:01:31.123870,PV shading detected,Cleared,BE9,
2025-05-01 15:54:44.575960,PV solder bond failure detected,Cleared,BE11,
2025-05-01 16:38:47.888600,PV solder bond failure detected,Cleared,BE11,
2025-05-01 19:09:26.977696,Rack structure fault detected,Cleared,BE15,
2025-05-01 19:19:22.494555,Encapsulant fault detected,Active,BE16,
2025-05-01 19:27:29.742830,PV cell breakage detected,Cleared,BE10,
2025-05-01 19:50:35.892514,Rack structure fault detected,Cleared,BE15,
2025-05-01 20:06:16.820284,PV solder bond failure detected,Cleared,BE11,
2025-05-01 20:51:52.111645,PV interconnect fault detected,Active,BE5,
2025-05-01 21:48:25.178266,Rack structure fault detected,Active,BE15,
2025-05-01 22:58:50.297658,MCB 2 fault detected,Cleared,BE4,
2025-05-01 23:04:45.718136,PV cell breakage detected,Cleared,BE10,
2025-05-01 23:07:15.986473,Rack structure fault detected,Active,BE15,
2025-05-01 23:20:43.019656,PV solder bond failure detected,Active,BE11,
2025-05-02 00:49:25.587331,PV hot spot detected,Cleared,BE12,
2025-05-02 00:49:50.483464,Encapsulant fault detected,Active,BE16,
2025-05-02 01:20:52.053542,Short/open circuit fault detected,Active,BE14,
2025-05-02 02:50:05.965685,PV shading detected,Active,BE9,
2025-05-02 02:55:22.767226,Encapsulant fault detected,Cleared,BE16,
2025-05-02 03:22:49.971695,Grounding system fault detected,Cleared,BE6,
2025-05-02 04:38:11.383596,PV cell breakage detected,Active,BE10,
2025-05-02 04:53:00.610908,PV solder bond failure detected,Cleared,BE11,
2025-05-02 06:32:01.183888,Encapsulant fault detected,Active,BE16,
2025-05-02 08:21:15.915254,Grounding system fault detected,Active,BE6,
2025-05-02 09:41:18.740538,PV cell breakage detected,Cleared,BE10,
2025-05-02 10:40:19.518168,PV shading detected,Active,BE9,
2025-05-02 10:48:04.067065,Encapsulant fault detected,Cleared,BE16,
2025-05-02 10:50:05.965685,PV shading detected,Cleared,BE9,
2025-05-02 11:34:59.675059,PV cell breakage detected,Active,BE10,
2025-05-02 11:34:59.984928,PV shading detected,Active,BE9,
2025-05-02 11:50:08.932692,PV hot spot detected,Active,BE12,
2025-05-02 11:55:06.337490,Grounding system fault detected,Cleared,BE6,
2025-05-02 12:16:08.235994,PV shading detected,Active,BE9,
2025-05-02 13:20:52.053542,Short/open circuit fault detected,Cleared,BE14,
2025-05-02 13:24:42.291650,PV interconnect fault detected,Active,BE5,
2025-05-02 14:33:37.146332,PV cell breakage detected,Active,BE10,
2025-05-02 15:03:37.665656,PV solder bond failure detected,Cleared,BE11,
2025-05-02 15:54:23.530143,PV solder bond failure detected,Cleared,BE11,
2025-05-02 15:54:24.273852,PV solder bond failure detected,Cleared,BE11,
2025-05-02 16:53:31.015882,PV shading detected,Active,BE9,
2025-05-02 18:30:25.634030,Rack structure fault detected,Active,BE15,
2025-05-02 18:40:19.518168,PV shading detected,Cleared,BE9,
2025-05-02 18:56:09.171093,PV soiling detected,Active,BE8,
2025-05-02 18:59:28.291633,PV interconnect fault detected,Active,BE5,
2025-05-02 19:31:37.108487,PV cell breakage detected,Active,BE10,
2025-05-02 19:34:59.984928,PV shading detected,Cleared,BE9,
2025-05-02 19:52:13.541425,PV cell breakage detected,Active,BE10,
2025-05-02 20:01:18.674344,PV interconnect fault detected,Active,BE5,
2025-05-02 20:16:08.235994,PV shading detected,Cleared,BE9,
2025-05-02 20:36:18.815561,PV solder bond failure detected,Active,BE11,
2025-05-02 20:51:52.111645,PV interconnect fault detected,Cleared,BE5,
2025-05-02 21:05:50.825882,PV cell breakage detected,Active,BE10,
2025-05-02 21:18:18.226980,Rack structure fault detected,Cleared,BE15,
2025-05-02 22:54:48.166897,PV cell breakage detected,Cleared,BE10,
2025-05-02 23:50:02.342548,Encapsulant fault detected,Cleared,BE16,
2025-05-03 00:16:52.052985,PV solder bond failure detected,Cleared,BE11,
2025-05-03 00:53:31.015882,PV shading detected,Cleared,BE9,
2025-05-03 02:12:52.787895,PV solder bond failure detected,Active,BE11,
2025-05-03 02:56:09.171093,PV soiling detected,Cleared,BE8,
2025-05-03 03:14:48.164584,PV solder bond failure detected,Cleared,BE11,
2025-05-03 05:12:39.059525,Rack structure fault detected,Cleared,BE15,
2025-05-03 05:13:17.985520,PV solder bond failure detected,Cleared,BE11,
2025-05-03 05:18:32.261992,PV solder bond failure detected,Cleared,BE11,
2025-05-03 06:29:12.312663,Rack structure fault detected,Active,BE15,
2025-05-03 06:53:12.652030,MCB 2 fault detected,Active,BE4,
2025-05-03 07:04:24.293098,PV solder bond failure detected,Active,BE11,
2025-05-03 07:40:16.372592,PV solder bond failure detected,Active,BE11,
2025-05-03 08:21:15.915254,Grounding system fault detected,Cleared,BE6,
2025-05-03 08:26:55.664120,PV cell breakage detected,Cleared,BE10,
2025-05-03 09:19:10.836644,Rack structure fault detected,Active,BE15,
2025-05-03 09:55:23.557427,PV cell breakage detected,Cleared,BE10,
2025-05-03 10:06:23.082964,PV cell breakage detected,Active,BE10,
2025-05-03 10:06:23.458618,PV cell breakage detected,Active,BE10,
2025-05-03 10:21:13.487266,PV shading detected,Active,BE9,
2025-05-03 10:32:07.645909,PV solder bond failure detected,Cleared,BE11,
2025-05-03 10:57:37.875296,Rack structure fault detected,Cleared,BE15,
2025-05-03 11:35:05.667024,MCB 2 fault detected,Active,BE4,
2025-05-03 11:50:08.932692,PV hot spot detected,Cleared,BE12,
2025-05-03 12:10:49.154669,Rack structure fault detected,Active,BE15,
2025-05-03 13:01:27.531932,PV solder bond failure detected,Active,BE11,
2025-05-03 13:24:42.291650,PV interconnect fault detected,Cleared,BE5,
2025-05-03 13:46:01.335640,PV interconnect fault detected,Active,BE5,
2025-05-03 14:56:20.455396,PV cell breakage detected,Active,BE10,
2025-05-03 14:58:25.731979,Rack structure fault detected,Active,BE15,
2025-05-03 15:46:44.079052,Rack structure fault detected,Active,BE15,
2025-05-03 16:14:19.874961,PV solder bond failure detected,Active,BE11,
2025-05-03 16:53:12.652030,MCB 2 fault detected,Cleared,BE4,
2025-05-03 18:21:13.487266,PV shading detected,Cleared,BE9,
2025-05-03 18:59:28.291633,PV interconnect fault detected,Cleared,BE5,
2025-05-03 19:19:22.494555,Encapsulant fault detected,Cleared,BE16,
2025-05-03 19:35:02.689002,PV soiling detected,Active,BE8,
2025-05-03 20:01:18.674344,PV interconnect fault detected,Cleared,BE5,
2025-05-03 21:34:07.404162,PV cell breakage detected,Active,BE10,
2025-05-03 21:35:05.667024,MCB 2 fault detected,Cleared,BE4,
2025-05-03 21:48:25.178266,Rack structure fault detected,Cleared,BE15,
2025-05-03 22:04:21.402807,PV cell breakage detected,Active,BE10,
2025-05-03 22:31:18.865070,PV solder bond failure detected,Active,BE11,
2025-05-03 23:07:15.986473,Rack structure fault detected,Cleared,BE15,
2025-05-03 23:20:43.019656,PV solder bond failure detected,Cleared,BE11,
2025-05-03 23:25:42.629579,PV interconnect fault detected,Active,BE5,
2025-05-04 00:19:47.962067,PV shading detected,Active,BE9,
2025-05-04 00:49:50.483464,Encapsulant fault detected,Cleared,BE16,
2025-05-04 01:49:55.192974,PV solder bond failure detected,Active,BE11,
2025-05-04 01:56:58.263960,PV soiling detected,Active,BE8,
2025-05-04 03:35:02.689002,PV soiling detected,Cleared,BE8,
2025-05-04 03:40:48.789638,PV solder bond failure detected,Active,BE11,
2025-05-04 03:56:09.158000,Rack structure fault detected,Active,BE15,
2025-05-04 04:21:04.492920,PV solder bond failure detected,Active,BE11,
2025-05-04 04:38:11.383596,PV cell breakage detected,Cleared,BE10,
2025-05-04 05:57:13.400868,PV interconnect fault detected,Active,BE5,
2025-05-04 06:03:51.572729,Encapsulant fault detected,Active,BE16,
2025-05-04 06:32:01.183888,Encapsulant fault detected,Cleared,BE16,
2025-05-04 06:53:41.067229,PV solder bond failure detected,Active,BE11,
2025-05-04 07:34:41.740715,PV solder bond failure detected,Active,BE11,
2025-05-04 08:19:47.962067,PV shading detected,Cleared,BE9,
2025-05-04 08:50:16.966716,PV soiling detected,Active,BE8,
2025-05-04 08:53:14.759869,PV solder bond failure detected,Active,BE11,
2025-05-04 09:56:58.263960,PV soiling detected,Cleared,BE8,
2025-05-04 10:58:08.976008,Cable insulation fault detected,Active,BE17,
2025-05-04 11:34:59.675059,PV cell breakage detected,Cleared,BE10,
2025-05-04 13:46:01.335640,PV interconnect fault detected,Cleared,BE5,
2025-05-04 14:33:37.146332,PV cell breakage detected,Cleared,BE10,
2025-05-04 14:58:08.976008,Cable insulation fault detected,Cleared,BE17,
2025-05-04 15:13:30.191010,Grounding system fault detected,Active,BE6,
2025-05-04 16:50:16.966716,PV soiling detected,Cleared,BE8,
2025-05-04 17:25:56.125533,Grounding system fault detected,Active,BE6,
2025-05-04 17:59:23.716468,PV shading detected,Active,BE9,
2025-05-04 18:30:25.634030,Rack structure fault detected,Cleared,BE15,
2025-05-04 19:31:37.108487,PV cell breakage detected,Cleared,BE10,
2025-05-04 19:52:13.541425,PV cell breakage detected,Cleared,BE10,
2025-05-04 20:36:18.815561,PV solder bond failure detected,Cleared,BE11,
2025-05-04 21:05:50.825882,PV cell breakage detected,Cleared,BE10,
2025-05-04 23:25:42.629579,PV interconnect fault detected,Cleared,BE5,
2025-05-05 00:22:55.854017,Fuse installation fault detected,Active,BE2,
2025-05-05 01:59:23.716468,PV shading detected,Cleared,BE9,
2025-05-05 02:12:52.787895,PV solder bond failure detected,Cleared,BE11,
2025-05-05 02:15:57.636918,PV shading detected,Active,BE9,
2025-05-05 04:22:55.854017,Fuse installation fault detected,Cleared,BE2,
2025-05-05 04:37:11.751993,Encapsulant fault detected,Active,BE16,
2025-05-05 05:06:14.587375,Rack structure fault detected,Active,BE15,
2025-05-05 05:20:46.346259,Rack structure fault detected,Active,BE15,
2025-05-05 05:57:13.400868,PV interconnect fault detected,Cleared,BE5,
2025-05-05 06:02:07.635185,Rack structure fault detected,Active,BE15,
2025-05-05 06:29:12.312663,Rack structure fault detected,Cleared,BE15,
2025-05-05 06:29:33.000391,PV cell breakage detected,Active,BE10,
2025-05-05 07:04:24.293098,PV solder bond failure detected,Cleared,BE11,
2025-05-05 07:40:16.372592,PV solder bond failure detected,Cleared,BE11,
2025-05-05 08:47:29.621401,PV cell breakage detected,Active,BE10,
2025-05-05 08:51:32.024223,PV shading detected,Active,BE9,
2025-05-05 09:19:10.836644,Rack structure fault detected,Cleared,BE15,
2025-05-05 09:56:49.472165,PV interconnect fault detected,Active,BE5,
2025-05-05 10:06:23.082964,PV cell breakage detected,Cleared,BE10,
2025-05-05 10:06:23.458618,PV cell breakage detected,Cleared,BE10,
2025-05-05 10:15:57.636918,PV shading detected,Cleared,BE9,
2025-05-05 10:40:18.103578,PV shading detected,Active,BE9,
2025-05-05 11:20:25.651228,PV interconnect fault detected,Active,BE5,
2025-05-05 12:02:39.829779,PV cell breakage detected,Active,BE10,
2025-05-05 12:10:49.154669,Rack structure fault detected,Cleared,BE15,
2025-05-05 13:01:27.531932,PV solder bond failure detected,Cleared,BE11,
2025-05-05 14:16:07.564999,PV solder bond failure detected,Active,BE11,
2025-05-05 14:56:20.455396,PV cell breakage detected,Cleared,BE10,
2025-05-05 14:58:25.731979,Rack structure fault detected,Cleared,BE15,
2025-05-05 15:11:31.077841,PV shading detected,Active,BE9,
2025-05-05 15:13:30.191010,Grounding system fault detected,Cleared,BE6,
2025-05-05 15:17:38.151653,PV cell breakage detected,Active,BE10,
2025-05-05 15:46:44.079052,Rack structure fault detected,Cleared,BE15,
2025-05-05 16:14:19.874961,PV solder bond failure detected,Cleared,BE11,
2025-05-05 16:51:32.024223,PV shading detected,Cleared,BE9,
2025-05-05 17:25:56.125533,Grounding system fault detected,Cleared,BE6,
2025-05-05 17:38:34.310477,PV cell breakage detected,Active,BE10,
2025-05-05 17:39:21.930864,PV cell breakage detected,Active,BE10,
2025-05-05 17:42:04.347122,Rack structure fault detected,Active,BE15,
2025-05-05 18:13:02.922900,PV solder bond failure detected,Active,BE11,
2025-05-05 18:40:18.103578,PV shading detected,Cleared,BE9,
2025-05-05 19:21:38.209074,PV interconnect fault detected,Active,BE5,
2025-05-05 19:29:44.106496,PV interconnect fault detected,Active,BE5,
2025-05-05 19:43:19.615927,Encapsulant fault detected,Active,BE16,
2025-05-05 21:34:07.404162,PV cell breakage detected,Cleared,BE10,
2025-05-05 21:39:36.344909,PV shading detected,Active,BE9,
2025-05-05 22:04:21.402807,PV cell breakage detected,Cleared,BE10,
2025-05-05 22:31:18.865070,PV solder bond failure detected,Cleared,BE11,
2025-05-05 22:42:51.639657,PV shading detected,Active,BE9,
2025-05-05 23:11:31.077841,PV shading detected,Cleared,BE9,
2025-05-05 23:19:18.490234,PV solder bond failure detected,Active,BE11,
2025-05-06 01:32:48.076011,PV shading detected,Active,BE9,
2025-05-06 01:49:55.192974,PV solder bond failure detected,Cleared,BE11,
2025-05-06 02:58:12.803074,PV interconnect fault detected,Active,BE5,
2025-05-06 03:39:18.778864,PV interconnect fault detected,Active,BE5,
2025-05-06 03:40:48.789638,PV solder bond failure detected,Cleared,BE11,
2025-05-06 03:56:09.158000,Rack structure fault detected,Cleared,BE15,
2025-05-06 04:21:04.492920,PV solder bond failure detected,Cleared,BE11,
2025-05-06 05:09:01.374436,PV interconnect fault detected,Active,BE5,
2025-05-06 05:22:38.114325,PV cell breakage detected,Active,BE10,
2025-05-06 05:39:36.344909,PV shading detected,Cleared,BE9,
2025-05-06 06:03:51.572729,Encapsulant fault detected,Cleared,BE16,
2025-05-06 06:37:41.639628,PV interconnect fault detected,Active,BE5,
2025-05-06 06:42:51.639657,PV shading detected,Cleared,BE9,
2025-05-06 06:53:41.067229,PV solder bond failure detected,Cleared,BE11,
2025-05-06 07:34:41.740715,PV solder bond failure detected,Cleared,BE11,
2025-05-06 08:53:14.759869,PV solder bond failure detected,Cleared,BE11,
2025-05-06 09:32:48.076011,PV shading detected,Cleared,BE9,
2025-05-06 09:56:49.472165,PV interconnect fault detected,Cleared,BE5,
2025-05-06 11:20:25.651228,PV interconnect fault detected,Cleared,BE5,
2025-05-06 11:30:56.966944,MCB 1 fault detected,Active,BE3,
2025-05-06 11:54:31.594302,PV shading detected,Active,BE9,
2025-05-06 13:13:55.298748,PV solder bond failure detected,Active,BE11,
2025-05-06 14:01:34.086634,Encapsulant fault detected,Active,BE16,
2025-05-06 14:03:29.643516,Short/open circuit fault detected,Active,BE14,
2025-05-06 14:32:52.228395,Encapsulant fault detected,Active,BE16,
2025-05-06 17:11:07.586520,Rack structure fault detected,Active,BE15,
2025-05-06 19:00:39.017773,PV interconnect fault detected,Active,BE5,
2025-05-06 19:21:38.209074,PV interconnect fault detected,Cleared,BE5,
2025-05-06 19:29:44.106496,PV interconnect fault detected,Cleared,BE5,
2025-05-06 19:54:31.594302,PV shading detected,Cleared,BE9,
2025-05-06 21:30:56.966944,MCB 1 fault detected,Cleared,BE3,
2025-05-06 22:36:44.477692,Rack structure fault detected,Active,BE15,
2025-05-06 23:05:51.923473,MCB 1 fault detected,Active,BE3,
2025-05-07 01:55:38.046688,Grounding system fault detected,Active,BE6,
2025-05-07 02:03:29.643516,Short/open circuit fault detected,Cleared,BE14,
2025-05-07 02:58:12.803074,PV interconnect fault detected,Cleared,BE5,
2025-05-07 03:01:42.404130,PV shading detected,Active,BE9,
2025-05-07 03:39:18.778864,PV interconnect fault detected,Cleared,BE5,
2025-05-07 04:30:48.421365,Rack structure fault detected,Active,BE15,
2025-05-07 04:37:11.751993,Encapsulant fault detected,Cleared,BE16,
2025-05-07 05:06:14.587375,Rack structure fault detected,Cleared,BE15,
2025-05-07 05:09:01.374436,PV interconnect fault detected,Cleared,BE5,
2025-05-07 05:20:46.346259,Rack structure fault detected,Cleared,BE15,
2025-05-07 06:02:07.635185,Rack structure fault detected,Cleared,BE15,
2025-05-07 06:29:33.000391,PV cell breakage detected,Cleared,BE10,
2025-05-07 06:37:41.639628,PV interconnect fault detected,Cleared,BE5,
2025-05-07 07:26:08.286294,Encapsulant fault detected,Active,BE16,
2025-05-07 08:47:29.621401,PV cell breakage detected,Cleared,BE10,
2025-05-07 09:05:51.923473,MCB 1 fault detected,Cleared,BE3,
2025-05-07 11:01:42.404130,PV shading detected,Cleared,BE9,
2025-05-07 11:12:42.324904,PV interconnect fault detected,Active,BE5,
2025-05-07 11:55:46.244801,PV cell breakage detected,Active,BE10,
2025-05-07 12:02:39.829779,PV cell breakage detected,Cleared,BE10,
2025-05-07 14:12:26.529192,PV cell breakage detected,Active,BE10,
2025-05-07 14:16:07.564999,PV solder bond failure detected,Cleared,BE11,
2025-05-07 15:17:38.151653,PV cell breakage detected,Cleared,BE10,
2025-05-07 16:57:28.344135,Rack structure fault detected,Active,BE15,
2025-05-07 17:38:34.310477,PV cell breakage detected,Cleared,BE10,
2025-05-07 17:39:21.930864,PV cell breakage detected,Cleared,BE10,
2025-05-07 17:42:04.347122,Rack structure fault detected,Cleared,BE15,
2025-05-07 18:13:02.922900,PV solder bond failure detected,Cleared,BE11,
2025-05-07 19:00:39.017773,PV interconnect fault detected,Cleared,BE5,
2025-05-07 19:43:19.615927,Encapsulant fault detected,Cleared,BE16,
2025-05-07 19:55:58.691998,Encapsulant fault detected,Active,BE16,
2025-05-07 21:21:15.432672,Rack structure fault detected,Active,BE15,
2025-05-07 21:33:39.932445,PV interconnect fault detected,Active,BE5,
2025-05-07 21:43:27.224095,Rack structure fault detected,Active,BE15,
2025-05-07 23:19:18.490234,PV solder bond failure detected,Cleared,BE11,
2025-05-07 23:57:48.723062,PV cell breakage detected,Active,BE10,
2025-05-08 01:40:30.908070,PV solder bond failure detected,Active,BE11,
2025-05-08 01:41:24.764664,Grounding system fault detected,Active,BE6,
2025-05-08 01:55:38.046688,Grounding system fault detected,Cleared,BE6,
2025-05-08 02:21:52.536057,MCB 1 fault detected,Active,BE3,
2025-05-08 03:07:25.816522,Grounding system fault detected,Active,BE6,
2025-05-08 05:22:38.114325,PV cell breakage detected,Cleared,BE10,
2025-05-08 07:33:09.914553,PV solder bond failure detected,Active,BE11,
2025-05-08 08:08:59.420616,MCB 1 fault detected,Active,BE3,
2025-05-08 09:08:47.098966,MCB 2 fault detected,Active,BE4,
2025-05-08 09:46:37.020425,Encapsulant fault detected,Active,BE16,
2025-05-08 10:25:51.708341,Grounding system fault detected,Active,BE6,
2025-05-08 11:12:42.324904,PV interconnect fault detected,Cleared,BE5,
2025-05-08 12:06:38.034170,PV cell breakage detected,Active,BE10,
2025-05-08 12:21:52.536057,MCB 1 fault detected,Cleared,BE3,
2025-05-08 13:13:55.298748,PV solder bond failure detected,Cleared,BE11,
2025-05-08 14:01:34.086634,Encapsulant fault detected,Cleared,BE16,
2025-05-08 14:32:52.228395,Encapsulant fault detected,Cleared,BE16,
2025-05-08 15:57:11.330637,Rack structure fault detected,Active,BE15,
2025-05-08 17:11:07.586520,Rack structure fault detected,Cleared,BE15,
2025-05-08 17:35:26.740659,Encapsulant fault detected,Active,BE16,
2025-05-08 17:46:15.942822,PV hot spot detected,Active,BE12,
2025-05-08 18:08:59.420616,MCB 1 fault detected,Cleared,BE3,
2025-05-08 18:48:33.200094,PV solder bond failure detected,Active,BE11,
2025-05-08 19:04:54.211587,Encapsulant fault detected,Active,BE16,
2025-05-08 19:08:47.098966,MCB 2 fault detected,Cleared,BE4,
2025-05-08 21:28:18.407625,PV solder bond failure detected,Active,BE11,
2025-05-08 21:33:39.932445,PV interconnect fault detected,Cleared,BE5,
2025-05-08 22:36:44.477692,Rack structure fault detected,Cleared,BE15,
2025-05-08 22:51:03.815561,Encapsulant fault detected,Active,BE16,
2025-05-08 23:55:32.920179,PV solder bond failure detected,Active,BE11,
2025-05-09 01:41:24.764664,Grounding system fault detected,Cleared,BE6,
2025-05-09 03:07:25.816522,Grounding system fault detected,Cleared,BE6,
2025-05-09 03:23:29.256644,PV solder bond failure detected,Active,BE11,
2025-05-09 04:30:48.421365,Rack structure fault detected,Cleared,BE15,
2025-05-09 05:01:53.173371,PV cell breakage detected,Active,BE10,
2025-05-09 05:25:53.002625,Rack structure fault detected,Active,BE15,
2025-05-09 07:26:08.286294,Encapsulant fault detected,Cleared,BE16,
2025-05-09 09:57:27.470105,PV cell breakage detected,Active,BE10,
2025-05-09 10:25:51.708341,Grounding system fault detected,Cleared,BE6,
2025-05-09 10:53:54.420335,PV solder bond failure detected,Active,BE11,
2025-05-09 11:33:55.944717,Grounding system fault detected,Active,BE6,
2025-05-09 11:55:46.244801,PV cell breakage detected,Cleared,BE10,
2025-05-09 12:16:09.728577,PV interconnect fault detected,Active,BE5,
2025-05-09 12:59:18.665914,Grounding system fault detected,Active,BE6,
2025-05-09 13:11:38.902136,PV cell breakage detected,Active,BE10,
2025-05-09 14:12:26.529192,PV cell breakage detected,Cleared,BE10,
2025-05-09 16:43:23.186526,PV cell breakage detected,Active,BE10,
2025-05-09 16:57:28.344135,Rack structure fault detected,Cleared,BE15,
2025-05-09 17:21:21.505706,Rack structure fault detected,Active,BE15,
2025-05-09 17:46:15.942822,PV hot spot detected,Cleared,BE12,
2025-05-09 17:49:21.072318,PV interconnect fault detected,Active,BE5,
2025-05-09 18:36:26.301624,PV solder bond failure detected,Active,BE11,
2025-05-09 19:55:58.691998,Encapsulant fault detected,Cleared,BE16,
2025-05-09 21:09:14.221929,PV solder bond failure detected,Active,BE11,
2025-05-09 21:21:15.432672,Rack structure fault detected,Cleared,BE15,
2025-05-09 21:43:27.224095,Rack structure fault detected,Cleared,BE15,
2025-05-09 21:47:58.908804,PV interconnect fault detected,Active,BE5,
2025-05-09 22:06:55.220253,PV solder bond failure detected,Active,BE11,
2025-05-09 23:57:48.723062,PV cell breakage detected,Cleared,BE10,
2025-05-10 01:40:30.908070,PV solder bond failure detected,Cleared,BE11,
2025-05-10 03:49:04.476520,PV shading detected,Active,BE9,
2025-05-10 03:54:23.602038,PV cell breakage detected,Active,BE10,
2025-05-10 04:50:43.188897,PV solder bond failure detected,Active,BE11,
2025-05-10 05:46:08.156162,PV solder bond failure detected,Active,BE11,
2025-05-10 06:47:54.058255,Grounding system fault detected,Active,BE6,
2025-05-10 07:33:09.914553,PV solder bond failure detected,Cleared,BE11,
2025-05-10 09:20:28.859677,MCB 1 fault detected,Active,BE3,
2025-05-10 09:46:37.020425,Encapsulant fault detected,Cleared,BE16,
2025-05-10 11:33:55.944717,Grounding system fault detected,Cleared,BE6,
2025-05-10 11:34:43.447483,PV solder bond failure detected,Active,BE11,
2025-05-10 11:49:04.476520,PV shading detected,Cleared,BE9,
2025-05-10 11:55:24.574184,Rack structure fault detected,Active,BE15,
2025-05-10 12:06:38.034170,PV cell breakage detected,Cleared,BE10,
2025-05-10 12:16:09.728577,PV interconnect fault detected,Cleared,BE5,
2025-05-10 12:59:18.665914,Grounding system fault detected,Cleared,BE6,
2025-05-10 15:27:39.545468,Grounding system fault detected,Active,BE6,
2025-05-10 15:57:11.330637,Rack structure fault detected,Cleared,BE15,
2025-05-10 17:35:26.740659,Encapsulant fault detected,Cleared,BE16,
2025-05-10 17:49:21.072318,PV interconnect fault detected,Cleared,BE5,
2025-05-10 18:48:33.200094,PV solder bond failure detected,Cleared,BE11,
2025-05-10 19:04:54.211587,Encapsulant fault detected,Cleared,BE16,
2025-05-10 19:07:36.724031,PV cell breakage detected,Active,BE10,
2025-05-10 19:20:28.859677,MCB 1 fault detected,Cleared,BE3,
2025-05-10 19:31:46.316045,PV solder bond failure detected,Active,BE11,
2025-05-10 20:55:27.720210,PV cell breakage detected,Active,BE10,
2025-05-10 21:28:18.407625,PV solder bond failure detected,Cleared,BE11,
2025-05-10 21:47:20.718939,PV interconnect fault detected,Active,BE5,
2025-05-10 21:47:58.908804,PV interconnect fault detected,Cleared,BE5,
2025-05-10 22:51:03.815561,Encapsulant fault detected,Cleared,BE16,
2025-05-10 23:55:32.920179,PV solder bond failure detected,Cleared,BE11,
2025-05-11 00:46:50.168630,PV interconnect fault detected,Active,BE5,
2025-05-11 01:04:53.718989,PV cell breakage detected,Active,BE10,
2025-05-11 03:21:02.382502,Rack structure fault detected,Active,BE15,
2025-05-11 03:23:29.256644,PV solder bond failure detected,Cleared,BE11,
2025-05-11 03:38:23.676778,PV solder bond failure detected,Active,BE11,
2025-05-11 03:40:15.725320,Encapsulant fault detected,Active,BE16,
2025-05-11 05:01:53.173371,PV cell breakage detected,Cleared,BE10,
2025-05-11 05:25:53.002625,Rack structure fault detected,Cleared,BE15,
2025-05-11 06:30:46.244195,Rack structure fault detected,Active,BE15,
2025-05-11 06:47:54.058255,Grounding system fault detected,Cleared,BE6,
2025-05-11 08:56:04.633307,PV hot spot detected,Active,BE12,
2025-05-11 09:57:27.470105,PV cell breakage detected,Cleared,BE10,
2025-05-11 10:33:13.569427,PV shading detected,Active,BE9,
2025-05-11 10:53:54.420335,PV solder bond failure detected,Cleared,BE11,
2025-05-11 11:15:24.571707,Grounding system fault detected,Active,BE6,
2025-05-11 12:12:44.499491,Grounding system fault detected,Active,BE6,
2025-05-11 12:28:28.328872,Rack structure fault detected,Active,BE15,
2025-05-11 12:53:20.843375,Encapsulant fault detected,Active,BE16,
2025-05-11 13:03:24.204969,PV solder bond failure detected,Active,BE11,
2025-05-11 13:11:38.902136,PV cell breakage detected,Cleared,BE10,
2025-05-11 13:36:59.016322,PV soiling detected,Active,BE8,
2025-05-11 14:19:25.164995,Rack structure fault detected,Active,BE15,
2025-05-11 15:27:39.545468,Grounding system fault detected,Cleared,BE6,
2025-05-11 16:13:54.188622,Rack structure fault detected,Active,BE15,
2025-05-11 16:43:23.186526,PV cell breakage detected,Cleared,BE10,
2025-05-11 17:21:21.505706,Rack structure fault detected,Cleared,BE15,
2025-05-11 18:33:13.569427,PV shading detected,Cleared,BE9,
2025-05-11 18:36:26.301624,PV solder bond failure detected,Cleared,BE11,
2025-05-11 21:09:14.221929,PV solder bond failure detected,Cleared,BE11,
2025-05-11 21:36:59.016322,PV soiling detected,Cleared,BE8,
2025-05-11 21:47:20.718939,PV interconnect fault detected,Cleared,BE5,
2025-05-11 21:54:29.861563,PV cell breakage detected,Active,BE10,
2025-05-11 22:06:55.220253,PV solder bond failure detected,Cleared,BE11,
2025-05-11 22:14:40.936646,PV shading detected,Active,BE9,
2025-05-11 23:55:04.395612,Encapsulant fault detected,Active,BE16,
2025-05-12 00:27:40.933740,MCB 2 fault detected,Active,BE4,
2025-05-12 00:46:50.168630,PV interconnect fault detected,Cleared,BE5,
2025-05-12 00:52:04.381757,Encapsulant fault detected,Active,BE16,
2025-05-12 01:32:22.699132,Encapsulant fault detected,Active,BE16,
2025-05-12 02:55:36.032787,PV solder bond failure detected,Active,BE11,
2025-05-12 03:54:23.602038,PV cell breakage detected,Cleared,BE10,
2025-05-12 04:27:33.353872,PV shading detected,Active,BE9,
2025-05-12 04:50:43.188897,PV solder bond failure detected,Cleared,BE11,
2025-05-12 05:46:08.156162,PV solder bond failure detected,Cleared,BE11,
2025-05-12 06:00:11.671299,PV soiling detected,Active,BE8,
2025-05-12 06:14:40.936646,PV shading detected,Cleared,BE9,
2025-05-12 07:04:03.923061,MCB 2 fault detected,Active,BE4,
2025-05-12 07:35:15.014658,PV solder bond failure detected,Active,BE11,
2025-05-12 07:41:58.934359,Rack structure fault detected,Active,BE15,
2025-05-12 08:56:04.633307,PV hot spot detected,Cleared,BE12,
2025-05-12 10:27:40.933740,MCB 2 fault detected,Cleared,BE4,
2025-05-12 10:29:20.479190,PV hot spot detected,Active,BE12,
2025-05-12 11:15:24.571707,Grounding system fault detected,Cleared,BE6,
2025-05-12 11:34:43.447483,PV solder bond failure detected,Cleared,BE11,
2025-05-12 11:55:24.574184,Rack structure fault detected,Cleared,BE15,
2025-05-12 12:12:44.499491,Grounding system fault detected,Cleared,BE6,
2025-05-12 12:27:33.353872,PV shading detected,Cleared,BE9,
2025-05-12 12:38:52.840285,PV cell breakage detected,Active,BE10,
2025-05-12 13:45:32.567046,Fuse installation fault detected,Active,BE2,
2025-05-12 14:00:11.671299,PV soiling detected,Cleared,BE8,
2025-05-12 15:49:17.832726,PV interconnect fault detected,Active,BE5,
2025-05-12 15:56:56.077335,PV shading detected,Active,BE9,
2025-05-12 15:57:58.213337,PV interconnect fault detected,Active,BE5,
2025-05-12 16:23:56.090738,PV solder bond failure detected,Active,BE11,
2025-05-12 17:04:03.923061,MCB 2 fault detected,Cleared,BE4,
2025-05-12 17:45:32.567046,Fuse installation fault detected,Cleared,BE2,
2025-05-12 19:07:36.724031,PV cell breakage detected,Cleared,BE10,
2025-05-12 19:31:46.316045,PV solder bond failure detected,Cleared,BE11,
2025-05-12 20:55:27.720210,PV cell breakage detected,Cleared,BE10,
2025-05-12 22:51:27.490985,MCB 1 fault detected,Active,BE3,
2025-05-12 22:53:28.476543,PV solder bond failure detected,Active,BE11,
2025-05-12 23:41:47.946034,Encapsulant fault detected,Active,BE16,
2025-05-12 23:51:29.361511,PV glass breakage detected,Active,BE7,
2025-05-12 23:56:56.077335,PV shading detected,Cleared,BE9,
2025-05-13 00:16:49.774461,PV solder bond failure detected,Active,BE11,
2025-05-13 00:27:19.844339,PV solder bond failure detected,Active,BE11,
2025-05-13 01:04:53.718989,PV cell breakage detected,Cleared,BE10,
2025-05-13 02:42:26.054721,PV solder bond failure detected,Active,BE11,
2025-05-13 03:21:02.382502,Rack structure fault detected,Cleared,BE15,
2025-05-13 03:38:23.676778,PV solder bond failure detected,Cleared,BE11,
2025-05-13 03:40:15.725320,Encapsulant fault detected,Cleared,BE16,
2025-05-13 04:29:00.420169,PV hot spot detected,Active,BE12,
2025-05-13 06:05:31.973809,Grounding system fault detected,Active,BE6,
2025-05-13 06:30:46.244195,Rack structure fault detected,Cleared,BE15,
2025-05-13 06:38:34.864390,PV solder bond failure detected,Active,BE11,
2025-05-13 08:51:27.490985,MCB 1 fault detected,Cleared,BE3,
2025-05-13 09:27:02.321484,PV shading detected,Active,BE9,
2025-05-13 10:29:20.479190,PV hot spot detected,Cleared,BE12,
2025-05-13 10:31:59.590266,Rack structure fault detected,Active,BE15,
2025-05-13 10:52:54.595031,PV shading detected,Active,BE9,
2025-05-13 12:03:06.961653,PV soiling detected,Active,BE8,
2025-05-13 12:28:28.328872,Rack structure fault detected,Cleared,BE15,
2025-05-13 12:53:20.843375,Encapsulant fault detected,Cleared,BE16,
2025-05-13 13:03:24.204969,PV solder bond failure detected,Cleared,BE11,
2025-05-13 13:05:56.216127,PV solder bond failure detected,Active,BE11,
2025-05-13 13:14:50.807692,Encapsulant fault detected,Active,BE16,
2025-05-13 14:19:25.164995,Rack structure fault detected,Cleared,BE15,
2025-05-13 15:49:17.832726,PV interconnect fault detected,Cleared,BE5,
2025-05-13 15:57:58.213337,PV interconnect fault detected,Cleared,BE5,
2025-05-13 16:13:54.188622,Rack structure fault detected,Cleared,BE15,
2025-05-13 16:52:32.976670,PV shading detected,Active,BE9,
2025-05-13 17:27:02.321484,PV shading detected,Cleared,BE9,
2025-05-13 18:52:54.595031,PV shading detected,Cleared,BE9,
2025-05-13 20:03:06.961653,PV soiling detected,Cleared,BE8,
2025-05-13 21:54:29.861563,PV cell breakage detected,Cleared,BE10,
2025-05-13 23:51:29.361511,PV glass breakage detected,Cleared,BE7,
2025-05-13 23:53:45.587515,MCB 2 fault detected,Active,BE4,
2025-05-13 23:55:04.395612,Encapsulant fault detected,Cleared,BE16,
2025-05-14 00:52:04.381757,Encapsulant fault detected,Cleared,BE16,
2025-05-14 00:52:32.976670,PV shading detected,Cleared,BE9,
2025-05-14 01:32:22.699132,Encapsulant fault detected,Cleared,BE16,
2025-05-14 01:42:57.914234,Encapsulant fault detected,Active,BE16,
2025-05-14 01:51:18.583377,PV solder bond failure detected,Active,BE11,
2025-05-14 02:13:45.345570,PV cell breakage detected,Active,BE10,
2025-05-14 02:55:36.032787,PV solder bond failure detected,Cleared,BE11,
2025-05-14 03:19:27.500845,PV solder bond failure detected,Active,BE11,
2025-05-14 04:13:35.488182,PV solder bond failure detected,Active,BE11,
2025-05-14 04:29:00.420169,PV hot spot detected,Cleared,BE12,
2025-05-14 06:05:31.973809,Grounding system fault detected,Cleared,BE6,
2025-05-14 06:36:10.959135,Encapsulant fault detected,Active,BE16,
2025-05-14 07:35:15.014658,PV solder bond failure detected,Cleared,BE11,
2025-05-14 07:41:58.934359,Rack structure fault detected,Cleared,BE15,
2025-05-14 07:49:25.006911,PV soiling detected,Active,BE8,
2025-05-14 09:22:01.912183,PV interconnect fault detected,Active,BE5,
2025-05-14 09:53:19.316379,PV interconnect fault detected,Active,BE5,
2025-05-14 09:53:45.587515,MCB 2 fault detected,Cleared,BE4,
2025-05-14 12:38:52.840285,PV cell breakage detected,Cleared,BE10,
2025-05-14 13:41:11.697609,PV shading detected,Active,BE9,
2025-05-14 14:25:39.690429,MCB 1 fault detected,Active,BE3,
2025-05-14 14:48:57.994699,PV cell breakage detected,Active,BE10,
2025-05-14 15:49:25.006911,PV soiling detected,Cleared,BE8,
2025-05-14 16:23:56.090738,PV solder bond failure detected,Cleared,BE11,
2025-05-14 19:11:21.400029,PV shading detected,Active,BE9,
2025-05-14 19:17:46.902703,PV cell breakage detected,Active,BE10,
2025-05-14 20:32:19.928908,PV hot spot detected,Active,BE12,
2025-05-14 21:41:11.697609,PV shading detected,Cleared,BE9,
2025-05-14 22:53:28.476543,PV solder bond failure detected,Cleared,BE11,
2025-05-14 23:41:47.946034,Encapsulant fault detected,Cleared,BE16,
2025-05-15 00:16:49.774461,PV solder bond failure detected,Cleared,BE11,
2025-05-15 00:25:39.690429,MCB 1 fault detected,Cleared,BE3,
2025-05-15 00:27:19.844339,PV solder bond failure detected,Cleared,BE11,
2025-05-15 02:29:07.415727,PV solder bond failure detected,Active,BE11,
2025-05-15 02:42:26.054721,PV solder bond failure detected,Cleared,BE11,
2025-05-15 03:11:21.400029,PV shading detected,Cleared,BE9,
2025-05-15 03:15:15.544629,PV solder bond failure detected,Active,BE11,
2025-05-15 03:18:24.194935,PV cell breakage detected,Active,BE10,
2025-05-15 04:49:45.960329,PV shading detected,Active,BE9,
2025-05-15 06:33:33.992078,Encapsulant fault detected,Active,BE16,
2025-05-15 06:38:34.864390,PV solder bond failure detected,Cleared,BE11,
2025-05-15 07:37:56.835633,PV solder bond failure detected,Active,BE11,
2025-05-15 07:39:30.745628,Rack structure fault detected,Active,BE15,
2025-05-15 09:22:01.912183,PV interconnect fault detected,Cleared,BE5,
2025-05-15 09:47:28.132825,Encapsulant fault detected,Active,BE16,
2025-05-15 09:53:19.316379,PV interconnect fault detected,Cleared,BE5,
2025-05-15 10:31:59.590266,Rack structure fault detected,Cleared,BE15,
2025-05-15 12:06:10.432514,PV interconnect fault detected,Active,BE5,
2025-05-15 12:49:45.960329,PV shading detected,Cleared,BE9,
2025-05-15 13:00:32.176939,PV cell breakage detected,Active,BE10,
2025-05-15 13:05:56.216127,PV solder bond failure detected,Cleared,BE11,
2025-05-15 13:14:50.807692,Encapsulant fault detected,Cleared,BE16,
2025-05-15 13:29:11.741531,Encapsulant fault detected,Active,BE16,
2025-05-15 13:33:21.716826,PV solder bond failure detected,Active,BE11,
2025-05-15 13:44:30.171555,PV cell breakage detected,Active,BE10,
2025-05-15 14:53:58.462796,PV shading detected,Active,BE9,
2025-05-15 17:13:00.838439,PV shading detected,Active,BE9,
2025-05-15 17:33:15.564243,PV soiling detected,Active,BE8,
2025-05-15 18:35:37.235291,PV glass breakage detected,Active,BE7,
2025-05-15 18:47:53.781931,PV solder bond failure detected,Active,BE11,
2025-05-15 19:24:11.694555,PV solder bond failure detected,Active,BE11,
2025-05-15 19:47:53.235478,PV solder bond failure detected,Active,BE11,
2025-05-15 20:32:19.928908,PV hot spot detected,Cleared,BE12,
2025-05-15 20:32:51.948703,PV solder bond failure detected,Active,BE11,
2025-05-15 20:47:39.143670,PV cell breakage detected,Active,BE10,
2025-05-15 20:58:11.421890,PV interconnect fault detected,Active,BE5,
2025-05-15 21:14:09.509678,Rack structure fault detected,Active,BE15,
2025-05-15 22:19:41.178671,PV shading detected,Active,BE9,
2025-05-15 22:53:58.462796,PV shading detected,Cleared,BE9,
2025-05-15 23:05:20.556445,PV soiling detected,Active,BE8,
2025-05-16 00:01:37.169062,Rack structure fault detected,Active,BE15,
2025-05-16 00:19:12.110732,Encapsulant fault detected,Active,BE16,
2025-05-16 01:13:00.838439,PV shading detected,Cleared,BE9,
2025-05-16 01:33:15.564243,PV soiling detected,Cleared,BE8,
2025-05-16 01:33:31.167471,Rack structure fault detected,Active,BE15,
2025-05-16 01:42:57.914234,Encapsulant fault detected,Cleared,BE16,
2025-05-16 01:51:18.583377,PV solder bond failure detected,Cleared,BE11,
2025-05-16 02:13:45.345570,PV cell breakage detected,Cleared,BE10,
2025-05-16 02:28:18.229303,PV solder bond failure detected,Active,BE11,
2025-05-16 02:57:20.735202,PV shading detected,Active,BE9,
2025-05-16 03:15:26.706097,PV shading detected,Active,BE9,
2025-05-16 03:19:27.500845,PV solder bond failure detected,Cleared,BE11,
2025-05-16 03:32:08.536649,PV shading detected,Active,BE9,
2025-05-16 04:13:35.488182,PV solder bond failure detected,Cleared,BE11,
2025-05-16 06:14:13.017504,Encapsulant fault detected,Active,BE16,
2025-05-16 06:19:41.178671,PV shading detected,Cleared,BE9,
2025-05-16 06:36:10.959135,Encapsulant fault detected,Cleared,BE16,
2025-05-16 07:05:20.556445,PV soiling detected,Cleared,BE8,
2025-05-16 07:45:27.608707,PV solder bond failure detected,Active,BE11,
2025-05-16 07:52:30.860657,PV cell breakage detected,Active,BE10,
2025-05-16 08:10:40.131982,Grounding system fault detected,Active,BE6,
2025-05-16 09:31:02.849439,PV cell breakage detected,Active,BE10,
2025-05-16 09:32:53.104266,PV solder bond failure detected,Active,BE11,
2025-05-16 10:57:20.735202,PV shading detected,Cleared,BE9,
2025-05-16 11:13:29.128400,Encapsulant fault detected,Active,BE16,
2025-05-16 11:15:26.706097,PV shading detected,Cleared,BE9,
2025-05-16 11:32:08.536649,PV shading detected,Cleared,BE9,
2025-05-16 12:06:10.432514,PV interconnect fault detected,Cleared,BE5,
2025-05-16 14:48:57.994699,PV cell breakage detected,Cleared,BE10,
2025-05-16 16:22:37.868482,PV solder bond failure detected,Active,BE11,
2025-05-16 18:35:37.235291,PV glass breakage detected,Cleared,BE7,
2025-05-16 19:17:46.902703,PV cell breakage detected,Cleared,BE10,
2025-05-16 20:58:11.421890,PV interconnect fault detected,Cleared,BE5,
2025-05-16 23:07:22.328376,PV cell breakage detected,Active,BE10,
2025-05-16 23:47:08.111691,PV shading detected,Active,BE9,
2025-05-17 00:32:49.193934,Rack structure fault detected,Active,BE15,
2025-05-17 02:29:07.415727,PV solder bond failure detected,Cleared,BE11,
2025-05-17 03:15:15.544629,PV solder bond failure detected,Cleared,BE11,
2025-05-17 03:18:24.194935,PV cell breakage detected,Cleared,BE10,
2025-05-17 03:24:35.092863,PV shading detected,Active,BE9,
2025-05-17 03:54:41.907725,PV solder bond failure detected,Active,BE11,
2025-05-17 04:11:50.052678,PV solder bond failure detected,Active,BE11,
2025-05-17 05:24:20.105344,Encapsulant fault detected,Active,BE16,
2025-05-17 06:33:33.992078,Encapsulant fault detected,Cleared,BE16,
2025-05-17 06:59:02.653773,PV cell breakage detected,Active,BE10,
2025-05-17 07:37:56.835633,PV solder bond failure detected,Cleared,BE11,
2025-05-17 07:39:30.745628,Rack structure fault detected,Cleared,BE15,
2025-05-17 07:47:08.111691,PV shading detected,Cleared,BE9,
2025-05-17 08:10:40.131982,Grounding system fault detected,Cleared,BE6,
2025-05-17 08:50:00.641515,PV solder bond failure detected,Active,BE11,
2025-05-17 09:47:28.132825,Encapsulant fault detected,Cleared,BE16,
2025-05-17 11:24:35.092863,PV shading detected,Cleared,BE9,
2025-05-17 11:42:17.689879,PV shading detected,Active,BE9,
2025-05-17 12:24:22.733271,Rack structure fault detected,Active,BE15,
2025-05-17 13:00:32.176939,PV cell breakage detected,Cleared,BE10,
2025-05-17 13:29:11.741531,Encapsulant fault detected,Cleared,BE16,
2025-05-17 13:33:21.716826,PV solder bond failure detected,Cleared,BE11,
2025-05-17 13:44:30.171555,PV cell breakage detected,Cleared,BE10,
2025-05-17 15:44:14.525837,PV shading detected,Active,BE9,
2025-05-17 16:41:40.974465,PV solder bond failure detected,Active,BE11,
2025-05-17 18:39:00.448910,PV solder bond failure detected,Active,BE11,
2025-05-17 18:47:53.781931,PV solder bond failure detected,Cleared,BE11,
2025-05-17 19:24:11.694555,PV solder bond failure detected,Cleared,BE11,
2025-05-17 19:42:17.689879,PV shading detected,Cleared,BE9,
2025-05-17 19:47:53.235478,PV solder bond failure detected,Cleared,BE11,
2025-05-17 20:32:51.948703,PV solder bond failure detected,Cleared,BE11,
2025-05-17 20:47:39.143670,PV cell breakage detected,Cleared,BE10,
2025-05-17 21:07:25.747762,PV solder bond failure detected,Active,BE11,
2025-05-17 21:14:09.509678,Rack structure fault detected,Cleared,BE15,
2025-05-17 23:44:14.525837,PV shading detected,Cleared,BE9,
2025-05-17 23:52:20.256974,Encapsulant fault detected,Active,BE16,
2025-05-18 00:01:37.169062,Rack structure fault detected,Cleared,BE15,
2025-05-18 00:19:12.110732,Encapsulant fault detected,Cleared,BE16,
2025-05-18 01:33:31.167471,Rack structure fault detected,Cleared,BE15,
2025-05-18 01:37:02.292638,Rack structure fault detected,Active,BE15,
2025-05-18 02:28:18.229303,PV solder bond failure detected,Cleared,BE11,
2025-05-18 03:31:08.807524,PV solder bond failure detected,Active,BE11,
2025-05-18 06:14:13.017504,Encapsulant fault detected,Cleared,BE16,
2025-05-18 07:23:51.661006,PV soiling detected,Active,BE8,
2025-05-18 07:33:40.298823,PV interconnect fault detected,Active,BE5,
2025-05-18 07:45:27.608707,PV solder bond failure detected,Cleared,BE11,
2025-05-18 07:52:30.860657,PV cell breakage detected,Cleared,BE10,
2025-05-18 08:28:02.485034,PV interconnect fault detected,Active,BE5,
2025-05-18 09:31:02.849439,PV cell breakage detected,Cleared,BE10,
2025-05-18 09:32:53.104266,PV solder bond failure detected,Cleared,BE11,
2025-05-18 10:15:33.396732,PV cell breakage detected,Active,BE10,
2025-05-18 10:38:52.986668,PV cell breakage detected,Active,BE10,
2025-05-18 11:13:29.128400,Encapsulant fault detected,Cleared,BE16,
2025-05-18 12:46:58.172311,PV soiling detected,Active,BE8,
2025-05-18 13:24:47.990885,PV cell breakage detected,Active,BE10,
2025-05-18 15:23:51.661006,PV soiling detected,Cleared,BE8,
2025-05-18 16:22:37.868482,PV solder bond failure detected,Cleared,BE11,
2025-05-18 18:00:27.577108,PV interconnect fault detected,Active,BE5,
2025-05-18 18:47:55.549487,Short/open circuit fault detected,Active,BE14,
2025-05-18 18:51:59.203219,PV solder bond failure detected,Active,BE11,
2025-05-18 20:46:58.172311,PV soiling detected,Cleared,BE8,
2025-05-18 21:39:57.935123,PV cell breakage detected,Active,BE10,
2025-05-18 22:28:43.318448,Rack structure fault detected,Active,BE15,
2025-05-18 23:07:22.328376,PV cell breakage detected,Cleared,BE10,
2025-05-18 23:50:14.363680,PV shading detected,Active,BE9,
2025-05-19 00:32:49.193934,Rack structure fault detected,Cleared,BE15,
2025-05-19 00:49:15.614484,PV cell breakage detected,Active,BE10,
2025-05-19 03:14:53.440788,PV shading detected,Active,BE9,
2025-05-19 03:54:41.907725,PV solder bond failure detected,Cleared,BE11,
2025-05-19 04:11:50.052678,PV solder bond failure detected,Cleared,BE11,
2025-05-19 05:24:20.105344,Encapsulant fault detected,Cleared,BE16,
2025-05-19 06:01:55.575733,PV solder bond failure detected,Active,BE11,
2025-05-19 06:24:08.478318,Encapsulant fault detected,Active,BE16,
2025-05-19 06:47:55.549487,Short/open circuit fault detected,Cleared,BE14,
2025-05-19 06:59:02.653773,PV cell breakage detected,Cleared,BE10,
2025-05-19 06:59:26.833863,Grounding system fault detected,Active,BE6,
2025-05-19 07:33:40.298823,PV interconnect fault detected,Cleared,BE5,
2025-05-19 07:50:14.363680,PV shading detected,Cleared,BE9,
2025-05-19 08:28:02.485034,PV interconnect fault detected,Cleared,BE5,
2025-05-19 08:50:00.641515,PV solder bond failure detected,Cleared,BE11,
2025-05-19 09:37:44.591460,PV shading detected,Active,BE9,
2025-05-19 11:14:53.440788,PV shading detected,Cleared,BE9,
2025-05-19 11:54:58.716117,PV solder bond failure detected,Active,BE11,
2025-05-19 12:03:39.216069,PV cell breakage detected,Active,BE10,
2025-05-19 12:24:22.733271,Rack structure fault detected,Cleared,BE15,
2025-05-19 15:08:41.195130,Rack structure fault detected,Active,BE15,
2025-05-19 15:53:23.270690,Encapsulant fault detected,Active,BE16,
2025-05-19 16:41:40.974465,PV solder bond failure detected,Cleared,BE11,
2025-05-19 17:13:16.544971,Encapsulant fault detected,Active,BE16,
2025-05-19 17:37:44.591460,PV shading detected,Cleared,BE9,
2025-05-19 18:00:27.577108,PV interconnect fault detected,Cleared,BE5,
2025-05-19 18:39:00.448910,PV solder bond failure detected,Cleared,BE11,
2025-05-19 20:43:37.326764,PV solder bond failure detected,Active,BE11,
2025-05-19 21:07:25.747762,PV solder bond failure detected,Cleared,BE11,
2025-05-19 22:49:51.019380,Encapsulant fault detected,Active,BE16,
2025-05-19 23:46:44.970885,PV solder bond failure detected,Active,BE11,
2025-05-19 23:52:20.256974,Encapsulant fault detected,Cleared,BE16,
2025-05-20 00:49:22.973501,PV cell breakage detected,Active,BE10,
2025-05-20 01:37:02.292638,Rack structure fault detected,Cleared,BE15,
2025-05-20 01:47:35.133194,PV cell breakage detected,Active,BE10,
2025-05-20 03:31:08.807524,PV solder bond failure detected,Cleared,BE11,
2025-05-20 06:40:03.980591,PV solder bond failure detected,Active,BE11,
2025-05-20 06:59:26.833863,Grounding system fault detected,Cleared,BE6,
2025-05-20 08:15:42.039712,PV cell breakage detected,Active,BE10,
2025-05-20 09:03:16.490996,PV shading detected,Active,BE9,
2025-05-20 10:15:33.396732,PV cell breakage detected,Cleared,BE10,
2025-05-20 10:38:52.986668,PV cell breakage detected,Cleared,BE10,
2025-05-20 10:53:20.472871,PV solder bond failure detected,Active,BE11,
2025-05-20 11:11:04.820565,PV interconnect fault detected,Active,BE5,
2025-05-20 11:15:14.784171,Grounding system fault detected,Active,BE6,
2025-05-20 12:18:20.082057,PV solder bond failure detected,Active,BE11,
2025-05-20 13:24:47.990885,PV cell breakage detected,Cleared,BE10,
2025-05-20 14:05:53.566126,Grounding system fault detected,Active,BE6,
2025-05-20 14:38:20.943658,PV cell breakage detected,Active,BE10,
2025-05-20 15:48:57.583642,Rack structure fault detected,Active,BE15,
2025-05-20 16:36:34.656890,Rack structure fault detected,Active,BE15,
2025-05-20 17:03:16.490996,PV shading detected,Cleared,BE9,
2025-05-20 18:46:21.841543,PV cell breakage detected,Active,BE10,
2025-05-20 18:51:59.203219,PV solder bond failure detected,Cleared,BE11,
2025-05-20 19:56:13.073041,PV interconnect fault detected,Active,BE5,
2025-05-20 20:26:28.730668,PV solder bond failure detected,Active,BE11,
2025-05-20 21:39:57.935123,PV cell breakage detected,Cleared,BE10,
2025-05-20 22:28:43.318448,Rack structure fault detected,Cleared,BE15,
2025-05-21 00:49:15.614484,PV cell breakage detected,Cleared,BE10,
2025-05-21 01:54:30.774260,PV solder bond failure detected,Active,BE11,
2025-05-21 04:53:43.217472,PV solder bond failure detected,Active,BE11,
2025-05-21 06:01:03.122082,PV shading detected,Active,BE9,
2025-05-21 06:01:55.575733,PV solder bond failure detected,Cleared,BE11,
2025-05-21 06:24:08.478318,Encapsulant fault detected,Cleared,BE16,
2025-05-21 07:40:12.574760,PV interconnect fault detected,Active,BE5,
2025-05-21 08:21:27.102146,PV shading detected,Active,BE9,
2025-05-21 11:11:04.820565,PV interconnect fault detected,Cleared,BE5,
2025-05-21 11:15:14.784171,Grounding system fault detected,Cleared,BE6,
2025-05-21 11:29:26.299522,Rack structure fault detected,Active,BE15,
2025-05-21 11:54:58.716117,PV solder bond failure detected,Cleared,BE11,
2025-05-21 12:03:39.216069,PV cell breakage detected,Cleared,BE10,
2025-05-21 14:01:03.122082,PV shading detected,Cleared,BE9,
2025-05-21 14:05:53.566126,Grounding system fault detected,Cleared,BE6,
2025-05-21 15:08:41.195130,Rack structure fault detected,Cleared,BE15,
2025-05-21 15:53:23.270690,Encapsulant fault detected,Cleared,BE16,
2025-05-21 16:21:27.102146,PV shading detected,Cleared,BE9,
2025-05-21 17:13:16.544971,Encapsulant fault detected,Cleared,BE16,
2025-05-21 19:00:19.425414,PV cell breakage detected,Active,BE10,
2025-05-21 19:04:33.170864,Grounding system fault detected,Active,BE6,
2025-05-21 19:35:02.134134,Grounding system fault detected,Active,BE6,
2025-05-21 19:56:13.073041,PV interconnect fault detected,Cleared,BE5,
2025-05-21 20:02:25.787437,Grounding system fault detected,Active,BE6,
2025-05-21 20:43:37.326764,PV solder bond failure detected,Cleared,BE11,
2025-05-21 21:11:22.089917,PV solder bond failure detected,Active,BE11,
2025-05-21 21:19:54.281147,PV solder bond failure detected,Active,BE11,
2025-05-21 21:44:06.669999,PV interconnect fault detected,Active,BE5,
2025-05-21 22:49:51.019380,Encapsulant fault detected,Cleared,BE16,
2025-05-21 23:46:44.970885,PV solder bond failure detected,Cleared,BE11,
2025-05-21 23:53:01.078444,PV solder bond failure detected,Active,BE11,
2025-05-22 00:16:38.883684,PV solder bond failure detected,Active,BE11,
2025-05-22 00:49:22.973501,PV cell breakage detected,Cleared,BE10,
2025-05-22 01:28:24.630750,Cable insulation fault detected,Active,BE17,
2025-05-22 01:47:35.133194,PV cell breakage detected,Cleared,BE10,
2025-05-22 02:47:52.025761,PV shading detected,Active,BE9,
2025-05-22 04:01:11.272596,Grounding system fault detected,Active,BE6,
2025-05-22 04:53:59.340453,PV interconnect fault detected,Active,BE5,
2025-05-22 05:28:24.630750,Cable insulation fault detected,Cleared,BE17,
2025-05-22 06:40:03.980591,PV solder bond failure detected,Cleared,BE11,
2025-05-22 07:40:12.574760,PV interconnect fault detected,Cleared,BE5,
2025-05-22 08:15:42.039712,PV cell breakage detected,Cleared,BE10,
2025-05-22 09:45:42.513572,PV shading detected,Active,BE9,
2025-05-22 10:03:36.669163,PV solder bond failure detected,Active,BE11,
2025-05-22 10:46:00.419571,PV cell breakage detected,Active,BE10,
2025-05-22 10:47:52.025761,PV shading detected,Cleared,BE9,
2025-05-22 10:53:20.472871,PV solder bond failure detected,Cleared,BE11,
2025-05-22 12:18:20.082057,PV solder bond failure detected,Cleared,BE11,
2025-05-22 13:35:32.781255,Rack structure fault detected,Active,BE15,
2025-05-22 14:38:20.943658,PV cell breakage detected,Cleared,BE10,
2025-05-22 15:48:57.583642,Rack structure fault detected,Cleared,BE15,
2025-05-22 16:34:28.028666,PV interconnect fault detected,Active,BE5,
2025-05-22 16:36:34.656890,Rack structure fault detected,Cleared,BE15,
2025-05-22 17:15:28.285290,PV shading detected,Active,BE9,
2025-05-22 17:42:26.285447,Grounding system fault detected,Active,BE6,
2025-05-22 17:45:42.513572,PV shading detected,Cleared,BE9,
2025-05-22 18:12:15.302589,PV solder bond failure detected,Active,BE11,
2025-05-22 18:12:57.792101,Rack structure fault detected,Active,BE15,
2025-05-22 18:46:21.841543,PV cell breakage detected,Cleared,BE10,
2025-05-22 18:53:09.333072,PV shading detected,Active,BE9,
2025-05-22 19:04:33.170864,Grounding system fault detected,Cleared,BE6,
2025-05-22 19:28:03.411122,Encapsulant fault detected,Active,BE16,
2025-05-22 19:35:02.134134,Grounding system fault detected,Cleared,BE6,
2025-05-22 19:50:27.154793,PV shading detected,Active,BE9,
2025-05-22 20:02:25.787437,Grounding system fault detected,Cleared,BE6,
2025-05-22 20:26:28.730668,PV solder bond failure detected,Cleared,BE11,
2025-05-22 20:54:39.702283,PV solder bond failure detected,Active,BE11,
2025-05-22 21:28:54.136793,PV cell breakage detected,Active,BE10,
2025-05-22 21:44:06.669999,PV interconnect fault detected,Cleared,BE5,
2025-05-23 01:15:28.285290,PV shading detected,Cleared,BE9,
2025-05-23 01:54:30.774260,PV solder bond failure detected,Cleared,BE11,
2025-05-23 02:53:09.333072,PV shading detected,Cleared,BE9,
2025-05-23 02:57:02.320658,PV interconnect fault detected,Active,BE5,
2025-05-23 03:50:27.154793,PV shading detected,Cleared,BE9,
2025-05-23 04:01:11.272596,Grounding system fault detected,Cleared,BE6,
2025-05-23 04:28:59.277021,PV solder bond failure detected,Active,BE11,
2025-05-23 04:53:43.217472,PV solder bond failure detected,Cleared,BE11,
2025-05-23 04:53:59.340453,PV interconnect fault detected,Cleared,BE5,
2025-05-23 07:52:22.893448,PV solder bond failure detected,Active,BE11,
2025-05-23 08:14:51.098163,Rack structure fault detected,Active,BE15,
2025-05-23 08:43:06.713777,PV cell breakage detected,Active,BE10,
2025-05-23 10:37:59.749853,PV shading detected,Active,BE9,
2025-05-23 11:22:46.399141,Encapsulant fault detected,Active,BE16,
2025-05-23 11:29:26.299522,Rack structure fault detected,Cleared,BE15,
2025-05-23 13:25:14.007981,Rack structure fault detected,Active,BE15,
2025-05-23 14:16:24.285788,PV cell breakage detected,Active,BE10,
2025-05-23 16:34:28.028666,PV interconnect fault detected,Cleared,BE5,
2025-05-23 16:43:22.737832,PV soiling detected,Active,BE8,
2025-05-23 17:21:58.144326,PV solder bond failure detected,Active,BE11,
2025-05-23 17:42:26.285447,Grounding system fault detected,Cleared,BE6,
2025-05-23 18:25:47.248631,PV shading detected,Active,BE9,
2025-05-23 18:37:59.749853,PV shading detected,Cleared,BE9,
2025-05-23 18:59:50.729787,MCB 1 fault detected,Active,BE3,
2025-05-23 19:00:19.425414,PV cell breakage detected,Cleared,BE10,
2025-05-23 21:11:22.089917,PV solder bond failure detected,Cleared,BE11,
2025-05-23 21:19:54.281147,PV solder bond failure detected,Cleared,BE11,
2025-05-23 21:26:16.529387,PV solder bond failure detected,Active,BE11,
2025-05-23 23:44:12.736902,Grounding system fault detected,Active,BE6,
2025-05-23 23:53:01.078444,PV solder bond failure detected,Cleared,BE11,
2025-05-24 00:16:38.883684,PV solder bond failure detected,Cleared,BE11,
2025-05-24 00:43:22.737832,PV soiling detected,Cleared,BE8,
2025-05-24 00:57:17.678346,PV shading detected,Active,BE9,
2025-05-24 01:00:44.148881,PV solder bond failure detected,Active,BE11,
2025-05-24 02:06:12.097986,Short/open circuit fault detected,Active,BE14,
2025-05-24 02:25:47.248631,PV shading detected,Cleared,BE9,
2025-05-24 02:57:02.320658,PV interconnect fault detected,Cleared,BE5,
2025-05-24 04:59:50.729787,MCB 1 fault detected,Cleared,BE3,
2025-05-24 06:18:20.310848,PV interconnect fault detected,Active,BE5,
2025-05-24 06:51:19.521987,PV interconnect fault detected,Active,BE5,
2025-05-24 08:57:17.678346,PV shading detected,Cleared,BE9,
2025-05-24 09:04:50.704147,Encapsulant fault detected,Active,BE16,
2025-05-24 09:12:37.127219,Encapsulant fault detected,Active,BE16,
2025-05-24 10:03:36.669163,PV solder bond failure detected,Cleared,BE11,
2025-05-24 10:45:15.382663,PV interconnect fault detected,Active,BE5,
2025-05-24 10:46:00.419571,PV cell breakage detected,Cleared,BE10,
2025-05-24 13:02:16.367157,PV cell breakage detected,Active,BE10,
2025-05-24 13:11:58.915344,PV soiling detected,Active,BE8,
2025-05-24 13:35:32.781255,Rack structure fault detected,Cleared,BE15,
2025-05-24 14:06:12.097986,Short/open circuit fault detected,Cleared,BE14,
2025-05-24 15:48:46.871127,PV shading detected,Active,BE9,
2025-05-24 18:12:15.302589,PV solder bond failure detected,Cleared,BE11,
2025-05-24 18:12:57.792101,Rack structure fault detected,Cleared,BE15,
2025-05-24 19:21:58.105152,PV solder bond failure detected,Active,BE11,
2025-05-24 19:28:03.411122,Encapsulant fault detected,Cleared,BE16,
2025-05-24 20:54:39.702283,PV solder bond failure detected,Cleared,BE11,
2025-05-24 21:11:58.915344,PV soiling detected,Cleared,BE8,
2025-05-24 21:18:31.229666,PV solder bond failure detected,Active,BE11,
2025-05-24 21:28:54.136793,PV cell breakage detected,Cleared,BE10,
2025-05-24 22:01:17.427406,Encapsulant fault detected,Active,BE16,
2025-05-24 22:10:18.362349,PV solder bond failure detected,Active,BE11,
2025-05-24 22:41:33.279237,Encapsulant fault detected,Active,BE16,
2025-05-24 23:12:06.790307,Grounding system fault detected,Active,BE6,
2025-05-24 23:40:32.550906,PV cell breakage detected,Active,BE10,
2025-05-24 23:44:12.736902,Grounding system fault detected,Cleared,BE6,
2025-05-24 23:48:46.871127,PV shading detected,Cleared,BE9,
2025-05-25 04:04:43.696288,PV solder bond failure detected,Active,BE11,
2025-05-25 04:28:59.277021,PV solder bond failure detected,Cleared,BE11,
2025-05-25 06:18:20.310848,PV interconnect fault detected,Cleared,BE5,
2025-05-25 06:51:19.521987,PV interconnect fault detected,Cleared,BE5,
2025-05-25 07:52:22.893448,PV solder bond failure detected,Cleared,BE11,
2025-05-25 08:14:51.098163,Rack structure fault detected,Cleared,BE15,
2025-05-25 08:17:39.563358,PV shading detected,Active,BE9,
2025-05-25 08:43:06.713777,PV cell breakage detected,Cleared,BE10,
2025-05-25 08:53:47.440307,Rack structure fault detected,Active,BE15,
2025-05-25 09:21:46.201138,Rack structure fault detected,Active,BE15,
2025-05-25 10:15:39.062798,PV shading detected,Active,BE9,
2025-05-25 10:45:15.382663,PV interconnect fault detected,Cleared,BE5,
2025-05-25 11:15:04.217952,Grounding system fault detected,Active,BE6,
2025-05-25 11:22:46.399141,Encapsulant fault detected,Cleared,BE16,
2025-05-25 11:23:05.373134,PV cell breakage detected,Active,BE10,
2025-05-25 13:25:14.007981,Rack structure fault detected,Cleared,BE15,
2025-05-25 13:28:03.687639,Encapsulant fault detected,Active,BE16,
2025-05-25 14:16:24.285788,PV cell breakage detected,Cleared,BE10,
2025-05-25 16:17:39.563358,PV shading detected,Cleared,BE9,
2025-05-25 17:21:58.144326,PV solder bond failure detected,Cleared,BE11,
2025-05-25 17:46:31.731936,Grounding system fault detected,Active,BE6,
2025-05-25 18:15:39.062798,PV shading detected,Cleared,BE9,
2025-05-25 20:58:03.036054,PV shading detected,Active,BE9,
2025-05-25 21:15:21.384365,Rack structure fault detected,Active,BE15,
2025-05-25 21:26:16.529387,PV solder bond failure detected,Cleared,BE11,
2025-05-25 22:15:44.999934,PV interconnect fault detected,Active,BE5,
2025-05-25 22:37:12.657853,PV shading detected,Active,BE9,
2025-05-25 23:12:06.790307,Grounding system fault detected,Cleared,BE6,
2025-05-25 23:23:22.275220,Fuse aging fault detected,Active,BE1,
2025-05-25 23:45:15.252632,Rack structure fault detected,Active,BE15,
2025-05-26 01:00:44.148881,PV solder bond failure detected,Cleared,BE11,
2025-05-26 02:09:02.879575,MCB 1 fault detected,Active,BE3,
2025-05-26 02:51:18.634970,PV glass breakage detected,Active,BE7,
2025-05-26 03:23:22.275220,Fuse aging fault detected,Cleared,BE1,
2025-05-26 03:30:35.627352,PV solder bond failure detected,Active,BE11,
2025-05-26 04:58:03.036054,PV shading detected,Cleared,BE9,
2025-05-26 05:07:37.582777,PV cell breakage detected,Active,BE10,
2025-05-26 06:37:12.657853,PV shading detected,Cleared,BE9,
2025-05-26 06:42:04.559396,PV solder bond failure detected,Active,BE11,
2025-05-26 07:07:55.065702,PV solder bond failure detected,Active,BE11,
2025-05-26 07:59:59.232615,PV cell breakage detected,Active,BE10,
2025-05-26 09:04:50.704147,Encapsulant fault detected,Cleared,BE16,
2025-05-26 09:12:37.127219,Encapsulant fault detected,Cleared,BE16,
2025-05-26 09:55:09.148690,PV solder bond failure detected,Active,BE11,
2025-05-26 10:30:13.015506,MCB 2 fault detected,Active,BE4,
2025-05-26 10:58:10.801265,PV hot spot detected,Active,BE12,
2025-05-26 11:15:04.217952,Grounding system fault detected,Cleared,BE6,
2025-05-26 12:09:02.879575,MCB 1 fault detected,Cleared,BE3,
2025-05-26 13:02:16.367157,PV cell breakage detected,Cleared,BE10,
2025-05-26 14:26:10.335082,PV shading detected,Active,BE9,
2025-05-26 14:39:39.041839,PV solder bond failure detected,Active,BE11,
2025-05-26 15:50:55.592603,PV solder bond failure detected,Active,BE11,
2025-05-26 16:50:24.373254,Rack structure fault detected,Active,BE15,
2025-05-26 17:46:31.731936,Grounding system fault detected,Cleared,BE6,
2025-05-26 19:21:58.105152,PV solder bond failure detected,Cleared,BE11,
2025-05-26 19:29:37.539020,Rack structure fault detected,Active,BE15,
2025-05-26 20:30:13.015506,MCB 2 fault detected,Cleared,BE4,
2025-05-26 21:18:31.229666,PV solder bond failure detected,Cleared,BE11,
2025-05-26 22:01:17.427406,Encapsulant fault detected,Cleared,BE16,
2025-05-26 22:10:18.362349,PV solder bond failure detected,Cleared,BE11,
2025-05-26 22:15:44.999934,PV interconnect fault detected,Cleared,BE5,
2025-05-26 22:26:10.335082,PV shading detected,Cleared,BE9,
2025-05-26 22:41:33.279237,Encapsulant fault detected,Cleared,BE16,
2025-05-26 22:45:25.305498,PV cell breakage detected,Active,BE10,
2025-05-26 23:03:58.622134,PV solder bond failure detected,Active,BE11,
2025-05-26 23:10:30.900335,Rack structure fault detected,Active,BE15,
2025-05-26 23:40:32.550906,PV cell breakage detected,Cleared,BE10,
2025-05-27 00:22:53.758591,PV interconnect fault detected,Active,BE5,
2025-05-27 00:42:18.426169,PV cell breakage detected,Active,BE10,
2025-05-27 00:56:04.829816,PV soiling detected,Active,BE8,
2025-05-27 02:35:38.730107,PV shading detected,Active,BE9,
2025-05-27 02:51:18.634970,PV glass breakage detected,Cleared,BE7,
2025-05-27 04:04:43.696288,PV solder bond failure detected,Cleared,BE11,
2025-05-27 04:30:16.561406,PV cell breakage detected,Active,BE10,
2025-05-27 07:34:13.556973,PV interconnect fault detected,Active,BE5,
2025-05-27 08:10:18.282398,PV cell breakage detected,Active,BE10,
2025-05-27 08:31:47.527817,Rack structure fault detected,Active,BE15,
2025-05-27 08:53:47.440307,Rack structure fault detected,Cleared,BE15,
2025-05-27 08:56:04.829816,PV soiling detected,Cleared,BE8,
2025-05-27 09:21:46.201138,Rack structure fault detected,Cleared,BE15,
2025-05-27 09:56:54.907916,Encapsulant fault detected,Active,BE16,
2025-05-27 10:35:38.730107,PV shading detected,Cleared,BE9,
2025-05-27 10:58:10.801265,PV hot spot detected,Cleared,BE12,
2025-05-27 11:23:05.373134,PV cell breakage detected,Cleared,BE10,
2025-05-27 13:28:03.687639,Encapsulant fault detected,Cleared,BE16,
2025-05-27 19:00:42.196493,PV interconnect fault detected,Active,BE5,
2025-05-27 19:22:34.157636,MCB 1 fault detected,Active,BE3,
2025-05-27 20:44:10.263969,MCB 2 fault detected,Active,BE4,
2025-05-27 21:15:21.384365,Rack structure fault detected,Cleared,BE15,
2025-05-27 22:51:06.597340,PV interconnect fault detected,Active,BE5,
2025-05-27 23:45:15.252632,Rack structure fault detected,Cleared,BE15,
2025-05-28 00:22:53.758591,PV interconnect fault detected,Cleared,BE5,
2025-05-28 01:18:54.859529,PV interconnect fault detected,Active,BE5,
2025-05-28 01:43:22.662596,Fuse installation fault detected,Active,BE2,
2025-05-28 03:30:35.627352,PV solder bond failure detected,Cleared,BE11,
2025-05-28 04:33:53.663753,PV hot spot detected,Active,BE12,
2025-05-28 05:07:37.582777,PV cell breakage detected,Cleared,BE10,
2025-05-28 05:22:34.157636,MCB 1 fault detected,Cleared,BE3,
2025-05-28 05:43:22.662596,Fuse installation fault detected,Cleared,BE2,
2025-05-28 06:42:04.559396,PV solder bond failure detected,Cleared,BE11,
2025-05-28 06:44:10.263969,MCB 2 fault detected,Cleared,BE4,
2025-05-28 07:07:55.065702,PV solder bond failure detected,Cleared,BE11,
2025-05-28 07:34:13.556973,PV interconnect fault detected,Cleared,BE5,
2025-05-28 07:59:59.232615,PV cell breakage detected,Cleared,BE10,
2025-05-28 08:40:47.991393,PV interconnect fault detected,Active,BE5,
2025-05-28 09:55:09.148690,PV solder bond failure detected,Cleared,BE11,
2025-05-28 13:49:59.205632,PV interconnect fault detected,Active,BE5,
2025-05-28 14:14:56.434987,PV shading detected,Active,BE9,
2025-05-28 14:39:39.041839,PV solder bond failure detected,Cleared,BE11,
2025-05-28 15:03:39.426658,PV shading detected,Active,BE9,
2025-05-28 15:43:42.714119,PV shading detected,Active,BE9,
2025-05-28 15:50:55.592603,PV solder bond failure detected,Cleared,BE11,
2025-05-28 16:03:55.076573,PV solder bond failure detected,Active,BE11,
2025-05-28 16:18:09.151413,MCB 2 fault detected,Active,BE4,
2025-05-28 16:50:24.373254,Rack structure fault detected,Cleared,BE15,
2025-05-28 18:19:05.263152,Rack structure fault detected,Active,BE15,
2025-05-28 18:37:09.003834,PV cell breakage detected,Active,BE10,
2025-05-28 19:00:42.196493,PV interconnect fault detected,Cleared,BE5,
2025-05-28 19:29:37.539020,Rack structure fault detected,Cleared,BE15,
2025-05-28 19:29:45.971584,PV shading detected,Active,BE9,
2025-05-28 20:06:25.291142,PV solder bond failure detected,Active,BE11,
2025-05-28 21:34:53.153666,Rack structure fault detected,Active,BE15,
2025-05-28 22:14:56.434987,PV shading detected,Cleared,BE9,
2025-05-28 22:45:25.305498,PV cell breakage detected,Cleared,BE10,
2025-05-28 22:51:06.597340,PV interconnect fault detected,Cleared,BE5,
2025-05-28 22:56:38.310594,PV shading detected,Active,BE9,
2025-05-28 23:03:11.230283,PV solder bond failure detected,Active,BE11,
2025-05-28 23:03:39.426658,PV shading detected,Cleared,BE9,
2025-05-28 23:03:58.622134,PV solder bond failure detected,Cleared,BE11,
2025-05-28 23:10:30.900335,Rack structure fault detected,Cleared,BE15,
2025-05-28 23:43:05.269254,Rack structure fault detected,Active,BE15,
2025-05-28 23:43:42.714119,PV shading detected,Cleared,BE9,
2025-05-29 00:11:26.171845,PV interconnect fault detected,Active,BE5,
2025-05-29 00:42:18.426169,PV cell breakage detected,Cleared,BE10,
2025-05-29 01:08:49.673310,PV interconnect fault detected,Active,BE5,
2025-05-29 01:18:54.859529,PV interconnect fault detected,Cleared,BE5,
2025-05-29 02:10:02.660897,PV shading detected,Active,BE9,
2025-05-29 02:18:09.151413,MCB 2 fault detected,Cleared,BE4,
2025-05-29 02:29:46.655487,PV solder bond failure detected,Active,BE11,
2025-05-29 03:19:08.310869,PV solder bond failure detected,Active,BE11,
2025-05-29 03:29:45.971584,PV shading detected,Cleared,BE9,
2025-05-29 04:30:16.561406,PV cell breakage detected,Cleared,BE10,
2025-05-29 04:33:53.663753,PV hot spot detected,Cleared,BE12,
2025-05-29 06:56:38.310594,PV shading detected,Cleared,BE9,
2025-05-29 08:10:18.282398,PV cell breakage detected,Cleared,BE10,
2025-05-29 08:31:47.527817,Rack structure fault detected,Cleared,BE15,
2025-05-29 08:40:47.991393,PV interconnect fault detected,Cleared,BE5,
2025-05-29 08:59:58.291559,Cable insulation fault detected,Active,BE17,
2025-05-29 09:56:54.907916,Encapsulant fault detected,Cleared,BE16,
2025-05-29 10:10:02.660897,PV shading detected,Cleared,BE9,
2025-05-29 12:02:00.006838,PV cell breakage detected,Active,BE10,
2025-05-29 12:59:58.291559,Cable insulation fault detected,Cleared,BE17,
2025-05-29 13:49:59.205632,PV interconnect fault detected,Cleared,BE5,
2025-05-29 17:45:49.125954,PV solder bond failure detected,Active,BE11,
2025-05-29 19:14:10.070080,Rack structure fault detected,Active,BE15,
2025-05-29 21:22:01.847037,PV solder bond failure detected,Active,BE11,
2025-05-29 22:33:58.301851,Encapsulant fault detected,Active,BE16,
2025-05-29 22:51:58.821883,PV cell breakage detected,Active,BE10,
2025-05-30 00:11:26.171845,PV interconnect fault detected,Cleared,BE5,
2025-05-30 00:39:40.738411,PV solder bond failure detected,Active,BE11,
2025-05-30 01:08:49.673310,PV interconnect fault detected,Cleared,BE5,
2025-05-30 04:45:40.786796,Rack structure fault detected,Active,BE15,
2025-05-30 05:04:01.534843,PV shading detected,Active,BE9,
2025-05-30 07:54:36.480245,PV solder bond failure detected,Active,BE11,
2025-05-30 08:19:45.601648,PV shading detected,Active,BE9,
2025-05-30 10:30:43.208648,PV cell breakage detected,Active,BE10,
2025-05-30 11:50:01.849210,PV solder bond failure detected,Active,BE11,
2025-05-30 11:56:09.540652,PV shading detected,Active,BE9,
2025-05-30 12:12:38.153224,Encapsulant fault detected,Active,BE16,
2025-05-30 13:04:01.534843,PV shading detected,Cleared,BE9,
2025-05-30 16:03:55.076573,PV solder bond failure detected,Cleared,BE11,
2025-05-30 16:19:45.601648,PV shading detected,Cleared,BE9,
2025-05-30 17:11:39.967486,Grounding system fault detected,Active,BE6,
2025-05-30 17:55:02.664136,PV cell breakage detected,Active,BE10,
2025-05-30 18:19:05.263152,Rack structure fault detected,Cleared,BE15,
2025-05-30 18:37:09.003834,PV cell breakage detected,Cleared,BE10,
2025-05-30 18:51:35.966988,PV solder bond failure detected,Active,BE11,
2025-05-30 19:17:11.237347,PV solder bond failure detected,Active,BE11,
2025-05-30 19:56:09.540652,PV shading detected,Cleared,BE9,
2025-05-30 20:06:25.291142,PV solder bond failure detected,Cleared,BE11,
2025-05-30 20:28:05.423205,PV interconnect fault detected,Active,BE5,
2025-05-30 21:34:53.153666,Rack structure fault detected,Cleared,BE15,
2025-05-30 22:57:45.556493,Encapsulant fault detected,Active,BE16,
2025-05-30 23:03:11.230283,PV solder bond failure detected,Cleared,BE11,
2025-05-30 23:43:05.269254,Rack structure fault detected,Cleared,BE15,
2025-05-31 02:29:46.655487,PV solder bond failure detected,Cleared,BE11,
2025-05-31 03:19:08.310869,PV solder bond failure detected,Cleared,BE11,
2025-05-31 04:07:29.132844,PV shading detected,Active,BE9,
2025-05-31 04:31:47.935739,Grounding system fault detected,Active,BE6,
2025-05-31 06:35:16.377358,PV solder bond failure detected,Active,BE11,
2025-05-31 10:54:46.755071,PV shading detected,Active,BE9,
2025-05-31 12:02:00.006838,PV cell breakage detected,Cleared,BE10,
2025-05-31 12:07:29.132844,PV shading detected,Cleared,BE9,
2025-05-31 14:04:01.010814,Rack structure fault detected,Active,BE15,
2025-05-31 16:14:30.342479,Rack structure fault detected,Active,BE15,
2025-05-31 16:46:56.167868,Grounding system fault detected,Active,BE6,
2025-05-31 17:11:39.967486,Grounding system fault detected,Cleared,BE6,
2025-05-31 17:45:49.125954,PV solder bond failure detected,Cleared,BE11,
2025-05-31 18:54:46.755071,PV shading detected,Cleared,BE9,
2025-05-31 19:14:10.070080,Rack structure fault detected,Cleared,BE15,
2025-05-31 20:16:39.811309,PV cell breakage detected,Active,BE10,
2025-05-31 20:25:43.442416,Grounding system fault detected,Active,BE6,
2025-05-31 20:28:05.423205,PV interconnect fault detected,Cleared,BE5,
2025-05-31 21:10:37.345079,MCB 1 fault detected,Active,BE3,
2025-05-31 21:22:01.847037,PV solder bond failure detected,Cleared,BE11,
2025-05-31 22:33:58.301851,Encapsulant fault detected,Cleared,BE16,
2025-05-31 22:51:58.821883,PV cell breakage detected,Cleared,BE10,
2025-06-01 00:39:40.738411,PV solder bond failure detected,Cleared,BE11,
2025-06-01 01:33:52.742206,PV solder bond failure detected,Active,BE11,
2025-06-01 02:25:38.763316,PV cell breakage detected,Active,BE10,
2025-06-01 03:57:01.198636,PV shading detected,Active,BE9,
2025-06-01 04:20:11.600676,MCB 2 fault detected,Active,BE4,
2025-06-01 04:31:47.935739,Grounding system fault detected,Cleared,BE6,
2025-06-01 04:43:06.671130,PV shading detected,Active,BE9,
2025-06-01 04:45:40.786796,Rack structure fault detected,Cleared,BE15,
2025-06-01 06:29:02.179247,Rack structure fault detected,Active,BE15,
2025-06-01 06:43:20.074495,PV cell breakage detected,Active,BE10,
2025-06-01 07:10:37.345079,MCB 1 fault detected,Cleared,BE3,
2025-06-01 07:54:36.480245,PV solder bond failure detected,Cleared,BE11,
2025-06-01 08:19:06.301765,PV cell breakage detected,Active,BE10,
2025-06-01 08:36:03.496126,PV solder bond failure detected,Active,BE11,
2025-06-01 10:07:14.076683,Rack structure fault detected,Active,BE15,
2025-06-01 10:30:43.208648,PV cell breakage detected,Cleared,BE10,
2025-06-01 11:50:01.849210,PV solder bond failure detected,Cleared,BE11,
2025-06-01 11:57:01.198636,PV shading detected,Cleared,BE9,
2025-06-01 12:12:38.153224,Encapsulant fault detected,Cleared,BE16,
2025-06-01 12:18:58.223080,PV shading detected,Active,BE9,
2025-06-01 12:27:34.035811,Rack structure fault detected,Active,BE15,
2025-06-01 12:42:16.967282,PV shading detected,Active,BE9,
2025-06-01 12:43:06.671130,PV shading detected,Cleared,BE9,
2025-06-01 13:26:23.865298,PV shading detected,Active,BE9,
2025-06-01 14:20:11.600676,MCB 2 fault detected,Cleared,BE4,
2025-06-01 16:09:51.511599,MCB 1 fault detected,Active,BE3,
2025-06-01 16:46:56.167868,Grounding system fault detected,Cleared,BE6,
2025-06-01 17:55:02.664136,PV cell breakage detected,Cleared,BE10,
2025-06-01 18:51:35.966988,PV solder bond failure detected,Cleared,BE11,
2025-06-01 19:17:11.237347,PV solder bond failure detected,Cleared,BE11,
2025-06-01 20:18:58.223080,PV shading detected,Cleared,BE9,
2025-06-01 20:25:43.442416,Grounding system fault detected,Cleared,BE6,
2025-06-01 20:42:16.967282,PV shading detected,Cleared,BE9,
2025-06-01 21:26:23.865298,PV shading detected,Cleared,BE9,
2025-06-01 22:09:16.764405,PV cell breakage detected,Active,BE10,
2025-06-01 22:57:45.556493,Encapsulant fault detected,Cleared,BE16,
2025-06-01 23:06:17.575356,PV interconnect fault detected,Active,BE5,
2025-06-02 01:51:09.742593,Encapsulant fault detected,Active,BE16,
2025-06-02 02:09:51.511599,MCB 1 fault detected,Cleared,BE3,
2025-06-02 04:14:14.482496,Rack structure fault detected,Active,BE15,
2025-06-02 04:45:05.485728,Grounding system fault detected,Active,BE6,
2025-06-02 05:23:27.980074,PV solder bond failure detected,Active,BE11,
2025-06-02 06:29:43.363636,PV solder bond failure detected,Active,BE11,
2025-06-02 06:35:16.377358,PV solder bond failure detected,Cleared,BE11,
2025-06-02 10:02:47.037186,PV cell breakage detected,Active,BE10,
2025-06-02 10:51:34.807202,PV solder bond failure detected,Active,BE11,
2025-06-02 13:15:50.506501,PV interconnect fault detected,Active,BE5,
2025-06-02 14:04:01.010814,Rack structure fault detected,Cleared,BE15,
2025-06-02 14:23:48.969332,PV cell breakage detected,Active,BE10,
2025-06-02 14:37:32.810798,PV cell breakage detected,Active,BE10,
2025-06-02 16:14:30.342479,Rack structure fault detected,Cleared,BE15,
2025-06-02 16:21:42.620132,PV shading detected,Active,BE9,
2025-06-02 16:35:29.821888,Rack structure fault detected,Active,BE15,
2025-06-02 17:03:07.638907,PV solder bond failure detected,Active,BE11,
2025-06-02 18:03:56.766456,PV shading detected,Active,BE9,
2025-06-02 20:04:57.302075,PV soiling detected,Active,BE8,
2025-06-02 20:16:39.811309,PV cell breakage detected,Cleared,BE10,
2025-06-02 21:29:45.223364,Encapsulant fault detected,Active,BE16,
2025-06-02 22:20:34.695199,PV interconnect fault detected,Active,BE5,
2025-06-02 22:40:23.183348,Encapsulant fault detected,Active,BE16,
2025-06-02 22:54:49.982236,PV solder bond failure detected,Active,BE11,
2025-06-02 23:06:17.575356,PV interconnect fault detected,Cleared,BE5,
2025-06-03 00:21:42.620132,PV shading detected,Cleared,BE9,
2025-06-03 01:33:52.742206,PV solder bond failure detected,Cleared,BE11,
2025-06-03 02:03:56.766456,PV shading detected,Cleared,BE9,
2025-06-03 02:21:56.032145,PV solder bond failure detected,Active,BE11,
2025-06-03 02:25:38.763316,PV cell breakage detected,Cleared,BE10,
2025-06-03 02:42:15.296136,PV shading detected,Active,BE9,
2025-06-03 02:43:15.516542,PV interconnect fault detected,Active,BE5,
2025-06-03 04:04:57.302075,PV soiling detected,Cleared,BE8,
2025-06-03 04:45:05.485728,Grounding system fault detected,Cleared,BE6,
2025-06-03 04:53:49.486890,Grounding system fault detected,Active,BE6,
2025-06-03 05:08:25.420551,PV solder bond failure detected,Active,BE11,
2025-06-03 06:03:08.711716,PV solder bond failure detected,Active,BE11,
2025-06-03 06:29:02.179247,Rack structure fault detected,Cleared,BE15,
2025-06-03 06:43:20.074495,PV cell breakage detected,Cleared,BE10,
2025-06-03 07:00:19.658672,PV cell breakage detected,Active,BE10,
2025-06-03 07:06:30.431845,PV cell breakage detected,Active,BE10,
2025-06-03 08:19:06.301765,PV cell breakage detected,Cleared,BE10,
2025-06-03 08:36:03.496126,PV solder bond failure detected,Cleared,BE11,
2025-06-03 08:43:16.308851,PV shading detected,Active,BE9,
2025-06-03 09:23:44.789648,PV solder bond failure detected,Active,BE11,
2025-06-03 09:40:13.436350,Encapsulant fault detected,Active,BE16,
2025-06-03 09:59:16.317625,Grounding system fault detected,Active,BE6,
2025-06-03 10:07:14.076683,Rack structure fault detected,Cleared,BE15,
2025-06-03 10:35:22.663127,PV solder bond failure detected,Active,BE11,
2025-06-03 10:42:15.296136,PV shading detected,Cleared,BE9,
2025-06-03 11:44:32.705479,Grounding system fault detected,Active,BE6,
2025-06-03 11:52:31.701627,Rack structure fault detected,Active,BE15,
2025-06-03 12:27:34.035811,Rack structure fault detected,Cleared,BE15,
2025-06-03 13:15:50.506501,PV interconnect fault detected,Cleared,BE5,
2025-06-03 13:34:12.383853,PV shading detected,Active,BE9,
2025-06-03 14:29:26.654691,Encapsulant fault detected,Active,BE16,
2025-06-03 16:43:16.308851,PV shading detected,Cleared,BE9,
2025-06-03 16:57:17.386064,Rack structure fault detected,Active,BE15,
2025-06-03 18:01:03.754629,PV cell breakage detected,Active,BE10,
2025-06-03 19:30:16.037052,PV solder bond failure detected,Active,BE11,
2025-06-03 21:04:47.032049,PV solder bond failure detected,Active,BE11,
2025-06-03 21:29:08.101765,PV solder bond failure detected,Active,BE11,
2025-06-03 21:34:12.383853,PV shading detected,Cleared,BE9,
2025-06-03 22:09:16.764405,PV cell breakage detected,Cleared,BE10,
2025-06-03 22:20:34.695199,PV interconnect fault detected,Cleared,BE5,
2025-06-03 22:35:23.481116,PV interconnect fault detected,Active,BE5,
2025-06-04 01:06:18.417515,Rack structure fault detected,Active,BE15,
2025-06-04 01:37:20.915897,Encapsulant fault detected,Active,BE16,
2025-06-04 01:51:09.742593,Encapsulant fault detected,Cleared,BE16,
2025-06-04 02:43:15.516542,PV interconnect fault detected,Cleared,BE5,
2025-06-04 02:53:27.461210,PV solder bond failure detected,Active,BE11,
2025-06-04 04:14:14.482496,Rack structure fault detected,Cleared,BE15,
2025-06-04 04:53:49.486890,Grounding system fault detected,Cleared,BE6,
2025-06-04 05:23:27.980074,PV solder bond failure detected,Cleared,BE11,
2025-06-04 06:29:43.363636,PV solder bond failure detected,Cleared,BE11,
2025-06-04 08:14:16.783991,Rack structure fault detected,Active,BE15,
2025-06-04 08:58:23.683206,PV solder bond failure detected,Active,BE11,
2025-06-04 09:59:16.317625,Grounding system fault detected,Cleared,BE6,
2025-06-04 10:02:47.037186,PV cell breakage detected,Cleared,BE10,
2025-06-04 10:51:34.807202,PV solder bond failure detected,Cleared,BE11,
2025-06-04 11:01:40.969860,Grounding system fault detected,Active,BE6,
2025-06-04 11:44:32.705479,Grounding system fault detected,Cleared,BE6,
2025-06-04 12:14:03.888931,PV interconnect fault detected,Active,BE5,
2025-06-04 12:17:09.807053,Encapsulant fault detected,Active,BE16,
2025-06-04 14:19:55.959318,PV interconnect fault detected,Active,BE5,
2025-06-04 14:23:48.969332,PV cell breakage detected,Cleared,BE10,
2025-06-04 14:37:32.810798,PV cell breakage detected,Cleared,BE10,
2025-06-04 15:43:00.926730,PV shading detected,Active,BE9,
2025-06-04 15:58:03.587840,PV shading detected,Active,BE9,
2025-06-04 16:35:29.821888,Rack structure fault detected,Cleared,BE15,
2025-06-04 17:03:07.638907,PV solder bond failure detected,Cleared,BE11,
2025-06-04 21:29:45.223364,Encapsulant fault detected,Cleared,BE16,
2025-06-04 22:35:23.481116,PV interconnect fault detected,Cleared,BE5,
2025-06-04 22:40:23.183348,Encapsulant fault detected,Cleared,BE16,
2025-06-04 22:47:35.974616,PV solder bond failure detected,Active,BE11,
2025-06-04 22:54:49.982236,PV solder bond failure detected,Cleared,BE11,
2025-06-04 23:43:00.926730,PV shading detected,Cleared,BE9,
2025-06-04 23:58:03.587840,PV shading detected,Cleared,BE9,
2025-06-05 01:32:37.876320,PV cell breakage detected,Active,BE10,
2025-06-05 02:21:56.032145,PV solder bond failure detected,Cleared,BE11,
2025-06-05 03:35:42.669665,Encapsulant fault detected,Active,BE16,
2025-06-05 04:21:15.248874,PV shading detected,Active,BE9,
2025-06-05 04:34:44.640878,PV solder bond failure detected,Active,BE11,
2025-06-05 05:08:25.420551,PV solder bond failure detected,Cleared,BE11,
2025-06-05 06:03:08.711716,PV solder bond failure detected,Cleared,BE11,
2025-06-05 06:42:23.917306,PV cell breakage detected,Active,BE10,
2025-06-05 07:00:19.658672,PV cell breakage detected,Cleared,BE10,
2025-06-05 07:06:30.431845,PV cell breakage detected,Cleared,BE10,
2025-06-05 07:25:46.079928,PV solder bond failure detected,Active,BE11,
2025-06-05 08:43:03.874756,Grounding system fault detected,Active,BE6,
2025-06-05 09:06:31.817322,PV cell breakage detected,Active,BE10,
2025-06-05 09:23:44.789648,PV solder bond failure detected,Cleared,BE11,
2025-06-05 09:40:13.436350,Encapsulant fault detected,Cleared,BE16,
2025-06-05 10:35:22.663127,PV solder bond failure detected,Cleared,BE11,
2025-06-05 11:01:40.969860,Grounding system fault detected,Cleared,BE6,
2025-06-05 11:20:11.323311,Encapsulant fault detected,Active,BE16,
2025-06-05 11:52:31.701627,Rack structure fault detected,Cleared,BE15,
2025-06-05 12:14:03.888931,PV interconnect fault detected,Cleared,BE5,
2025-06-05 12:21:15.248874,PV shading detected,Cleared,BE9,
2025-06-05 14:19:55.959318,PV interconnect fault detected,Cleared,BE5,
2025-06-05 14:29:05.021566,Encapsulant fault detected,Active,BE16,
2025-06-05 14:29:26.654691,Encapsulant fault detected,Cleared,BE16,
2025-06-05 15:13:54.263639,Grounding system fault detected,Active,BE6,
2025-06-05 16:57:17.386064,Rack structure fault detected,Cleared,BE15,
2025-06-05 17:56:23.123845,Short/open circuit fault detected,Active,BE14,
2025-06-05 18:01:03.754629,PV cell breakage detected,Cleared,BE10,
2025-06-05 18:21:17.638178,PV solder bond failure detected,Active,BE11,
2025-06-05 18:55:02.388765,PV interconnect fault detected,Active,BE5,
2025-06-05 19:30:16.037052,PV solder bond failure detected,Cleared,BE11,
2025-06-05 20:03:13.018674,PV cell breakage detected,Active,BE10,
2025-06-05 21:04:47.032049,PV solder bond failure detected,Cleared,BE11,
2025-06-05 21:29:08.101765,PV solder bond failure detected,Cleared,BE11,
2025-06-05 23:34:51.941786,PV solder bond failure detected,Active,BE11,
2025-06-06 00:08:11.663478,PV solder bond failure detected,Active,BE11,
2025-06-06 01:06:18.417515,Rack structure fault detected,Cleared,BE15,
2025-06-06 01:37:20.915897,Encapsulant fault detected,Cleared,BE16,
2025-06-06 02:46:34.317742,Encapsulant fault detected,Active,BE16,
2025-06-06 02:53:27.461210,PV solder bond failure detected,Cleared,BE11,
2025-06-06 05:01:52.328650,PV soiling detected,Active,BE8,
2025-06-06 05:44:51.524292,PV solder bond failure detected,Active,BE11,
2025-06-06 05:56:23.123845,Short/open circuit fault detected,Cleared,BE14,
2025-06-06 08:14:16.783991,Rack structure fault detected,Cleared,BE15,
2025-06-06 08:43:03.874756,Grounding system fault detected,Cleared,BE6,
2025-06-06 08:58:23.683206,PV solder bond failure detected,Cleared,BE11,
2025-06-06 11:17:27.642564,PV cell breakage detected,Active,BE10,
2025-06-06 12:17:09.807053,Encapsulant fault detected,Cleared,BE16,
2025-06-06 13:01:52.328650,PV soiling detected,Cleared,BE8,
2025-06-06 15:13:54.263639,Grounding system fault detected,Cleared,BE6,
2025-06-06 15:21:16.623291,PV interconnect fault detected,Active,BE5,
2025-06-06 17:02:19.438095,Rack structure fault detected,Active,BE15,
2025-06-06 17:56:24.316216,PV shading detected,Active,BE9,
2025-06-06 18:22:53.946666,PV cell breakage detected,Active,BE10,
2025-06-06 18:55:02.388765,PV interconnect fault detected,Cleared,BE5,
2025-06-06 21:46:49.209993,Rack structure fault detected,Active,BE15,
2025-06-06 21:47:40.225641,PV solder bond failure detected,Active,BE11,
2025-06-06 22:47:35.974616,PV solder bond failure detected,Cleared,BE11,
2025-06-07 01:11:18.892117,PV solder bond failure detected,Active,BE11,
2025-06-07 01:32:37.876320,PV cell breakage detected,Cleared,BE10,
2025-06-07 01:56:24.316216,PV shading detected,Cleared,BE9,
2025-06-07 02:34:18.507444,Rack structure fault detected,Active,BE15,
2025-06-07 03:16:25.524137,PV shading detected,Active,BE9,
2025-06-07 03:33:07.186267,PV solder bond failure detected,Active,BE11,
2025-06-07 03:35:42.669665,Encapsulant fault detected,Cleared,BE16,
2025-06-07 04:34:44.640878,PV solder bond failure detected,Cleared,BE11,
2025-06-07 04:35:36.447100,PV solder bond failure detected,Active,BE11,
2025-06-07 05:41:52.207480,PV solder bond failure detected,Active,BE11,
2025-06-07 06:42:23.917306,PV cell breakage detected,Cleared,BE10,
2025-06-07 07:25:46.079928,PV solder bond failure detected,Cleared,BE11,
2025-06-07 08:34:38.495392,Rack structure fault detected,Active,BE15,
2025-06-07 09:06:31.817322,PV cell breakage detected,Cleared,BE10,
2025-06-07 09:30:39.005800,PV solder bond failure detected,Active,BE11,
2025-06-07 09:53:02.801445,Encapsulant fault detected,Active,BE16,
2025-06-07 11:16:25.524137,PV shading detected,Cleared,BE9,
2025-06-07 11:20:11.323311,Encapsulant fault detected,Cleared,BE16,
2025-06-07 14:29:05.021566,Encapsulant fault detected,Cleared,BE16,
2025-06-07 15:21:16.623291,PV interconnect fault detected,Cleared,BE5,
2025-06-07 15:36:02.163309,PV solder bond failure detected,Active,BE11,
2025-06-07 16:09:57.016739,PV solder bond failure detected,Active,BE11,
2025-06-07 18:21:17.638178,PV solder bond failure detected,Cleared,BE11,
2025-06-07 19:58:59.065098,Rack structure fault detected,Active,BE15,
2025-06-07 20:03:13.018674,PV cell breakage detected,Cleared,BE10,
2025-06-07 23:34:51.941786,PV solder bond failure detected,Cleared,BE11,
2025-06-07 23:58:18.762402,Rack structure fault detected,Active,BE15,
2025-06-08 00:08:11.663478,PV solder bond failure detected,Cleared,BE11,
2025-06-08 00:59:07.417976,PV cell breakage detected,Active,BE10,
2025-06-08 01:27:40.287904,PV cell breakage detected,Active,BE10,
2025-06-08 02:43:04.645633,PV interconnect fault detected,Active,BE5,
2025-06-08 02:46:34.317742,Encapsulant fault detected,Cleared,BE16,
2025-06-08 04:43:28.873087,Grounding system fault detected,Active,BE6,
2025-06-08 05:01:07.886460,Encapsulant fault detected,Active,BE16,
2025-06-08 05:44:51.524292,PV solder bond failure detected,Cleared,BE11,
2025-06-08 07:45:51.093358,PV cell breakage detected,Active,BE10,
2025-06-08 08:04:00.534710,Grounding system fault detected,Active,BE6,
2025-06-08 10:39:28.515393,PV shading detected,Active,BE9,
2025-06-08 11:02:15.729153,PV solder bond failure detected,Active,BE11,
2025-06-08 11:16:04.222414,PV shading detected,Active,BE9,
2025-06-08 11:17:27.642564,PV cell breakage detected,Cleared,BE10,
2025-06-08 12:15:54.974852,Encapsulant fault detected,Active,BE16,
2025-06-08 15:35:43.734594,PV soiling detected,Active,BE8,
2025-06-08 17:02:19.438095,Rack structure fault detected,Cleared,BE15,
2025-06-08 17:26:03.493644,PV shading detected,Active,BE9,
2025-06-08 18:00:31.624535,PV interconnect fault detected,Active,BE5,
2025-06-08 18:22:53.946666,PV cell breakage detected,Cleared,BE10,
2025-06-08 18:39:28.515393,PV shading detected,Cleared,BE9,
2025-06-08 19:07:53.544394,PV cell breakage detected,Active,BE10,
2025-06-08 19:16:04.222414,PV shading detected,Cleared,BE9,
2025-06-08 19:37:20.626567,Grounding system fault detected,Active,BE6,
2025-06-08 20:29:29.382800,Fuse installation fault detected,Active,BE2,
2025-06-08 20:29:59.974885,PV solder bond failure detected,Active,BE11,
2025-06-08 20:51:30.153276,PV shading detected,Active,BE9,
2025-06-08 21:46:49.209993,Rack structure fault detected,Cleared,BE15,
2025-06-08 21:47:40.225641,PV solder bond failure detected,Cleared,BE11,
2025-06-08 23:35:43.734594,PV soiling detected,Cleared,BE8,
2025-06-09 00:29:29.382800,Fuse installation fault detected,Cleared,BE2,
2025-06-09 01:11:18.892117,PV solder bond failure detected,Cleared,BE11,
2025-06-09 01:26:03.493644,PV shading detected,Cleared,BE9,
2025-06-09 02:26:26.867737,PV solder bond failure detected,Active,BE11,
2025-06-09 02:34:18.507444,Rack structure fault detected,Cleared,BE15,
2025-06-09 02:43:04.645633,PV interconnect fault detected,Cleared,BE5,
2025-06-09 03:33:07.186267,PV solder bond failure detected,Cleared,BE11,
2025-06-09 04:35:36.447100,PV solder bond failure detected,Cleared,BE11,
2025-06-09 04:43:28.873087,Grounding system fault detected,Cleared,BE6,
2025-06-09 04:51:30.153276,PV shading detected,Cleared,BE9,
2025-06-09 05:14:34.348773,PV interconnect fault detected,Active,BE5,
2025-06-09 05:41:52.207480,PV solder bond failure detected,Cleared,BE11,
2025-06-09 08:04:00.534710,Grounding system fault detected,Cleared,BE6,
2025-06-09 08:34:38.495392,Rack structure fault detected,Cleared,BE15,
2025-06-09 09:30:39.005800,PV solder bond failure detected,Cleared,BE11,
2025-06-09 09:50:01.029895,Rack structure fault detected,Active,BE15,
2025-06-09 09:53:02.801445,Encapsulant fault detected,Cleared,BE16,
2025-06-09 11:38:45.519266,PV interconnect fault detected,Active,BE5,
2025-06-09 11:46:18.367220,PV shading detected,Active,BE9,
2025-06-09 12:56:08.186302,PV cell breakage detected,Active,BE10,
2025-06-09 14:04:11.299344,Rack structure fault detected,Active,BE15,
2025-06-09 14:17:44.286035,PV solder bond failure detected,Active,BE11,
2025-06-09 14:42:26.274343,PV cell breakage detected,Active,BE10,
2025-06-09 14:51:27.854655,PV solder bond failure detected,Active,BE11,
2025-06-09 15:36:02.163309,PV solder bond failure detected,Cleared,BE11,
2025-06-09 16:09:57.016739,PV solder bond failure detected,Cleared,BE11,
2025-06-09 18:00:31.624535,PV interconnect fault detected,Cleared,BE5,
2025-06-09 19:12:52.567776,PV solder bond failure detected,Active,BE11,
2025-06-09 19:37:20.626567,Grounding system fault detected,Cleared,BE6,
2025-06-09 19:46:18.367220,PV shading detected,Cleared,BE9,
2025-06-09 19:58:59.065098,Rack structure fault detected,Cleared,BE15,
2025-06-09 21:45:13.100205,PV soiling detected,Active,BE8,
2025-06-09 23:58:18.762402,Rack structure fault detected,Cleared,BE15,
2025-06-10 00:59:07.417976,PV cell breakage detected,Cleared,BE10,
2025-06-10 01:27:40.287904,PV cell breakage detected,Cleared,BE10,
2025-06-10 01:54:09.329022,PV solder bond failure detected,Active,BE11,
2025-06-10 02:43:29.129697,MCB 1 fault detected,Active,BE3,
2025-06-10 05:01:07.886460,Encapsulant fault detected,Cleared,BE16,
2025-06-10 05:08:30.751088,PV cell breakage detected,Active,BE10,
2025-06-10 05:14:34.348773,PV interconnect fault detected,Cleared,BE5,
2025-06-10 05:45:13.100205,PV soiling detected,Cleared,BE8,
2025-06-10 07:45:51.093358,PV cell breakage detected,Cleared,BE10,
2025-06-10 11:02:15.729153,PV solder bond failure detected,Cleared,BE11,
2025-06-10 11:38:45.519266,PV interconnect fault detected,Cleared,BE5,
2025-06-10 12:15:54.974852,Encapsulant fault detected,Cleared,BE16,
2025-06-10 12:21:26.981712,PV cell breakage detected,Active,BE10,
2025-06-10 12:21:38.999751,Encapsulant fault detected,Active,BE16,
2025-06-10 12:24:33.270662,MCB 1 fault detected,Active,BE3,
2025-06-10 12:43:29.129697,MCB 1 fault detected,Cleared,BE3,
2025-06-10 13:45:56.997935,PV solder bond failure detected,Active,BE11,
2025-06-10 16:53:15.084821,PV cell breakage detected,Active,BE10,
2025-06-10 18:09:15.148645,PV cell breakage detected,Active,BE10,
2025-06-10 19:07:53.544394,PV cell breakage detected,Cleared,BE10,
2025-06-10 19:32:57.364439,PV interconnect fault detected,Active,BE5,
2025-06-10 20:29:59.974885,PV solder bond failure detected,Cleared,BE11,
2025-06-10 21:05:34.960368,Rack structure fault detected,Active,BE15,
2025-06-10 22:24:33.270662,MCB 1 fault detected,Cleared,BE3,
2025-06-10 22:35:28.993508,Rack structure fault detected,Active,BE15,
2025-06-11 00:03:18.604582,PV solder bond failure detected,Active,BE11,
2025-06-11 02:14:13.282678,PV solder bond failure detected,Active,BE11,
2025-06-11 02:26:26.867737,PV solder bond failure detected,Cleared,BE11,
2025-06-11 04:54:18.112851,PV soiling detected,Active,BE8,
2025-06-11 06:18:26.878773,Grounding system fault detected,Active,BE6,
2025-06-11 08:59:18.756354,PV shading detected,Active,BE9,
2025-06-11 09:50:01.029895,Rack structure fault detected,Cleared,BE15,
2025-06-11 12:08:00.039750,PV cell breakage detected,Active,BE10,
2025-06-11 12:21:25.313301,PV shading detected,Active,BE9,
2025-06-11 12:54:18.112851,PV soiling detected,Cleared,BE8,
2025-06-11 12:56:08.186302,PV cell breakage detected,Cleared,BE10,
2025-06-11 13:15:06.807025,Rack structure fault detected,Active,BE15,
2025-06-11 13:40:04.747104,PV cell breakage detected,Active,BE10,
2025-06-11 13:58:14.944186,Diode fault detected,Active,BE13,
2025-06-11 14:04:11.299344,Rack structure fault detected,Cleared,BE15,
2025-06-11 14:17:44.286035,PV solder bond failure detected,Cleared,BE11,
2025-06-11 14:42:26.274343,PV cell breakage detected,Cleared,BE10,
2025-06-11 14:51:27.854655,PV solder bond failure detected,Cleared,BE11,
2025-06-11 16:59:18.756354,PV shading detected,Cleared,BE9,
2025-06-11 16:59:35.353396,PV cell breakage detected,Active,BE10,
2025-06-11 17:24:53.117828,Grounding system fault detected,Active,BE6,
2025-06-11 19:12:52.567776,PV solder bond failure detected,Cleared,BE11,
2025-06-11 19:18:45.976355,PV interconnect fault detected,Active,BE5,
2025-06-11 19:32:57.364439,PV interconnect fault detected,Cleared,BE5,
2025-06-11 19:51:35.037575,PV interconnect fault detected,Active,BE5,
2025-06-11 20:03:55.407082,PV cell breakage detected,Active,BE10,
2025-06-11 20:10:32.093612,PV interconnect fault detected,Active,BE5,
2025-06-11 20:21:25.313301,PV shading detected,Cleared,BE9,
2025-06-11 21:15:23.221706,PV solder bond failure detected,Active,BE11,
2025-06-11 22:08:57.899740,PV solder bond failure detected,Active,BE11,
2025-06-12 00:25:23.455748,PV shading detected,Active,BE9,
2025-06-12 01:45:31.998360,PV interconnect fault detected,Active,BE5,
2025-06-12 01:54:09.329022,PV solder bond failure detected,Cleared,BE11,
2025-06-12 02:55:54.890913,PV shading detected,Active,BE9,
2025-06-12 05:08:30.751088,PV cell breakage detected,Cleared,BE10,
2025-06-12 06:18:26.878773,Grounding system fault detected,Cleared,BE6,
2025-06-12 06:23:07.834297,PV glass breakage detected,Active,BE7,
2025-06-12 07:02:28.263854,Encapsulant fault detected,Active,BE16,
2025-06-12 08:25:23.455748,PV shading detected,Cleared,BE9,
2025-06-12 10:55:54.890913,PV shading detected,Cleared,BE9,
2025-06-12 11:09:43.918333,Encapsulant fault detected,Active,BE16,
2025-06-12 11:52:03.844416,Encapsulant fault detected,Active,BE16,
2025-06-12 12:08:26.694795,PV solder bond failure detected,Active,BE11,
2025-06-12 12:21:26.981712,PV cell breakage detected,Cleared,BE10,
2025-06-12 12:21:38.999751,Encapsulant fault detected,Cleared,BE16,
2025-06-12 12:23:59.066728,PV shading detected,Active,BE9,
2025-06-12 13:45:56.997935,PV solder bond failure detected,Cleared,BE11,
2025-06-12 13:58:14.944186,Diode fault detected,Cleared,BE13,
2025-06-12 14:10:52.996681,Grounding system fault detected,Active,BE6,
2025-06-12 14:27:41.123434,PV cell breakage detected,Active,BE10,
2025-06-12 15:09:56.974803,Short/open circuit fault detected,Active,BE14,
2025-06-12 16:53:15.084821,PV cell breakage detected,Cleared,BE10,
2025-06-12 17:24:53.117828,Grounding system fault detected,Cleared,BE6,
2025-06-12 18:09:15.148645,PV cell breakage detected,Cleared,BE10,
2025-06-12 19:18:45.976355,PV interconnect fault detected,Cleared,BE5,
2025-06-12 19:29:05.687244,PV shading detected,Active,BE9,
2025-06-12 19:51:35.037575,PV interconnect fault detected,Cleared,BE5,
2025-06-12 20:10:32.093612,PV interconnect fault detected,Cleared,BE5,
2025-06-12 20:23:59.066728,PV shading detected,Cleared,BE9,
2025-06-12 21:05:34.960368,Rack structure fault detected,Cleared,BE15,
2025-06-12 21:25:25.518487,PV interconnect fault detected,Active,BE5,
2025-06-12 21:49:50.761704,Rack structure fault detected,Active,BE15,
2025-06-12 22:35:28.993508,Rack structure fault detected,Cleared,BE15,
2025-06-13 00:03:18.604582,PV solder bond failure detected,Cleared,BE11,
2025-06-13 00:21:57.873378,Rack structure fault detected,Active,BE15,
2025-06-13 00:28:42.056929,PV cell breakage detected,Active,BE10,
2025-06-13 00:31:29.067923,Grounding system fault detected,Active,BE6,
2025-06-13 01:45:31.998360,PV interconnect fault detected,Cleared,BE5,
2025-06-13 02:14:13.282678,PV solder bond failure detected,Cleared,BE11,
2025-06-13 03:09:56.974803,Short/open circuit fault detected,Cleared,BE14,
2025-06-13 03:29:05.687244,PV shading detected,Cleared,BE9,
2025-06-13 06:23:07.834297,PV glass breakage detected,Cleared,BE7,
2025-06-13 07:03:56.133805,Grounding system fault detected,Active,BE6,
2025-06-13 11:35:20.887721,Encapsulant fault detected,Active,BE16,
2025-06-13 11:56:10.745612,PV solder bond failure detected,Active,BE11,
2025-06-13 12:08:00.039750,PV cell breakage detected,Cleared,BE10,
2025-06-13 13:14:51.312472,PV solder bond failure detected,Active,BE11,
2025-06-13 13:15:06.807025,Rack structure fault detected,Cleared,BE15,
2025-06-13 13:40:04.747104,PV cell breakage detected,Cleared,BE10,
2025-06-13 14:10:52.996681,Grounding system fault detected,Cleared,BE6,
2025-06-13 14:45:54.629215,PV cell breakage detected,Active,BE10,
2025-06-13 16:59:35.353396,PV cell breakage detected,Cleared,BE10,
2025-06-13 17:21:03.168012,PV cell breakage detected,Active,BE10,
2025-06-13 20:03:44.894522,PV glass breakage detected,Active,BE7,
2025-06-13 20:03:55.407082,PV cell breakage detected,Cleared,BE10,
2025-06-13 21:15:23.221706,PV solder bond failure detected,Cleared,BE11,
2025-06-13 21:25:25.518487,PV interconnect fault detected,Cleared,BE5,
2025-06-13 21:51:28.882105,PV solder bond failure detected,Active,BE11,
2025-06-13 22:08:04.376624,PV solder bond failure detected,Active,BE11,
2025-06-13 22:08:57.899740,PV solder bond failure detected,Cleared,BE11,
2025-06-14 00:31:29.067923,Grounding system fault detected,Cleared,BE6,
2025-06-14 01:37:51.176378,PV solder bond failure detected,Active,BE11,
2025-06-14 02:08:40.359670,PV cell breakage detected,Active,BE10,
2025-06-14 06:30:53.699184,PV solder bond failure detected,Active,BE11,
2025-06-14 07:02:28.263854,Encapsulant fault detected,Cleared,BE16,
2025-06-14 07:03:56.133805,Grounding system fault detected,Cleared,BE6,
2025-06-14 09:45:00.983380,PV cell breakage detected,Active,BE10,
2025-06-14 11:09:43.918333,Encapsulant fault detected,Cleared,BE16,
2025-06-14 11:52:03.844416,Encapsulant fault detected,Cleared,BE16,
2025-06-14 12:07:06.006236,PV shading detected,Active,BE9,
2025-06-14 12:08:26.694795,PV solder bond failure detected,Cleared,BE11,
2025-06-14 12:21:32.951397,PV solder bond failure detected,Active,BE11,
2025-06-14 14:27:41.123434,PV cell breakage detected,Cleared,BE10,
2025-06-14 18:04:02.185317,PV soiling detected,Active,BE8,
2025-06-14 18:25:52.305180,Encapsulant fault detected,Active,BE16,
2025-06-14 20:03:44.894522,PV glass breakage detected,Cleared,BE7,
2025-06-14 20:07:06.006236,PV shading detected,Cleared,BE9,
2025-06-14 21:49:50.761704,Rack structure fault detected,Cleared,BE15,
2025-06-14 22:46:32.164655,PV shading detected,Active,BE9,
2025-06-14 23:43:21.302330,Rack structure fault detected,Active,BE15,
2025-06-15 00:21:57.873378,Rack structure fault detected,Cleared,BE15,
2025-06-15 00:28:42.056929,PV cell breakage detected,Cleared,BE10,
2025-06-15 01:00:39.368199,PV interconnect fault detected,Active,BE5,
2025-06-15 01:47:34.226314,PV cell breakage detected,Active,BE10,
2025-06-15 02:04:02.185317,PV soiling detected,Cleared,BE8,
2025-06-15 02:56:15.943090,PV interconnect fault detected,Active,BE5,
2025-06-15 03:39:44.046432,PV shading detected,Active,BE9,
2025-06-15 05:02:20.037305,PV shading detected,Active,BE9,
2025-06-15 06:46:32.164655,PV shading detected,Cleared,BE9,
2025-06-15 06:50:18.922127,PV solder bond failure detected,Active,BE11,
2025-06-15 06:54:08.590821,PV shading detected,Active,BE9,
2025-06-15 07:59:43.685748,Rack structure fault detected,Active,BE15,
2025-06-15 09:48:12.733895,PV shading detected,Active,BE9,
2025-06-15 11:29:59.171067,PV hot spot detected,Active,BE12,
2025-06-15 11:35:20.887721,Encapsulant fault detected,Cleared,BE16,
2025-06-15 11:39:44.046432,PV shading detected,Cleared,BE9,
2025-06-15 11:56:10.745612,PV solder bond failure detected,Cleared,BE11,
2025-06-15 13:02:20.037305,PV shading detected,Cleared,BE9,
2025-06-15 13:05:14.306941,PV shading detected,Active,BE9,
2025-06-15 13:14:51.312472,PV solder bond failure detected,Cleared,BE11,
2025-06-15 13:35:47.182673,PV interconnect fault detected,Active,BE5,
2025-06-15 14:20:25.125974,PV solder bond failure detected,Active,BE11,
2025-06-15 14:45:54.629215,PV cell breakage detected,Cleared,BE10,
2025-06-15 14:54:08.590821,PV shading detected,Cleared,BE9,
2025-06-15 17:21:03.168012,PV cell breakage detected,Cleared,BE10,
2025-06-15 17:48:12.733895,PV shading detected,Cleared,BE9,
2025-06-15 18:45:16.138259,PV solder bond failure detected,Active,BE11,
2025-06-15 19:15:50.318833,PV interconnect fault detected,Active,BE5,
2025-06-15 21:05:14.306941,PV shading detected,Cleared,BE9,
2025-06-15 21:51:28.882105,PV solder bond failure detected,Cleared,BE11,
2025-06-15 22:08:04.376624,PV solder bond failure detected,Cleared,BE11,
2025-06-15 23:00:25.469044,PV cell breakage detected,Active,BE10,
2025-06-15 23:07:00.379984,PV cell breakage detected,Active,BE10,
2025-06-15 23:40:35.658894,Short/open circuit fault detected,Active,BE14,
2025-06-16 00:36:10.769397,Fuse installation fault detected,Active,BE2,
2025-06-16 01:00:39.368199,PV interconnect fault detected,Cleared,BE5,
2025-06-16 01:37:51.176378,PV solder bond failure detected,Cleared,BE11,
2025-06-16 02:08:40.359670,PV cell breakage detected,Cleared,BE10,
2025-06-16 02:56:15.943090,PV interconnect fault detected,Cleared,BE5,
2025-06-16 04:36:10.769397,Fuse installation fault detected,Cleared,BE2,
2025-06-16 05:54:40.767690,PV solder bond failure detected,Active,BE11,
2025-06-16 06:30:53.699184,PV solder bond failure detected,Cleared,BE11,
2025-06-16 09:10:11.486739,PV cell breakage detected,Active,BE10,
2025-06-16 09:38:50.045507,PV cell breakage detected,Active,BE10,
2025-06-16 09:45:00.983380,PV cell breakage detected,Cleared,BE10,
2025-06-16 10:41:32.122615,PV shading detected,Active,BE9,
2025-06-16 11:29:59.171067,PV hot spot detected,Cleared,BE12,
2025-06-16 11:40:35.658894,Short/open circuit fault detected,Cleared,BE14,
2025-06-16 12:21:32.951397,PV solder bond failure detected,Cleared,BE11,
2025-06-16 13:35:47.182673,PV interconnect fault detected,Cleared,BE5,
2025-06-16 16:47:09.674085,PV cell breakage detected,Active,BE10,
2025-06-16 18:25:52.305180,Encapsulant fault detected,Cleared,BE16,
2025-06-16 18:41:32.122615,PV shading detected,Cleared,BE9,
2025-06-16 19:15:50.318833,PV interconnect fault detected,Cleared,BE5,
2025-06-16 19:25:41.723701,Grounding system fault detected,Active,BE6,
2025-06-16 19:49:40.185422,PV cell breakage detected,Active,BE10,
2025-06-16 20:03:11.537915,PV shading detected,Active,BE9,
2025-06-16 23:06:50.236295,PV cell breakage detected,Active,BE10,
2025-06-16 23:43:21.302330,Rack structure fault detected,Cleared,BE15,
2025-06-16 23:57:40.689744,Rack structure fault detected,Active,BE15,
2025-06-17 01:47:34.226314,PV cell breakage detected,Cleared,BE10,
2025-06-17 02:07:46.276527,PV solder bond failure detected,Active,BE11,
2025-06-17 02:16:46.476207,PV solder bond failure detected,Active,BE11,
2025-06-17 03:01:06.213504,PV cell breakage detected,Active,BE10,
2025-06-17 04:03:11.537915,PV shading detected,Cleared,BE9,
2025-06-17 04:28:27.573384,PV shading detected,Active,BE9,
2025-06-17 05:51:34.657734,PV shading detected,Active,BE9,
2025-06-17 06:10:23.692538,Grounding system fault detected,Active,BE6,
2025-06-17 06:44:36.262646,Encapsulant fault detected,Active,BE16,
2025-06-17 06:50:18.922127,PV solder bond failure detected,Cleared,BE11,
2025-06-17 07:59:43.685748,Rack structure fault detected,Cleared,BE15,
2025-06-17 11:43:36.595733,PV cell breakage detected,Active,BE10,
2025-06-17 12:28:27.573384,PV shading detected,Cleared,BE9,
2025-06-17 12:40:44.299870,PV interconnect fault detected,Active,BE5,
2025-06-17 13:51:34.657734,PV shading detected,Cleared,BE9,
2025-06-17 14:20:25.125974,PV solder bond failure detected,Cleared,BE11,
2025-06-17 15:22:22.571385,PV cell breakage detected,Active,BE10,
2025-06-17 15:27:20.737667,Rack structure fault detected,Active,BE15,
2025-06-17 18:45:16.138259,PV solder bond failure detected,Cleared,BE11,
2025-06-17 19:25:41.723701,Grounding system fault detected,Cleared,BE6,
2025-06-17 20:22:46.390721,Rack structure fault detected,Active,BE15,
2025-06-17 23:00:25.469044,PV cell breakage detected,Cleared,BE10,
2025-06-17 23:07:00.379984,PV cell breakage detected,Cleared,BE10,
2025-06-17 23:14:28.987060,Rack structure fault detected,Active,BE15,
2025-06-18 03:12:21.390886,PV cell breakage detected,Active,BE10,
2025-06-18 04:12:26.765350,Rack structure fault detected,Active,BE15,
2025-06-18 04:12:47.387177,PV shading detected,Active,BE9,
2025-06-18 05:14:45.257742,PV hot spot detected,Active,BE12,
2025-06-18 05:29:38.059945,PV solder bond failure detected,Active,BE11,
2025-06-18 05:32:48.099839,Rack structure fault detected,Active,BE15,
2025-06-18 05:54:40.767690,PV solder bond failure detected,Cleared,BE11,
2025-06-18 06:05:58.621108,PV solder bond failure detected,Active,BE11,
2025-06-18 06:10:23.692538,Grounding system fault detected,Cleared,BE6,
2025-06-18 07:40:38.750200,Rack structure fault detected,Active,BE15,
2025-06-18 07:51:18.965448,PV cell breakage detected,Active,BE10,
2025-06-18 08:29:24.933368,PV cell breakage detected,Active,BE10,
2025-06-18 09:10:11.486739,PV cell breakage detected,Cleared,BE10,
2025-06-18 09:11:38.119898,Rack structure fault detected,Active,BE15,
2025-06-18 09:38:50.045507,PV cell breakage detected,Cleared,BE10,
2025-06-18 10:29:53.798059,PV interconnect fault detected,Active,BE5,
2025-06-18 12:12:47.387177,PV shading detected,Cleared,BE9,
2025-06-18 12:40:44.299870,PV interconnect fault detected,Cleared,BE5,
2025-06-18 16:44:09.486456,Rack structure fault detected,Active,BE15,
2025-06-18 16:47:09.674085,PV cell breakage detected,Cleared,BE10,
2025-06-18 17:25:30.139760,PV solder bond failure detected,Active,BE11,
2025-06-18 18:47:36.516754,PV shading detected,Active,BE9,
2025-06-18 19:35:22.881456,PV shading detected,Active,BE9,
2025-06-18 19:38:14.422161,PV solder bond failure detected,Active,BE11,
2025-06-18 19:49:40.185422,PV cell breakage detected,Cleared,BE10,
2025-06-18 20:35:26.661792,PV solder bond failure detected,Active,BE11,
2025-06-18 21:26:29.232648,Encapsulant fault detected,Active,BE16,
2025-06-18 22:13:28.129196,PV cell breakage detected,Active,BE10,
2025-06-18 23:06:50.236295,PV cell breakage detected,Cleared,BE10,
2025-06-18 23:57:40.689744,Rack structure fault detected,Cleared,BE15,
2025-06-19 00:29:17.722128,PV solder bond failure detected,Active,BE11,
2025-06-19 00:47:37.004950,PV hot spot detected,Active,BE12,
2025-06-19 01:14:33.797489,PV cell breakage detected,Active,BE10,
2025-06-19 02:07:46.276527,PV solder bond failure detected,Cleared,BE11,
2025-06-19 02:16:46.476207,PV solder bond failure detected,Cleared,BE11,
2025-06-19 02:47:36.516754,PV shading detected,Cleared,BE9,
2025-06-19 03:01:06.213504,PV cell breakage detected,Cleared,BE10,
2025-06-19 03:35:22.881456,PV shading detected,Cleared,BE9,
2025-06-19 03:59:41.019572,Grounding system fault detected,Active,BE6,
2025-06-19 05:14:45.257742,PV hot spot detected,Cleared,BE12,
2025-06-19 06:19:40.036821,PV cell breakage detected,Active,BE10,
2025-06-19 06:44:36.262646,Encapsulant fault detected,Cleared,BE16,
2025-06-19 07:25:59.264266,PV solder bond failure detected,Active,BE11,
2025-06-19 08:02:13.800037,PV interconnect fault detected,Active,BE5,
2025-06-19 09:19:38.997632,Grounding system fault detected,Active,BE6,
2025-06-19 09:34:18.936480,PV shading detected,Active,BE9,
2025-06-19 10:29:53.798059,PV interconnect fault detected,Cleared,BE5,
2025-06-19 10:39:29.620502,PV solder bond failure detected,Active,BE11,
2025-06-19 11:02:08.047257,PV solder bond failure detected,Active,BE11,
2025-06-19 11:43:36.595733,PV cell breakage detected,Cleared,BE10,
2025-06-19 13:32:24.719819,Encapsulant fault detected,Active,BE16,
2025-06-19 14:13:06.677080,Grounding system fault detected,Active,BE6,
2025-06-19 14:30:48.036330,Rack structure fault detected,Active,BE15,
2025-06-19 14:51:50.443953,Grounding system fault detected,Active,BE6,
2025-06-19 15:22:22.571385,PV cell breakage detected,Cleared,BE10,
2025-06-19 15:27:20.737667,Rack structure fault detected,Cleared,BE15,
2025-06-19 15:30:45.100936,PV interconnect fault detected,Active,BE5,
2025-06-19 16:36:15.590364,Rack structure fault detected,Active,BE15,
2025-06-19 16:42:02.942950,PV cell breakage detected,Active,BE10,
2025-06-19 17:11:18.687172,PV solder bond failure detected,Active,BE11,
2025-06-19 17:34:18.936480,PV shading detected,Cleared,BE9,
2025-06-19 18:29:01.903324,PV shading detected,Active,BE9,
2025-06-19 18:31:10.921187,Rack structure fault detected,Active,BE15,
2025-06-19 19:27:09.761093,PV shading detected,Active,BE9,
2025-06-19 20:19:31.738926,PV cell breakage detected,Active,BE10,
2025-06-19 20:22:46.390721,Rack structure fault detected,Cleared,BE15,
2025-06-19 20:50:52.446852,PV cell breakage detected,Active,BE10,
2025-06-19 21:50:46.587588,PV interconnect fault detected,Active,BE5,
2025-06-19 23:14:28.987060,Rack structure fault detected,Cleared,BE15,
2025-06-20 00:47:37.004950,PV hot spot detected,Cleared,BE12,
2025-06-20 01:02:51.762137,PV cell breakage detected,Active,BE10,
2025-06-20 01:37:17.604276,PV interconnect fault detected,Active,BE5,
2025-06-20 02:18:26.836780,PV interconnect fault detected,Active,BE5,
2025-06-20 02:25:08.838754,PV shading detected,Active,BE9,
2025-06-20 02:29:01.903324,PV shading detected,Cleared,BE9,
2025-06-20 02:47:17.390377,Encapsulant fault detected,Active,BE16,
2025-06-20 03:12:21.390886,PV cell breakage detected,Cleared,BE10,
2025-06-20 03:17:00.714190,Encapsulant fault detected,Active,BE16,
2025-06-20 03:27:09.761093,PV shading detected,Cleared,BE9,
2025-06-20 03:59:41.019572,Grounding system fault detected,Cleared,BE6,
2025-06-20 04:12:26.765350,Rack structure fault detected,Cleared,BE15,
2025-06-20 05:29:38.059945,PV solder bond failure detected,Cleared,BE11,
2025-06-20 05:32:48.099839,Rack structure fault detected,Cleared,BE15,
2025-06-20 06:05:58.621108,PV solder bond failure detected,Cleared,BE11,
2025-06-20 07:40:38.750200,Rack structure fault detected,Cleared,BE15,
2025-06-20 07:51:18.965448,PV cell breakage detected,Cleared,BE10,
2025-06-20 08:02:13.800037,PV interconnect fault detected,Cleared,BE5,
2025-06-20 08:15:09.171623,Encapsulant fault detected,Active,BE16,
2025-06-20 08:29:24.933368,PV cell breakage detected,Cleared,BE10,
2025-06-20 08:39:55.452490,Rack structure fault detected,Active,BE15,
2025-06-20 08:50:12.788518,PV solder bond failure detected,Active,BE11,
2025-06-20 09:11:38.119898,Rack structure fault detected,Cleared,BE15,
2025-06-20 09:19:38.997632,Grounding system fault detected,Cleared,BE6,
2025-06-20 09:57:11.517689,PV shading detected,Active,BE9,
2025-06-20 10:25:08.838754,PV shading detected,Cleared,BE9,
2025-06-20 11:40:41.302561,Rack structure fault detected,Active,BE15,
2025-06-20 12:00:46.354956,PV shading detected,Active,BE9,
2025-06-20 12:05:11.829069,PV solder bond failure detected,Active,BE11,
2025-06-20 12:23:10.956033,Grounding system fault detected,Active,BE6,
2025-06-20 13:05:13.328344,Rack structure fault detected,Active,BE15,
2025-06-20 13:43:33.476117,PV solder bond failure detected,Active,BE11,
2025-06-20 14:13:06.677080,Grounding system fault detected,Cleared,BE6,
2025-06-20 14:51:50.443953,Grounding system fault detected,Cleared,BE6,
2025-06-20 15:30:45.100936,PV interconnect fault detected,Cleared,BE5,
2025-06-20 15:35:27.643132,Rack structure fault detected,Active,BE15,
2025-06-20 16:44:09.486456,Rack structure fault detected,Cleared,BE15,
2025-06-20 17:25:30.139760,PV solder bond failure detected,Cleared,BE11,
2025-06-20 17:39:22.457156,PV solder bond failure detected,Active,BE11,
2025-06-20 17:57:11.517689,PV shading detected,Cleared,BE9,
2025-06-20 17:59:22.569710,PV solder bond failure detected,Active,BE11,
2025-06-20 19:03:01.148743,Encapsulant fault detected,Active,BE16,
2025-06-20 19:38:14.422161,PV solder bond failure detected,Cleared,BE11,
2025-06-20 20:00:46.354956,PV shading detected,Cleared,BE9,
2025-06-20 20:35:26.661792,PV solder bond failure detected,Cleared,BE11,
2025-06-20 21:26:29.232648,Encapsulant fault detected,Cleared,BE16,
2025-06-20 21:46:04.764095,Grounding system fault detected,Active,BE6,
2025-06-20 21:50:46.587588,PV interconnect fault detected,Cleared,BE5,
2025-06-20 22:13:28.129196,PV cell breakage detected,Cleared,BE10,
2025-06-21 00:29:17.722128,PV solder bond failure detected,Cleared,BE11,
2025-06-21 01:14:33.797489,PV cell breakage detected,Cleared,BE10,
2025-06-21 01:37:17.604276,PV interconnect fault detected,Cleared,BE5,
2025-06-21 01:57:11.353376,PV interconnect fault detected,Active,BE5,
2025-06-21 02:18:26.836780,PV interconnect fault detected,Cleared,BE5,
2025-06-21 02:58:15.587222,PV cell breakage detected,Active,BE10,
2025-06-21 05:32:23.196895,PV solder bond failure detected,Active,BE11,
2025-06-21 06:19:40.036821,PV cell breakage detected,Cleared,BE10,
2025-06-21 07:25:59.264266,PV solder bond failure detected,Cleared,BE11,
2025-06-21 10:39:29.620502,PV solder bond failure detected,Cleared,BE11,
2025-06-21 11:02:08.047257,PV solder bond failure detected,Cleared,BE11,
2025-06-21 12:10:37.563710,PV cell breakage detected,Active,BE10,
2025-06-21 12:23:10.956033,Grounding system fault detected,Cleared,BE6,
2025-06-21 12:25:21.164306,Encapsulant fault detected,Active,BE16,
2025-06-21 13:32:24.719819,Encapsulant fault detected,Cleared,BE16,
2025-06-21 14:30:48.036330,Rack structure fault detected,Cleared,BE15,
2025-06-21 16:36:15.590364,Rack structure fault detected,Cleared,BE15,
2025-06-21 16:42:02.942950,PV cell breakage detected,Cleared,BE10,
2025-06-21 17:11:18.687172,PV solder bond failure detected,Cleared,BE11,
2025-06-21 17:18:46.371763,PV solder bond failure detected,Active,BE11,
2025-06-21 18:31:10.921187,Rack structure fault detected,Cleared,BE15,
2025-06-21 20:19:31.738926,PV cell breakage detected,Cleared,BE10,
2025-06-21 20:50:52.446852,PV cell breakage detected,Cleared,BE10,
2025-06-21 21:07:02.592895,PV shading detected,Active,BE9,
2025-06-21 21:45:55.499727,PV interconnect fault detected,Active,BE5,
2025-06-21 21:46:04.764095,Grounding system fault detected,Cleared,BE6,
2025-06-21 22:09:37.993192,PV cell breakage detected,Active,BE10,
2025-06-21 23:16:34.018004,PV solder bond failure detected,Active,BE11,
2025-06-22 01:02:51.762137,PV cell breakage detected,Cleared,BE10,
2025-06-22 01:57:11.353376,PV interconnect fault detected,Cleared,BE5,
2025-06-22 02:12:19.040723,PV solder bond failure detected,Active,BE11,
2025-06-22 02:42:59.320711,Encapsulant fault detected,Active,BE16,
2025-06-22 02:47:17.390377,Encapsulant fault detected,Cleared,BE16,
2025-06-22 02:53:33.761886,Rack structure fault detected,Active,BE15,
2025-06-22 03:17:00.714190,Encapsulant fault detected,Cleared,BE16,
2025-06-22 05:07:02.592895,PV shading detected,Cleared,BE9,
2025-06-22 07:07:59.174217,PV cell breakage detected,Active,BE10,
2025-06-22 08:15:09.171623,Encapsulant fault detected,Cleared,BE16,
2025-06-22 08:39:55.452490,Rack structure fault detected,Cleared,BE15,
2025-06-22 08:50:12.788518,PV solder bond failure detected,Cleared,BE11,
2025-06-22 09:07:23.158652,PV cell breakage detected,Active,BE10,
2025-06-22 11:40:41.302561,Rack structure fault detected,Cleared,BE15,
2025-06-22 12:05:11.829069,PV solder bond failure detected,Cleared,BE11,
2025-06-22 13:01:17.031007,PV solder bond failure detected,Active,BE11,
2025-06-22 13:05:13.328344,Rack structure fault detected,Cleared,BE15,
2025-06-22 13:43:33.476117,PV solder bond failure detected,Cleared,BE11,
2025-06-22 13:58:58.146310,PV cell breakage detected,Active,BE10,
2025-06-22 14:32:17.356172,Grounding system fault detected,Active,BE6,
2025-06-22 15:35:27.643132,Rack structure fault detected,Cleared,BE15,
2025-06-22 17:39:22.457156,PV solder bond failure detected,Cleared,BE11,
2025-06-22 17:59:22.569710,PV solder bond failure detected,Cleared,BE11,
2025-06-22 18:27:42.239777,PV solder bond failure detected,Active,BE11,
2025-06-22 18:40:25.330504,PV shading detected,Active,BE9,
2025-06-22 19:03:01.148743,Encapsulant fault detected,Cleared,BE16,
2025-06-22 21:45:55.499727,PV interconnect fault detected,Cleared,BE5,
2025-06-23 02:26:59.027899,PV cell breakage detected,Active,BE10,
2025-06-23 02:31:40.460249,Rack structure fault detected,Active,BE15,
2025-06-23 02:31:41.245784,Encapsulant fault detected,Active,BE16,
2025-06-23 02:40:25.330504,PV shading detected,Cleared,BE9,
2025-06-23 02:58:15.587222,PV cell breakage detected,Cleared,BE10,
2025-06-23 03:24:30.091929,PV cell breakage detected,Active,BE10,
2025-06-23 03:37:07.789089,Grounding system fault detected,Active,BE6,
2025-06-23 05:32:23.196895,PV solder bond failure detected,Cleared,BE11,
2025-06-23 06:13:08.532223,PV solder bond failure detected,Active,BE11,
2025-06-23 06:19:40.356492,PV cell breakage detected,Active,BE10,
2025-06-23 06:50:28.242853,MCB 2 fault detected,Active,BE4,
2025-06-23 07:14:18.691924,PV shading detected,Active,BE9,
2025-06-23 08:17:08.429716,Encapsulant fault detected,Active,BE16,
2025-06-23 08:31:23.458862,Rack structure fault detected,Active,BE15,
2025-06-23 09:13:42.123924,PV cell breakage detected,Active,BE10,
2025-06-23 12:10:37.563710,PV cell breakage detected,Cleared,BE10,
2025-06-23 12:25:21.164306,Encapsulant fault detected,Cleared,BE16,
2025-06-23 12:55:54.839526,PV solder bond failure detected,Active,BE11,
2025-06-23 14:17:20.583547,PV shading detected,Active,BE9,
2025-06-23 14:18:05.817759,PV cell breakage detected,Active,BE10,
2025-06-23 14:32:17.356172,Grounding system fault detected,Cleared,BE6,
2025-06-23 15:14:18.691924,PV shading detected,Cleared,BE9,
2025-06-23 16:50:28.242853,MCB 2 fault detected,Cleared,BE4,
2025-06-23 17:18:46.371763,PV solder bond failure detected,Cleared,BE11,
2025-06-23 20:19:08.161028,PV shading detected,Active,BE9,
2025-06-23 22:09:37.993192,PV cell breakage detected,Cleared,BE10,
2025-06-23 22:17:20.583547,PV shading detected,Cleared,BE9,
2025-06-23 22:53:14.764825,Encapsulant fault detected,Active,BE16,
2025-06-23 23:09:14.704891,Rack structure fault detected,Active,BE15,
2025-06-23 23:15:01.315481,PV solder bond failure detected,Active,BE11,
2025-06-23 23:16:34.018004,PV solder bond failure detected,Cleared,BE11,
2025-06-24 00:30:22.423964,Encapsulant fault detected,Active,BE16,
2025-06-24 02:12:19.040723,PV solder bond failure detected,Cleared,BE11,
2025-06-24 02:42:59.320711,Encapsulant fault detected,Cleared,BE16,
2025-06-24 02:53:33.761886,Rack structure fault detected,Cleared,BE15,
2025-06-24 03:37:07.789089,Grounding system fault detected,Cleared,BE6,
2025-06-24 04:19:08.161028,PV shading detected,Cleared,BE9,
2025-06-24 05:23:17.729397,PV solder bond failure detected,Active,BE11,
2025-06-24 07:07:59.174217,PV cell breakage detected,Cleared,BE10,
2025-06-24 08:16:49.370159,PV shading detected,Active,BE9,
2025-06-24 08:59:02.144305,PV solder bond failure detected,Active,BE11,
2025-06-24 09:07:23.158652,PV cell breakage detected,Cleared,BE10,
2025-06-24 09:43:30.201667,Rack structure fault detected,Active,BE15,
2025-06-24 09:52:20.205440,Encapsulant fault detected,Active,BE16,
2025-06-24 13:01:17.031007,PV solder bond failure detected,Cleared,BE11,
2025-06-24 13:58:58.146310,PV cell breakage detected,Cleared,BE10,
2025-06-24 16:16:49.370159,PV shading detected,Cleared,BE9,
2025-06-24 17:14:22.403199,PV shading detected,Active,BE9,
2025-06-24 17:29:03.408955,MCB 2 fault detected,Active,BE4,
2025-06-24 17:58:12.715791,PV shading detected,Active,BE9,
2025-06-24 18:27:42.239777,PV solder bond failure detected,Cleared,BE11,
2025-06-25 01:13:56.757047,Rack structure fault detected,Active,BE15,
2025-06-25 01:14:22.403199,PV shading detected,Cleared,BE9,
2025-06-25 01:33:14.119820,PV cell breakage detected,Active,BE10,
2025-06-25 01:58:12.715791,PV shading detected,Cleared,BE9,
2025-06-25 02:08:04.687597,PV shading detected,Active,BE9,
2025-06-25 02:10:50.621081,PV cell breakage detected,Active,BE10,
2025-06-25 02:26:59.027899,PV cell breakage detected,Cleared,BE10,
2025-06-25 02:31:40.460249,Rack structure fault detected,Cleared,BE15,
2025-06-25 02:31:41.245784,Encapsulant fault detected,Cleared,BE16,
2025-06-25 03:24:30.091929,PV cell breakage detected,Cleared,BE10,
2025-06-25 03:29:03.408955,MCB 2 fault detected,Cleared,BE4,
2025-06-25 06:13:08.532223,PV solder bond failure detected,Cleared,BE11,
2025-06-25 06:17:38.154992,PV solder bond failure detected,Active,BE11,
2025-06-25 06:19:40.356492,PV cell breakage detected,Cleared,BE10,
2025-06-25 08:17:08.429716,Encapsulant fault detected,Cleared,BE16,
2025-06-25 08:31:23.458862,Rack structure fault detected,Cleared,BE15,
2025-06-25 08:44:21.021505,PV cell breakage detected,Active,BE10,
2025-06-25 09:13:42.123924,PV cell breakage detected,Cleared,BE10,
2025-06-25 10:08:04.687597,PV shading detected,Cleared,BE9,
2025-06-25 10:12:16.283333,Encapsulant fault detected,Active,BE16,
2025-06-25 10:30:43.400505,PV cell breakage detected,Active,BE10,
2025-06-25 11:18:31.541604,PV glass breakage detected,Active,BE7,
2025-06-25 11:31:56.467722,PV solder bond failure detected,Active,BE11,
2025-06-25 12:55:54.839526,PV solder bond failure detected,Cleared,BE11,
2025-06-25 14:18:05.817759,PV cell breakage detected,Cleared,BE10,
2025-06-25 16:58:39.061683,Rack structure fault detected,Active,BE15,
2025-06-25 17:46:49.717274,PV solder bond failure detected,Active,BE11,
2025-06-25 19:27:20.061865,PV solder bond failure detected,Active,BE11,
2025-06-25 20:47:36.588030,PV shading detected,Active,BE9,
2025-06-25 22:21:59.142187,PV interconnect fault detected,Active,BE5,
2025-06-25 22:53:14.764825,Encapsulant fault detected,Cleared,BE16,
2025-06-25 23:09:14.704891,Rack structure fault detected,Cleared,BE15,
2025-06-25 23:15:01.315481,PV solder bond failure detected,Cleared,BE11,
2025-06-26 00:30:22.423964,Encapsulant fault detected,Cleared,BE16,
2025-06-26 01:59:16.287626,Grounding system fault detected,Active,BE6,
2025-06-26 02:03:47.811138,PV solder bond failure detected,Active,BE11,
2025-06-26 03:46:46.658286,PV shading detected,Active,BE9,
2025-06-26 04:23:09.361747,PV shading detected,Active,BE9,
2025-06-26 04:47:36.588030,PV shading detected,Cleared,BE9,
2025-06-26 05:23:17.729397,PV solder bond failure detected,Cleared,BE11,
2025-06-26 06:10:33.100723,Grounding system fault detected,Active,BE6,
2025-06-26 06:34:09.260829,Rack structure fault detected,Active,BE15,
2025-06-26 06:56:42.436769,Encapsulant fault detected,Active,BE16,
2025-06-26 07:45:50.856648,PV solder bond failure detected,Active,BE11,
2025-06-26 08:59:02.144305,PV solder bond failure detected,Cleared,BE11,
2025-06-26 09:08:18.590625,PV solder bond failure detected,Active,BE11,
2025-06-26 09:33:05.950890,PV solder bond failure detected,Active,BE11,
2025-06-26 09:43:30.201667,Rack structure fault detected,Cleared,BE15,
2025-06-26 09:52:20.205440,Encapsulant fault detected,Cleared,BE16,
2025-06-26 10:48:47.501035,Rack structure fault detected,Active,BE15,
2025-06-26 11:18:31.541604,PV glass breakage detected,Cleared,BE7,
2025-06-26 11:21:32.318387,Rack structure fault detected,Active,BE15,
2025-06-26 11:46:46.658286,PV shading detected,Cleared,BE9,
2025-06-26 12:23:09.361747,PV shading detected,Cleared,BE9,
2025-06-26 15:47:14.477248,PV solder bond failure detected,Active,BE11,
2025-06-26 18:09:56.075902,PV cell breakage detected,Active,BE10,
2025-06-26 19:14:38.668643,PV cell breakage detected,Active,BE10,
2025-06-26 19:41:57.503198,Rack structure fault detected,Active,BE15,
2025-06-26 21:12:24.411941,Diode fault detected,Active,BE13,
2025-06-26 21:55:15.366117,PV shading detected,Active,BE9,
2025-06-26 22:21:59.142187,PV interconnect fault detected,Cleared,BE5,
2025-06-26 23:52:46.053005,PV cell breakage detected,Active,BE10,
2025-06-27 00:28:33.764313,PV shading detected,Active,BE9,
2025-06-27 01:13:56.757047,Rack structure fault detected,Cleared,BE15,
2025-06-27 01:29:20.054705,PV solder bond failure detected,Active,BE11,
2025-06-27 01:33:14.119820,PV cell breakage detected,Cleared,BE10,
2025-06-27 01:59:16.287626,Grounding system fault detected,Cleared,BE6,
2025-06-27 02:10:50.621081,PV cell breakage detected,Cleared,BE10,
2025-06-27 03:52:35.527117,PV shading detected,Active,BE9,
2025-06-27 04:00:55.904586,Diode fault detected,Active,BE13,
2025-06-27 05:55:15.366117,PV shading detected,Cleared,BE9,
2025-06-27 05:55:18.015711,PV shading detected,Active,BE9,
2025-06-27 06:10:33.100723,Grounding system fault detected,Cleared,BE6,
2025-06-27 06:17:38.154992,PV solder bond failure detected,Cleared,BE11,
2025-06-27 06:28:21.481247,PV solder bond failure detected,Active,BE11,
2025-06-27 08:12:07.813865,PV solder bond failure detected,Active,BE11,
2025-06-27 08:28:33.764313,PV shading detected,Cleared,BE9,
2025-06-27 08:44:21.021505,PV cell breakage detected,Cleared,BE10,
2025-06-27 10:12:16.283333,Encapsulant fault detected,Cleared,BE16,
2025-06-27 10:28:34.322503,PV shading detected,Active,BE9,
2025-06-27 10:30:43.400505,PV cell breakage detected,Cleared,BE10,
2025-06-27 11:31:56.467722,PV solder bond failure detected,Cleared,BE11,
2025-06-27 11:52:35.527117,PV shading detected,Cleared,BE9,
2025-06-27 11:53:17.432167,PV cell breakage detected,Active,BE10,
2025-06-27 13:55:18.015711,PV shading detected,Cleared,BE9,
2025-06-27 15:35:14.511421,PV solder bond failure detected,Active,BE11,
2025-06-27 16:08:55.947391,PV solder bond failure detected,Active,BE11,
2025-06-27 16:58:39.061683,Rack structure fault detected,Cleared,BE15,
2025-06-27 17:46:49.717274,PV solder bond failure detected,Cleared,BE11,
2025-06-27 18:28:34.322503,PV shading detected,Cleared,BE9,
2025-06-27 19:27:20.061865,PV solder bond failure detected,Cleared,BE11,
2025-06-27 20:04:12.652350,PV solder bond failure detected,Active,BE11,
2025-06-27 21:12:24.411941,Diode fault detected,Cleared,BE13,
2025-06-27 21:16:10.945233,PV solder bond failure detected,Active,BE11,
2025-06-27 22:38:27.415452,PV solder bond failure detected,Active,BE11,
2025-06-27 22:49:24.018134,PV cell breakage detected,Active,BE10,
2025-06-27 23:35:52.852091,Grounding system fault detected,Active,BE6,
2025-06-28 00:09:39.200148,PV solder bond failure detected,Active,BE11,
2025-06-28 02:03:47.811138,PV solder bond failure detected,Cleared,BE11,
2025-06-28 02:05:57.890134,Rack structure fault detected,Active,BE15,
2025-06-28 02:32:26.348550,PV shading detected,Active,BE9,
2025-06-28 03:26:55.684769,PV solder bond failure detected,Active,BE11,
2025-06-28 03:45:03.876097,PV cell breakage detected,Active,BE10,
2025-06-28 03:48:06.815734,PV solder bond failure detected,Active,BE11,
2025-06-28 04:00:55.904586,Diode fault detected,Cleared,BE13,
2025-06-28 04:22:02.003873,PV hot spot detected,Active,BE12,
2025-06-28 06:34:09.260829,Rack structure fault detected,Cleared,BE15,
2025-06-28 06:56:42.436769,Encapsulant fault detected,Cleared,BE16,
2025-06-28 07:12:44.940657,PV solder bond failure detected,Active,BE11,
2025-06-28 07:34:00.369587,PV cell breakage detected,Active,BE10,
2025-06-28 07:45:50.856648,PV solder bond failure detected,Cleared,BE11,
2025-06-28 09:08:18.590625,PV solder bond failure detected,Cleared,BE11,
2025-06-28 09:33:05.950890,PV solder bond failure detected,Cleared,BE11,
2025-06-28 10:32:26.348550,PV shading detected,Cleared,BE9,
2025-06-28 10:48:47.501035,Rack structure fault detected,Cleared,BE15,
2025-06-28 10:52:00.052194,PV shading detected,Active,BE9,
2025-06-28 11:21:32.318387,Rack structure fault detected,Cleared,BE15,
2025-06-28 12:01:59.520435,PV solder bond failure detected,Active,BE11,
2025-06-28 12:06:45.167302,PV cell breakage detected,Active,BE10,
2025-06-28 13:28:19.027254,PV shading detected,Active,BE9,
2025-06-28 13:39:37.721591,Rack structure fault detected,Active,BE15,
2025-06-28 14:51:54.065219,PV cell breakage detected,Active,BE10,
2025-06-28 15:47:14.477248,PV solder bond failure detected,Cleared,BE11,
2025-06-28 16:28:24.822514,PV solder bond failure detected,Active,BE11,
2025-06-28 16:55:34.651356,PV cell breakage detected,Active,BE10,
2025-06-28 17:40:54.180516,PV interconnect fault detected,Active,BE5,
2025-06-28 18:09:56.075902,PV cell breakage detected,Cleared,BE10,
2025-06-28 18:52:00.052194,PV shading detected,Cleared,BE9,
2025-06-28 19:14:38.668643,PV cell breakage detected,Cleared,BE10,
2025-06-28 19:41:57.503198,Rack structure fault detected,Cleared,BE15,
2025-06-28 19:43:06.941093,PV solder bond failure detected,Active,BE11,
2025-06-28 21:28:19.027254,PV shading detected,Cleared,BE9,
2025-06-28 22:50:37.262035,PV cell breakage detected,Active,BE10,
2025-06-28 23:35:52.852091,Grounding system fault detected,Cleared,BE6,
2025-06-28 23:52:46.053005,PV cell breakage detected,Cleared,BE10,
2025-06-29 01:29:20.054705,PV solder bond failure detected,Cleared,BE11,
2025-06-29 01:38:53.541331,PV cell breakage detected,Active,BE10,
2025-06-29 03:15:49.992969,PV interconnect fault detected,Active,BE5,
2025-06-29 04:22:02.003873,PV hot spot detected,Cleared,BE12,
2025-06-29 04:41:16.300368,PV cell breakage detected,Active,BE10,
2025-06-29 06:11:07.103047,Grounding system fault detected,Active,BE6,
2025-06-29 06:28:21.481247,PV solder bond failure detected,Cleared,BE11,
2025-06-29 07:01:35.200399,Short/open circuit fault detected,Active,BE14,
2025-06-29 08:00:24.620829,PV solder bond failure detected,Active,BE11,
2025-06-29 08:12:07.813865,PV solder bond failure detected,Cleared,BE11,
2025-06-29 09:03:46.433378,PV solder bond failure detected,Active,BE11,
2025-06-29 11:53:17.432167,PV cell breakage detected,Cleared,BE10,
2025-06-29 13:21:43.943669,PV shading detected,Active,BE9,
2025-06-29 13:48:04.818423,PV solder bond failure detected,Active,BE11,
2025-06-29 14:07:56.693715,PV glass breakage detected,Active,BE7,
2025-06-29 14:09:41.259462,Rack structure fault detected,Active,BE15,
2025-06-29 14:13:55.444837,PV solder bond failure detected,Active,BE11,
2025-06-29 14:16:41.233443,PV cell breakage detected,Active,BE10,
2025-06-29 14:43:42.471547,PV solder bond failure detected,Active,BE11,
2025-06-29 15:35:14.511421,PV solder bond failure detected,Cleared,BE11,
2025-06-29 16:08:55.947391,PV solder bond failure detected,Cleared,BE11,
2025-06-29 16:54:11.013454,Encapsulant fault detected,Active,BE16,
2025-06-29 17:40:54.180516,PV interconnect fault detected,Cleared,BE5,
2025-06-29 19:01:35.200399,Short/open circuit fault detected,Cleared,BE14,
2025-06-29 20:04:12.652350,PV solder bond failure detected,Cleared,BE11,
2025-06-29 20:27:53.472700,PV solder bond failure detected,Active,BE11,
2025-06-29 20:35:02.464893,PV interconnect fault detected,Active,BE5,
2025-06-29 21:16:10.945233,PV solder bond failure detected,Cleared,BE11,
2025-06-29 21:21:43.943669,PV shading detected,Cleared,BE9,
2025-06-29 22:36:53.920176,Encapsulant fault detected,Active,BE16,
2025-06-29 22:38:27.415452,PV solder bond failure detected,Cleared,BE11,
2025-06-29 22:49:24.018134,PV cell breakage detected,Cleared,BE10,
2025-06-30 00:09:39.200148,PV solder bond failure detected,Cleared,BE11,
2025-06-30 02:04:42.696090,PV solder bond failure detected,Active,BE11,
2025-06-30 02:05:57.890134,Rack structure fault detected,Cleared,BE15,
2025-06-30 03:15:49.992969,PV interconnect fault detected,Cleared,BE5,
2025-06-30 03:26:55.684769,PV solder bond failure detected,Cleared,BE11,
2025-06-30 03:45:03.876097,PV cell breakage detected,Cleared,BE10,
2025-06-30 03:48:06.815734,PV solder bond failure detected,Cleared,BE11,
2025-06-30 06:11:07.103047,Grounding system fault detected,Cleared,BE6,
2025-06-30 07:12:44.940657,PV solder bond failure detected,Cleared,BE11,
2025-06-30 07:34:00.369587,PV cell breakage detected,Cleared,BE10,
2025-06-30 10:42:43.329885,Encapsulant fault detected,Active,BE16,
2025-06-30 12:01:59.520435,PV solder bond failure detected,Cleared,BE11,
2025-06-30 12:06:45.167302,PV cell breakage detected,Cleared,BE10,
2025-06-30 12:15:38.355251,Grounding system fault detected,Active,BE6,
2025-06-30 12:52:43.163589,MCB 2 fault detected,Active,BE4,
2025-06-30 13:24:59.695759,PV shading detected,Active,BE9,
2025-06-30 13:39:37.721591,Rack structure fault detected,Cleared,BE15,
2025-06-30 14:07:56.693715,PV glass breakage detected,Cleared,BE7,
2025-06-30 14:51:54.065219,PV cell breakage detected,Cleared,BE10,
2025-06-30 16:13:40.371159,PV solder bond failure detected,Active,BE11,
2025-06-30 16:28:24.822514,PV solder bond failure detected,Cleared,BE11,
2025-06-30 16:55:34.651356,PV cell breakage detected,Cleared,BE10,
2025-06-30 17:26:27.353979,PV hot spot detected,Active,BE12,
2025-06-30 17:43:32.399599,Encapsulant fault detected,Active,BE16,
2025-06-30 19:43:06.941093,PV solder bond failure detected,Cleared,BE11,
2025-06-30 20:35:02.464893,PV interconnect fault detected,Cleared,BE5,
2025-06-30 21:18:00.451824,PV cell breakage detected,Active,BE10,
2025-06-30 21:24:59.695759,PV shading detected,Cleared,BE9,
2025-06-30 21:42:59.447755,PV solder bond failure detected,Active,BE11,
2025-06-30 22:50:37.262035,PV cell breakage detected,Cleared,BE10,
2025-06-30 22:52:43.163589,MCB 2 fault detected,Cleared,BE4,
2025-07-01 01:38:53.541331,PV cell breakage detected,Cleared,BE10,
2025-07-01 03:55:00.572126,Encapsulant fault detected,Active,BE16,
2025-07-01 04:41:16.300368,PV cell breakage detected,Cleared,BE10,
2025-07-01 05:24:47.418313,PV soiling detected,Active,BE8,
2025-07-01 05:35:59.655205,PV cell breakage detected,Active,BE10,
2025-07-01 06:19:05.966199,PV cell breakage detected,Active,BE10,
2025-07-01 06:49:03.813100,PV interconnect fault detected,Active,BE5,
2025-07-01 07:01:23.487528,PV cell breakage detected,Active,BE10,
2025-07-01 08:00:24.620829,PV solder bond failure detected,Cleared,BE11,
2025-07-01 09:03:46.433378,PV solder bond failure detected,Cleared,BE11,
2025-07-01 11:22:13.697773,Short/open circuit fault detected,Active,BE14,
2025-07-01 12:15:38.355251,Grounding system fault detected,Cleared,BE6,
2025-07-01 12:39:05.703127,PV shading detected,Active,BE9,
2025-07-01 13:24:47.418313,PV soiling detected,Cleared,BE8,
2025-07-01 13:48:04.818423,PV solder bond failure detected,Cleared,BE11,
2025-07-01 14:09:41.259462,Rack structure fault detected,Cleared,BE15,
2025-07-01 14:13:55.444837,PV solder bond failure detected,Cleared,BE11,
2025-07-01 14:16:41.233443,PV cell breakage detected,Cleared,BE10,
2025-07-01 14:43:42.471547,PV solder bond failure detected,Cleared,BE11,
2025-07-01 15:45:07.919025,PV shading detected,Active,BE9,
2025-07-01 16:54:11.013454,Encapsulant fault detected,Cleared,BE16,
2025-07-01 17:26:27.353979,PV hot spot detected,Cleared,BE12,
2025-07-01 19:19:41.692321,PV solder bond failure detected,Active,BE11,
2025-07-01 19:39:50.255983,PV solder bond failure detected,Active,BE11,
2025-07-01 20:21:27.481290,PV solder bond failure detected,Active,BE11,
2025-07-01 20:27:53.472700,PV solder bond failure detected,Cleared,BE11,
2025-07-01 20:39:05.703127,PV shading detected,Cleared,BE9,
2025-07-01 20:39:38.527290,PV solder bond failure detected,Active,BE11,
2025-07-01 22:02:19.286547,PV solder bond failure detected,Active,BE11,
2025-07-01 22:34:17.173879,PV shading detected,Active,BE9,
2025-07-01 22:36:53.920176,Encapsulant fault detected,Cleared,BE16,
2025-07-01 23:22:13.697773,Short/open circuit fault detected,Cleared,BE14,
2025-07-01 23:45:07.919025,PV shading detected,Cleared,BE9,
2025-07-02 02:04:42.696090,PV solder bond failure detected,Cleared,BE11,
2025-07-02 02:16:46.873596,Grounding system fault detected,Active,BE6,
2025-07-02 03:16:45.845989,PV solder bond failure detected,Active,BE11,
2025-07-02 05:12:52.409471,PV interconnect fault detected,Active,BE5,
2025-07-02 06:34:17.173879,PV shading detected,Cleared,BE9,
2025-07-02 06:49:03.813100,PV interconnect fault detected,Cleared,BE5,
2025-07-02 07:45:50.432398,Rack structure fault detected,Active,BE15,
2025-07-02 08:34:24.002857,PV interconnect fault detected,Active,BE5,
2025-07-02 10:08:59.045974,PV cell breakage detected,Active,BE10,
2025-07-02 10:12:53.527968,Rack structure fault detected,Active,BE15,
2025-07-02 10:15:17.493914,PV solder bond failure detected,Active,BE11,
2025-07-02 10:34:07.047954,PV solder bond failure detected,Active,BE11,
2025-07-02 10:42:43.329885,Encapsulant fault detected,Cleared,BE16,
2025-07-02 13:18:50.289140,PV cell breakage detected,Active,BE10,
2025-07-02 14:01:55.012169,Encapsulant fault detected,Active,BE16,
2025-07-02 14:10:48.718152,PV cell breakage detected,Active,BE10,
2025-07-02 15:39:05.995513,PV interconnect fault detected,Active,BE5,
2025-07-02 16:13:40.371159,PV solder bond failure detected,Cleared,BE11,
2025-07-02 17:17:10.946335,PV interconnect fault detected,Active,BE5,
2025-07-02 17:43:32.399599,Encapsulant fault detected,Cleared,BE16,
2025-07-02 21:11:52.278155,Cable insulation fault detected,Active,BE17,
2025-07-02 21:18:00.451824,PV cell breakage detected,Cleared,BE10,
2025-07-02 21:42:59.447755,PV solder bond failure detected,Cleared,BE11,
2025-07-02 22:22:35.966330,PV cell breakage detected,Active,BE10,
2025-07-03 01:11:52.278155,Cable insulation fault detected,Cleared,BE17,
2025-07-03 01:52:39.104966,Diode fault detected,Active,BE13,
2025-07-03 02:10:39.123477,MCB 1 fault detected,Active,BE3,
2025-07-03 02:16:46.873596,Grounding system fault detected,Cleared,BE6,
2025-07-03 02:21:33.715901,Rack structure fault detected,Active,BE15,
2025-07-03 03:55:00.572126,Encapsulant fault detected,Cleared,BE16,
2025-07-03 05:12:52.409471,PV interconnect fault detected,Cleared,BE5,
2025-07-03 05:35:59.655205,PV cell breakage detected,Cleared,BE10,
2025-07-03 06:11:36.922081,PV solder bond failure detected,Active,BE11,
2025-07-03 06:19:05.966199,PV cell breakage detected,Cleared,BE10,
2025-07-03 07:01:23.487528,PV cell breakage detected,Cleared,BE10,
2025-07-03 07:08:27.866749,PV cell breakage detected,Active,BE10,
2025-07-03 07:29:30.375747,Grounding system fault detected,Active,BE6,
2025-07-03 08:34:24.002857,PV interconnect fault detected,Cleared,BE5,
2025-07-03 10:15:15.533098,Encapsulant fault detected,Active,BE16,
2025-07-03 12:10:39.123477,MCB 1 fault detected,Cleared,BE3,
2025-07-03 12:14:06.597900,Short/open circuit fault detected,Active,BE14,
2025-07-03 15:39:05.995513,PV interconnect fault detected,Cleared,BE5,
2025-07-03 16:31:05.834560,PV cell breakage detected,Active,BE10,
2025-07-03 17:17:10.946335,PV interconnect fault detected,Cleared,BE5,
2025-07-03 17:44:49.213983,Rack structure fault detected,Active,BE15,
2025-07-03 18:36:33.269992,PV solder bond failure detected,Active,BE11,
2025-07-03 19:18:32.197861,PV cell breakage detected,Active,BE10,
2025-07-03 19:19:41.692321,PV solder bond failure detected,Cleared,BE11,
2025-07-03 19:26:43.800103,PV cell breakage detected,Active,BE10,
2025-07-03 19:39:50.255983,PV solder bond failure detected,Cleared,BE11,
2025-07-03 20:21:27.481290,PV solder bond failure detected,Cleared,BE11,
2025-07-03 20:39:38.527290,PV solder bond failure detected,Cleared,BE11,
2025-07-03 20:58:31.429349,PV solder bond failure detected,Active,BE11,
2025-07-03 21:30:56.185659,PV solder bond failure detected,Active,BE11,
2025-07-03 22:02:19.286547,PV solder bond failure detected,Cleared,BE11,
2025-07-03 22:17:15.089899,PV shading detected,Active,BE9,
2025-07-03 22:46:03.897238,PV solder bond failure detected,Active,BE11,
2025-07-03 23:40:50.526620,PV solder bond failure detected,Active,BE11,
2025-07-04 00:14:06.597900,Short/open circuit fault detected,Cleared,BE14,
2025-07-04 00:33:55.858878,PV solder bond failure detected,Active,BE11,
2025-07-04 01:52:39.104966,Diode fault detected,Cleared,BE13,
2025-07-04 03:16:45.845989,PV solder bond failure detected,Cleared,BE11,
2025-07-04 03:34:30.773737,Grounding system fault detected,Active,BE6,
2025-07-04 05:28:52.683526,PV solder bond failure detected,Active,BE11,
2025-07-04 05:41:44.298949,PV interconnect fault detected,Active,BE5,
2025-07-04 06:17:15.089899,PV shading detected,Cleared,BE9,
2025-07-04 06:26:47.474744,Grounding system fault detected,Active,BE6,
2025-07-04 07:07:16.880623,Grounding system fault detected,Active,BE6,
2025-07-04 07:22:43.740432,PV solder bond failure detected,Active,BE11,
2025-07-04 07:29:30.375747,Grounding system fault detected,Cleared,BE6,
2025-07-04 07:45:50.432398,Rack structure fault detected,Cleared,BE15,
2025-07-04 10:08:59.045974,PV cell breakage detected,Cleared,BE10,
2025-07-04 10:12:53.527968,Rack structure fault detected,Cleared,BE15,
2025-07-04 10:15:17.493914,PV solder bond failure detected,Cleared,BE11,
2025-07-04 10:21:38.001719,PV solder bond failure detected,Active,BE11,
2025-07-04 10:34:07.047954,PV solder bond failure detected,Cleared,BE11,
2025-07-04 13:18:50.289140,PV cell breakage detected,Cleared,BE10,
2025-07-04 14:01:55.012169,Encapsulant fault detected,Cleared,BE16,
2025-07-04 14:10:48.718152,PV cell breakage detected,Cleared,BE10,
2025-07-04 15:05:17.723306,PV shading detected,Active,BE9,
2025-07-04 15:24:04.493796,PV shading detected,Active,BE9,
2025-07-04 16:10:02.895116,PV shading detected,Active,BE9,
2025-07-04 16:42:37.392676,PV interconnect fault detected,Active,BE5,
2025-07-04 16:48:56.758088,PV soiling detected,Active,BE8,
2025-07-04 19:46:44.359715,PV interconnect fault detected,Active,BE5,
2025-07-04 22:22:35.966330,PV cell breakage detected,Cleared,BE10,
2025-07-04 23:05:17.723306,PV shading detected,Cleared,BE9,
2025-07-04 23:15:09.430934,PV shading detected,Active,BE9,
2025-07-04 23:24:04.493796,PV shading detected,Cleared,BE9,
2025-07-04 23:48:45.000768,Encapsulant fault detected,Active,BE16,
2025-07-05 00:10:02.895116,PV shading detected,Cleared,BE9,
2025-07-05 00:48:56.758088,PV soiling detected,Cleared,BE8,
2025-07-05 01:30:57.138115,PV cell breakage detected,Active,BE10,
2025-07-05 02:21:33.715901,Rack structure fault detected,Cleared,BE15,
2025-07-05 03:34:30.773737,Grounding system fault detected,Cleared,BE6,
2025-07-05 03:48:16.080525,Encapsulant fault detected,Active,BE16,
2025-07-05 04:06:23.995821,PV cell breakage detected,Active,BE10,
2025-07-05 05:41:44.298949,PV interconnect fault detected,Cleared,BE5,
2025-07-05 06:11:36.922081,PV solder bond failure detected,Cleared,BE11,
2025-07-05 06:26:47.474744,Grounding system fault detected,Cleared,BE6,
2025-07-05 07:07:16.880623,Grounding system fault detected,Cleared,BE6,
2025-07-05 07:08:27.866749,PV cell breakage detected,Cleared,BE10,
2025-07-05 07:15:09.430934,PV shading detected,Cleared,BE9,
2025-07-05 08:56:41.361382,PV interconnect fault detected,Active,BE5,
2025-07-05 10:15:15.533098,Encapsulant fault detected,Cleared,BE16,
2025-07-05 14:12:54.439308,PV cell breakage detected,Active,BE10,
2025-07-05 16:31:05.834560,PV cell breakage detected,Cleared,BE10,
2025-07-05 16:42:37.392676,PV interconnect fault detected,Cleared,BE5,
2025-07-05 17:00:19.435021,PV solder bond failure detected,Active,BE11,
2025-07-05 17:44:49.213983,Rack structure fault detected,Cleared,BE15,
2025-07-05 17:47:18.342417,Fuse installation fault detected,Active,BE2,
2025-07-05 18:36:33.269992,PV solder bond failure detected,Cleared,BE11,
2025-07-05 19:18:32.197861,PV cell breakage detected,Cleared,BE10,
2025-07-05 19:26:43.800103,PV cell breakage detected,Cleared,BE10,
2025-07-05 19:46:44.359715,PV interconnect fault detected,Cleared,BE5,
2025-07-05 19:53:26.177541,PV hot spot detected,Active,BE12,
2025-07-05 20:19:26.060733,PV interconnect fault detected,Active,BE5,
2025-07-05 20:58:31.429349,PV solder bond failure detected,Cleared,BE11,
2025-07-05 21:30:56.185659,PV solder bond failure detected,Cleared,BE11,
2025-07-05 21:47:18.342417,Fuse installation fault detected,Cleared,BE2,
2025-07-05 22:46:03.897238,PV solder bond failure detected,Cleared,BE11,
2025-07-05 23:22:45.651062,Rack structure fault detected,Active,BE15,
2025-07-05 23:40:50.526620,PV solder bond failure detected,Cleared,BE11,
2025-07-06 00:33:55.858878,PV solder bond failure detected,Cleared,BE11,
2025-07-06 00:45:33.549801,PV solder bond failure detected,Active,BE11,
2025-07-06 01:12:48.634896,PV cell breakage detected,Active,BE10,
2025-07-06 01:33:55.016576,PV interconnect fault detected,Active,BE5,
2025-07-06 02:31:03.371601,PV shading detected,Active,BE9,
2025-07-06 02:59:24.340890,PV interconnect fault detected,Active,BE5,
2025-07-06 05:28:52.683526,PV solder bond failure detected,Cleared,BE11,
2025-07-06 07:22:43.740432,PV solder bond failure detected,Cleared,BE11,
2025-07-06 08:56:41.361382,PV interconnect fault detected,Cleared,BE5,
2025-07-06 09:39:30.959645,PV cell breakage detected,Active,BE10,
2025-07-06 10:21:38.001719,PV solder bond failure detected,Cleared,BE11,
2025-07-06 10:31:03.371601,PV shading detected,Cleared,BE9,
2025-07-06 10:53:03.408919,Grounding system fault detected,Active,BE6,
2025-07-06 11:18:35.168302,PV shading detected,Active,BE9,
2025-07-06 13:01:27.823452,PV cell breakage detected,Active,BE10,
2025-07-06 15:51:37.410248,PV cell breakage detected,Active,BE10,
2025-07-06 16:03:26.545180,Encapsulant fault detected,Active,BE16,
2025-07-06 16:09:04.821040,PV interconnect fault detected,Active,BE5,
2025-07-06 17:08:18.494815,Encapsulant fault detected,Active,BE16,
2025-07-06 19:08:12.603081,PV shading detected,Active,BE9,
2025-07-06 19:18:35.168302,PV shading detected,Cleared,BE9,
2025-07-06 19:53:26.177541,PV hot spot detected,Cleared,BE12,
2025-07-06 20:19:26.060733,PV interconnect fault detected,Cleared,BE5,
2025-07-06 20:24:12.370220,PV shading detected,Active,BE9,
2025-07-06 20:46:11.090528,PV solder bond failure detected,Active,BE11,
2025-07-06 21:48:14.561946,PV solder bond failure detected,Active,BE11,
2025-07-06 23:48:45.000768,Encapsulant fault detected,Cleared,BE16,
2025-07-07 00:01:34.021079,PV cell breakage detected,Active,BE10,
2025-07-07 00:50:04.839091,PV interconnect fault detected,Active,BE5,
2025-07-07 01:02:31.408778,PV solder bond failure detected,Active,BE11,
2025-07-07 01:30:57.138115,PV cell breakage detected,Cleared,BE10,
2025-07-07 01:33:55.016576,PV interconnect fault detected,Cleared,BE5,
2025-07-07 02:59:24.340890,PV interconnect fault detected,Cleared,BE5,
2025-07-07 03:08:12.603081,PV shading detected,Cleared,BE9,
2025-07-07 03:48:16.080525,Encapsulant fault detected,Cleared,BE16,
2025-07-07 04:06:23.995821,PV cell breakage detected,Cleared,BE10,
2025-07-07 04:24:12.370220,PV shading detected,Cleared,BE9,
2025-07-07 06:27:06.422837,Grounding system fault detected,Active,BE6,
2025-07-07 06:28:59.052092,PV solder bond failure detected,Active,BE11,
2025-07-07 07:01:12.543999,PV solder bond failure detected,Active,BE11,
2025-07-07 07:02:54.134099,PV solder bond failure detected,Active,BE11,
2025-07-07 07:34:53.668817,PV soiling detected,Active,BE8,
2025-07-07 08:33:19.895166,PV shading detected,Active,BE9,
2025-07-07 09:22:16.527271,Cable aging fault detected,Active,BE18,
2025-07-07 10:53:03.408919,Grounding system fault detected,Cleared,BE6,
2025-07-07 13:22:16.527271,Cable aging fault detected,Cleared,BE18,
2025-07-07 14:12:54.439308,PV cell breakage detected,Cleared,BE10,
2025-07-07 14:30:46.539990,PV solder bond failure detected,Active,BE11,
2025-07-07 15:34:53.668817,PV soiling detected,Cleared,BE8,
2025-07-07 16:09:04.821040,PV interconnect fault detected,Cleared,BE5,
2025-07-07 16:33:19.895166,PV shading detected,Cleared,BE9,
2025-07-07 17:00:19.435021,PV solder bond failure detected,Cleared,BE11,
2025-07-07 18:03:31.204065,PV cell breakage detected,Active,BE10,
2025-07-07 18:19:35.353174,PV interconnect fault detected,Active,BE5,
2025-07-07 21:25:03.203041,PV solder bond failure detected,Active,BE11,
2025-07-07 23:22:45.651062,Rack structure fault detected,Cleared,BE15,
2025-07-08 00:06:52.595396,MCB 2 fault detected,Active,BE4,
2025-07-08 00:45:33.549801,PV solder bond failure detected,Cleared,BE11,
2025-07-08 00:50:04.839091,PV interconnect fault detected,Cleared,BE5,
2025-07-08 00:58:29.485286,PV solder bond failure detected,Active,BE11,
2025-07-08 01:12:48.634896,PV cell breakage detected,Cleared,BE10,
2025-07-08 03:00:22.581277,PV interconnect fault detected,Active,BE5,
2025-07-08 04:10:31.545420,PV shading detected,Active,BE9,
2025-07-08 05:29:54.144759,PV solder bond failure detected,Active,BE11,
2025-07-08 06:27:06.422837,Grounding system fault detected,Cleared,BE6,
2025-07-08 07:38:26.168009,Encapsulant fault detected,Active,BE16,
2025-07-08 09:06:32.420108,PV solder bond failure detected,Active,BE11,
2025-07-08 09:16:20.666923,PV solder bond failure detected,Active,BE11,
2025-07-08 09:32:56.912427,Rack structure fault detected,Active,BE15,
2025-07-08 09:36:55.277955,PV shading detected,Active,BE9,
2025-07-08 09:39:30.959645,PV cell breakage detected,Cleared,BE10,
2025-07-08 10:06:52.595396,MCB 2 fault detected,Cleared,BE4,
2025-07-08 12:01:11.036278,PV solder bond failure detected,Active,BE11,
2025-07-08 12:10:31.545420,PV shading detected,Cleared,BE9,
2025-07-08 13:01:27.823452,PV cell breakage detected,Cleared,BE10,
2025-07-08 13:19:49.506384,PV solder bond failure detected,Active,BE11,
2025-07-08 14:01:37.913408,PV solder bond failure detected,Active,BE11,
2025-07-08 14:38:32.237643,Encapsulant fault detected,Active,BE16,
2025-07-08 14:56:49.711411,Grounding system fault detected,Active,BE6,
2025-07-08 15:51:37.410248,PV cell breakage detected,Cleared,BE10,
2025-07-08 16:03:26.545180,Encapsulant fault detected,Cleared,BE16,
2025-07-08 17:08:18.494815,Encapsulant fault detected,Cleared,BE16,
2025-07-08 17:36:55.277955,PV shading detected,Cleared,BE9,
2025-07-08 18:19:35.353174,PV interconnect fault detected,Cleared,BE5,
2025-07-08 20:21:31.267378,PV cell breakage detected,Active,BE10,
2025-07-08 20:46:11.090528,PV solder bond failure detected,Cleared,BE11,
2025-07-08 20:54:20.494126,Fuse installation fault detected,Active,BE2,
2025-07-08 21:16:09.161443,Encapsulant fault detected,Active,BE16,
2025-07-08 21:21:45.607491,PV cell breakage detected,Active,BE10,
2025-07-08 21:48:14.561946,PV solder bond failure detected,Cleared,BE11,
2025-07-08 22:52:16.791784,PV cell breakage detected,Active,BE10,
2025-07-09 00:01:34.021079,PV cell breakage detected,Cleared,BE10,
2025-07-09 00:54:20.494126,Fuse installation fault detected,Cleared,BE2,
2025-07-09 01:02:31.408778,PV solder bond failure detected,Cleared,BE11,
2025-07-09 01:28:06.829248,Rack structure fault detected,Active,BE15,
2025-07-09 01:36:14.500907,PV interconnect fault detected,Active,BE5,
2025-07-09 02:35:48.920068,PV shading detected,Active,BE9,
2025-07-09 03:00:22.581277,PV interconnect fault detected,Cleared,BE5,
2025-07-09 03:16:20.785443,Short/open circuit fault detected,Active,BE14,
2025-07-09 04:21:08.692982,Grounding system fault detected,Active,BE6,
2025-07-09 05:17:54.705700,Rack structure fault detected,Active,BE15,
2025-07-09 06:28:59.052092,PV solder bond failure detected,Cleared,BE11,
2025-07-09 06:53:56.141779,Grounding system fault detected,Active,BE6,
2025-07-09 07:01:12.543999,PV solder bond failure detected,Cleared,BE11,
2025-07-09 07:02:54.134099,PV solder bond failure detected,Cleared,BE11,
2025-07-09 09:37:42.213142,Grounding system fault detected,Active,BE6,
2025-07-09 09:51:32.618237,Encapsulant fault detected,Active,BE16,
2025-07-09 10:01:52.522947,MCB 2 fault detected,Active,BE4,
2025-07-09 10:35:48.920068,PV shading detected,Cleared,BE9,
2025-07-09 11:05:34.250653,PV interconnect fault detected,Active,BE5,
2025-07-09 11:08:38.551006,PV solder bond failure detected,Active,BE11,
2025-07-09 14:30:46.539990,PV solder bond failure detected,Cleared,BE11,
2025-07-09 14:56:49.711411,Grounding system fault detected,Cleared,BE6,
2025-07-09 15:16:20.785443,Short/open circuit fault detected,Cleared,BE14,
2025-07-09 17:17:43.061882,PV solder bond failure detected,Active,BE11,
2025-07-09 18:03:31.204065,PV cell breakage detected,Cleared,BE10,
2025-07-09 20:01:52.522947,MCB 2 fault detected,Cleared,BE4,
2025-07-09 20:49:20.403035,PV interconnect fault detected,Active,BE5,
2025-07-09 21:25:03.203041,PV solder bond failure detected,Cleared,BE11,
2025-07-10 00:50:28.251290,PV cell breakage detected,Active,BE10,
2025-07-10 00:58:29.485286,PV solder bond failure detected,Cleared,BE11,
2025-07-10 01:36:14.500907,PV interconnect fault detected,Cleared,BE5,
2025-07-10 02:04:01.597029,PV solder bond failure detected,Active,BE11,
2025-07-10 03:16:37.819197,Rack structure fault detected,Active,BE15,
2025-07-10 04:21:08.692982,Grounding system fault detected,Cleared,BE6,
2025-07-10 04:36:53.912683,PV solder bond failure detected,Active,BE11,
2025-07-10 04:49:48.008024,Rack structure fault detected,Active,BE15,
2025-07-10 05:29:54.144759,PV solder bond failure detected,Cleared,BE11,
2025-07-10 06:53:56.141779,Grounding system fault detected,Cleared,BE6,
2025-07-10 07:38:26.168009,Encapsulant fault detected,Cleared,BE16,
2025-07-10 07:58:25.964189,PV solder bond failure detected,Active,BE11,
2025-07-10 09:06:32.420108,PV solder bond failure detected,Cleared,BE11,
2025-07-10 09:14:24.738322,Grounding system fault detected,Active,BE6,
2025-07-10 09:16:20.666923,PV solder bond failure detected,Cleared,BE11,
2025-07-10 09:32:56.912427,Rack structure fault detected,Cleared,BE15,
2025-07-10 09:37:42.213142,Grounding system fault detected,Cleared,BE6,
2025-07-10 09:47:32.241904,PV solder bond failure detected,Active,BE11,
2025-07-10 10:28:41.515305,PV solder bond failure detected,Active,BE11,
2025-07-10 11:05:34.250653,PV interconnect fault detected,Cleared,BE5,
2025-07-10 11:48:17.403267,PV solder bond failure detected,Active,BE11,
2025-07-10 12:01:11.036278,PV solder bond failure detected,Cleared,BE11,
2025-07-10 12:48:13.795772,PV cell breakage detected,Active,BE10,
2025-07-10 13:19:49.506384,PV solder bond failure detected,Cleared,BE11,
2025-07-10 14:01:37.913408,PV solder bond failure detected,Cleared,BE11,
2025-07-10 14:38:32.237643,Encapsulant fault detected,Cleared,BE16,
2025-07-10 16:31:25.676698,PV shading detected,Active,BE9,
2025-07-10 19:06:46.822785,MCB 1 fault detected,Active,BE3,
2025-07-10 19:06:47.334371,PV shading detected,Active,BE9,
2025-07-10 20:21:31.267378,PV cell breakage detected,Cleared,BE10,
2025-07-10 20:43:22.709582,Grounding system fault detected,Active,BE6,
2025-07-10 20:49:20.403035,PV interconnect fault detected,Cleared,BE5,
2025-07-10 21:16:09.161443,Encapsulant fault detected,Cleared,BE16,
2025-07-10 21:21:45.607491,PV cell breakage detected,Cleared,BE10,
2025-07-10 21:33:33.962321,PV interconnect fault detected,Active,BE5,
2025-07-10 22:32:42.535181,PV solder bond failure detected,Active,BE11,
2025-07-10 22:52:16.791784,PV cell breakage detected,Cleared,BE10,
2025-07-11 00:31:25.676698,PV shading detected,Cleared,BE9,
2025-07-11 01:17:25.134676,Grounding system fault detected,Active,BE6,
2025-07-11 01:28:06.829248,Rack structure fault detected,Cleared,BE15,
2025-07-11 01:38:36.968548,Rack structure fault detected,Active,BE15,
2025-07-11 03:06:47.334371,PV shading detected,Cleared,BE9,
2025-07-11 03:31:58.110277,PV shading detected,Active,BE9,
2025-07-11 03:39:58.954406,PV interconnect fault detected,Active,BE5,
2025-07-11 05:06:46.822785,MCB 1 fault detected,Cleared,BE3,
2025-07-11 05:17:54.705700,Rack structure fault detected,Cleared,BE15,
2025-07-11 05:22:01.846125,PV interconnect fault detected,Active,BE5,
2025-07-11 05:42:44.612994,PV interconnect fault detected,Active,BE5,
2025-07-11 06:09:23.066881,PV solder bond failure detected,Active,BE11,
2025-07-11 07:22:44.502558,PV shading detected,Active,BE9,
2025-07-11 08:02:46.466972,PV cell breakage detected,Active,BE10,
2025-07-11 09:14:24.738322,Grounding system fault detected,Cleared,BE6,
2025-07-11 09:51:32.618237,Encapsulant fault detected,Cleared,BE16,
2025-07-11 10:04:37.526828,PV cell breakage detected,Active,BE10,
2025-07-11 11:08:38.551006,PV solder bond failure detected,Cleared,BE11,
2025-07-11 11:25:12.440442,Encapsulant fault detected,Active,BE16,
2025-07-11 11:28:50.129242,PV solder bond failure detected,Active,BE11,
2025-07-11 11:31:58.110277,PV shading detected,Cleared,BE9,
2025-07-11 12:16:44.689597,Encapsulant fault detected,Active,BE16,
2025-07-11 12:29:06.275517,PV soiling detected,Active,BE8,
2025-07-11 13:23:53.126477,Short/open circuit fault detected,Active,BE14,
2025-07-11 15:05:45.413212,Grounding system fault detected,Active,BE6,
2025-07-11 15:09:12.908400,Short/open circuit fault detected,Active,BE14,
2025-07-11 15:22:44.502558,PV shading detected,Cleared,BE9,
2025-07-11 15:48:54.040357,PV solder bond failure detected,Active,BE11,
2025-07-11 16:27:01.065923,Grounding system fault detected,Active,BE6,
2025-07-11 17:17:43.061882,PV solder bond failure detected,Cleared,BE11,
2025-07-11 18:01:14.999135,PV cell breakage detected,Active,BE10,
2025-07-11 19:53:49.179440,Encapsulant fault detected,Active,BE16,
2025-07-11 20:29:06.275517,PV soiling detected,Cleared,BE8,
2025-07-11 20:43:22.709582,Grounding system fault detected,Cleared,BE6,
2025-07-11 21:33:33.962321,PV interconnect fault detected,Cleared,BE5,
2025-07-11 22:20:39.398214,PV interconnect fault detected,Active,BE5,
2025-07-11 22:48:19.571013,MCB 1 fault detected,Active,BE3,
2025-07-11 23:29:51.410182,MCB 1 fault detected,Active,BE3,
2025-07-12 00:50:28.251290,PV cell breakage detected,Cleared,BE10,
2025-07-12 01:16:09.052508,PV shading detected,Active,BE9,
2025-07-12 01:17:25.134676,Grounding system fault detected,Cleared,BE6,
2025-07-12 01:23:53.126477,Short/open circuit fault detected,Cleared,BE14,
2025-07-12 02:04:01.597029,PV solder bond failure detected,Cleared,BE11,
2025-07-12 03:09:12.908400,Short/open circuit fault detected,Cleared,BE14,
2025-07-12 03:16:37.819197,Rack structure fault detected,Cleared,BE15,
2025-07-12 03:39:58.954406,PV interconnect fault detected,Cleared,BE5,
2025-07-12 04:36:53.912683,PV solder bond failure detected,Cleared,BE11,
2025-07-12 04:49:48.008024,Rack structure fault detected,Cleared,BE15,
2025-07-12 04:51:10.544140,PV cell breakage detected,Active,BE10,
2025-07-12 05:22:01.846125,PV interconnect fault detected,Cleared,BE5,
2025-07-12 05:42:44.612994,PV interconnect fault detected,Cleared,BE5,
2025-07-12 07:58:25.964189,PV solder bond failure detected,Cleared,BE11,
2025-07-12 08:48:19.571013,MCB 1 fault detected,Cleared,BE3,
2025-07-12 09:00:29.582366,PV solder bond failure detected,Active,BE11,
2025-07-12 09:16:09.052508,PV shading detected,Cleared,BE9,
2025-07-12 09:29:51.410182,MCB 1 fault detected,Cleared,BE3,
2025-07-12 09:30:57.806888,PV solder bond failure detected,Active,BE11,
2025-07-12 09:47:27.864897,PV interconnect fault detected,Active,BE5,
2025-07-12 09:47:32.241904,PV solder bond failure detected,Cleared,BE11,
2025-07-12 10:15:01.465033,Grounding system fault detected,Active,BE6,
2025-07-12 10:28:41.515305,PV solder bond failure detected,Cleared,BE11,
2025-07-12 10:42:15.592925,Rack structure fault detected,Active,BE15,
2025-07-12 11:03:43.968729,PV shading detected,Active,BE9,
2025-07-12 11:43:51.041329,PV solder bond failure detected,Active,BE11,
2025-07-12 11:48:17.403267,PV solder bond failure detected,Cleared,BE11,
2025-07-12 12:48:13.795772,PV cell breakage detected,Cleared,BE10,
2025-07-12 14:37:37.902922,PV solder bond failure detected,Active,BE11,
2025-07-12 15:04:30.744596,PV cell breakage detected,Active,BE10,
2025-07-12 15:05:45.413212,Grounding system fault detected,Cleared,BE6,
2025-07-12 16:27:01.065923,Grounding system fault detected,Cleared,BE6,
2025-07-12 16:38:41.833764,Grounding system fault detected,Active,BE6,
2025-07-12 17:19:28.494991,Rack structure fault detected,Active,BE15,
2025-07-12 19:03:43.968729,PV shading detected,Cleared,BE9,
2025-07-12 19:46:45.432321,PV cell breakage detected,Active,BE10,
2025-07-12 19:55:06.352900,PV cell breakage detected,Active,BE10,
2025-07-12 22:20:39.398214,PV interconnect fault detected,Cleared,BE5,
2025-07-12 22:30:07.744458,PV shading detected,Active,BE9,
2025-07-12 22:32:42.535181,PV solder bond failure detected,Cleared,BE11,
2025-07-13 00:11:03.411612,PV interconnect fault detected,Active,BE5,
2025-07-13 00:53:03.090655,PV solder bond failure detected,Active,BE11,
2025-07-13 01:38:36.968548,Rack structure fault detected,Cleared,BE15,
2025-07-13 03:00:54.113463,PV interconnect fault detected,Active,BE5,
2025-07-13 03:45:41.064146,PV cell breakage detected,Active,BE10,
2025-07-13 04:44:52.945430,PV interconnect fault detected,Active,BE5,
2025-07-13 04:55:16.412505,PV interconnect fault detected,Active,BE5,
2025-07-13 05:57:56.886784,Encapsulant fault detected,Active,BE16,
2025-07-13 06:09:23.066881,PV solder bond failure detected,Cleared,BE11,
2025-07-13 06:22:43.249944,PV cell breakage detected,Active,BE10,
2025-07-13 06:30:07.744458,PV shading detected,Cleared,BE9,
2025-07-13 06:59:12.236352,Rack structure fault detected,Active,BE15,
2025-07-13 08:02:46.466972,PV cell breakage detected,Cleared,BE10,
2025-07-13 09:47:27.864897,PV interconnect fault detected,Cleared,BE5,
2025-07-13 10:01:26.083208,PV interconnect fault detected,Active,BE5,
2025-07-13 10:04:37.526828,PV cell breakage detected,Cleared,BE10,
2025-07-13 10:15:01.465033,Grounding system fault detected,Cleared,BE6,
2025-07-13 11:25:12.440442,Encapsulant fault detected,Cleared,BE16,
2025-07-13 11:28:50.129242,PV solder bond failure detected,Cleared,BE11,
2025-07-13 11:44:40.539129,PV cell breakage detected,Active,BE10,
2025-07-13 12:16:44.689597,Encapsulant fault detected,Cleared,BE16,
2025-07-13 12:37:44.932497,PV soiling detected,Active,BE8,
2025-07-13 14:42:03.562609,Rack structure fault detected,Active,BE15,
2025-07-13 14:48:45.599176,Encapsulant fault detected,Active,BE16,
2025-07-13 15:48:54.040357,PV solder bond failure detected,Cleared,BE11,
2025-07-13 16:38:41.833764,Grounding system fault detected,Cleared,BE6,
2025-07-13 16:40:23.946617,PV shading detected,Active,BE9,
2025-07-13 17:24:01.596846,PV soiling detected,Active,BE8,
2025-07-13 18:01:14.999135,PV cell breakage detected,Cleared,BE10,
2025-07-13 18:42:32.350434,Encapsulant fault detected,Active,BE16,
2025-07-13 19:53:49.179440,Encapsulant fault detected,Cleared,BE16,
2025-07-13 20:33:37.886428,PV interconnect fault detected,Active,BE5,
2025-07-13 20:37:44.932497,PV soiling detected,Cleared,BE8,
2025-07-13 22:24:07.536451,PV shading detected,Active,BE9,
2025-07-13 22:35:59.881859,Rack structure fault detected,Active,BE15,
2025-07-14 00:11:03.411612,PV interconnect fault detected,Cleared,BE5,
2025-07-14 00:40:23.946617,PV shading detected,Cleared,BE9,
2025-07-14 01:14:35.022419,Grounding system fault detected,Active,BE6,
2025-07-14 01:24:01.596846,PV soiling detected,Cleared,BE8,
2025-07-14 02:26:48.604196,PV interconnect fault detected,Active,BE5,
2025-07-14 03:00:54.113463,PV interconnect fault detected,Cleared,BE5,
2025-07-14 03:41:50.565630,Rack structure fault detected,Active,BE15,
2025-07-14 04:24:40.394017,Encapsulant fault detected,Active,BE16,
2025-07-14 04:44:52.945430,PV interconnect fault detected,Cleared,BE5,
2025-07-14 04:51:10.544140,PV cell breakage detected,Cleared,BE10,
2025-07-14 04:55:16.412505,PV interconnect fault detected,Cleared,BE5,
2025-07-14 06:24:07.536451,PV shading detected,Cleared,BE9,
2025-07-14 08:49:35.394457,Grounding system fault detected,Active,BE6,
2025-07-14 09:00:29.582366,PV solder bond failure detected,Cleared,BE11,
2025-07-14 09:14:50.287721,PV interconnect fault detected,Active,BE5,
2025-07-14 09:30:57.806888,PV solder bond failure detected,Cleared,BE11,
2025-07-14 09:48:05.395007,PV solder bond failure detected,Active,BE11,
2025-07-14 10:01:26.083208,PV interconnect fault detected,Cleared,BE5,
2025-07-14 10:42:15.592925,Rack structure fault detected,Cleared,BE15,
2025-07-14 11:39:10.829902,PV solder bond failure detected,Active,BE11,
2025-07-14 11:43:51.041329,PV solder bond failure detected,Cleared,BE11,
2025-07-14 12:57:20.296629,Encapsulant fault detected,Active,BE16,
2025-07-14 14:37:37.902922,PV solder bond failure detected,Cleared,BE11,
2025-07-14 15:04:30.744596,PV cell breakage detected,Cleared,BE10,
2025-07-14 16:05:12.586969,PV cell breakage detected,Active,BE10,
2025-07-14 17:19:28.494991,Rack structure fault detected,Cleared,BE15,
2025-07-14 19:46:45.432321,PV cell breakage detected,Cleared,BE10,
2025-07-14 19:55:06.352900,PV cell breakage detected,Cleared,BE10,
2025-07-14 20:33:37.886428,PV interconnect fault detected,Cleared,BE5,
2025-07-14 20:39:13.742121,PV cell breakage detected,Active,BE10,
2025-07-14 21:13:18.754316,Grounding system fault detected,Active,BE6,
2025-07-14 21:27:37.507577,Grounding system fault detected,Active,BE6,
2025-07-14 22:30:46.983101,Diode fault detected,Active,BE13,
2025-07-14 22:59:42.789216,Grounding system fault detected,Active,BE6,
2025-07-14 23:23:45.596613,Rack structure fault detected,Active,BE15,
2025-07-15 00:53:03.090655,PV solder bond failure detected,Cleared,BE11,
2025-07-15 01:14:35.022419,Grounding system fault detected,Cleared,BE6,
2025-07-15 01:35:59.947866,PV solder bond failure detected,Active,BE11,
2025-07-15 02:25:36.072421,PV shading detected,Active,BE9,
2025-07-15 02:26:48.604196,PV interconnect fault detected,Cleared,BE5,
2025-07-15 03:45:41.064146,PV cell breakage detected,Cleared,BE10,
2025-07-15 05:57:56.886784,Encapsulant fault detected,Cleared,BE16,
2025-07-15 06:22:43.249944,PV cell breakage detected,Cleared,BE10,
2025-07-15 06:59:12.236352,Rack structure fault detected,Cleared,BE15,
2025-07-15 08:49:35.394457,Grounding system fault detected,Cleared,BE6,
2025-07-15 09:09:59.380838,Grounding system fault detected,Active,BE6,
2025-07-15 09:14:50.287721,PV interconnect fault detected,Cleared,BE5,
2025-07-15 10:25:36.072421,PV shading detected,Cleared,BE9,
2025-07-15 11:04:47.847590,PV shading detected,Active,BE9,
2025-07-15 11:44:40.539129,PV cell breakage detected,Cleared,BE10,
2025-07-15 12:58:00.139763,PV interconnect fault detected,Active,BE5,
2025-07-15 13:02:01.004428,PV shading detected,Active,BE9,
2025-07-15 13:04:42.281894,PV cell breakage detected,Active,BE10,
2025-07-15 13:32:27.551858,PV solder bond failure detected,Active,BE11,
2025-07-15 14:42:03.562609,Rack structure fault detected,Cleared,BE15,
2025-07-15 14:48:45.599176,Encapsulant fault detected,Cleared,BE16,
2025-07-15 14:57:07.711062,PV cell breakage detected,Active,BE10,
2025-07-15 15:15:07.746929,PV solder bond failure detected,Active,BE11,
2025-07-15 18:01:37.272291,PV interconnect fault detected,Active,BE5,
2025-07-15 18:40:47.827308,PV solder bond failure detected,Active,BE11,
2025-07-15 18:42:32.350434,Encapsulant fault detected,Cleared,BE16,
2025-07-15 19:04:47.847590,PV shading detected,Cleared,BE9,
2025-07-15 21:02:01.004428,PV shading detected,Cleared,BE9,
2025-07-15 21:13:18.754316,Grounding system fault detected,Cleared,BE6,
2025-07-15 21:27:37.507577,Grounding system fault detected,Cleared,BE6,
2025-07-15 22:13:28.300562,PV solder bond failure detected,Active,BE11,
2025-07-15 22:30:34.316667,Grounding system fault detected,Active,BE6,
2025-07-15 22:30:46.983101,Diode fault detected,Cleared,BE13,
2025-07-15 22:35:59.881859,Rack structure fault detected,Cleared,BE15,
2025-07-15 22:59:42.789216,Grounding system fault detected,Cleared,BE6,
2025-07-16 00:57:44.731798,PV cell breakage detected,Active,BE10,
2025-07-16 01:39:48.415731,Fuse installation fault detected,Active,BE2,
2025-07-16 02:33:20.464975,PV interconnect fault detected,Active,BE5,
2025-07-16 02:33:39.013793,PV shading detected,Active,BE9,
2025-07-16 03:41:50.565630,Rack structure fault detected,Cleared,BE15,
2025-07-16 04:24:40.394017,Encapsulant fault detected,Cleared,BE16,
2025-07-16 04:52:29.540769,MCB 2 fault detected,Active,BE4,
2025-07-16 05:39:48.415731,Fuse installation fault detected,Cleared,BE2,
2025-07-16 08:17:21.088466,Encapsulant fault detected,Active,BE16,
2025-07-16 08:57:19.391963,PV soiling detected,Active,BE8,
2025-07-16 09:09:59.380838,Grounding system fault detected,Cleared,BE6,
2025-07-16 09:48:05.395007,PV solder bond failure detected,Cleared,BE11,
2025-07-16 10:33:39.013793,PV shading detected,Cleared,BE9,
2025-07-16 11:39:10.829902,PV solder bond failure detected,Cleared,BE11,
2025-07-16 12:57:20.296629,Encapsulant fault detected,Cleared,BE16,
2025-07-16 12:58:00.139763,PV interconnect fault detected,Cleared,BE5,
2025-07-16 13:08:28.797762,Rack structure fault detected,Active,BE15,
2025-07-16 14:52:29.540769,MCB 2 fault detected,Cleared,BE4,
2025-07-16 16:05:12.586969,PV cell breakage detected,Cleared,BE10,
2025-07-16 16:57:19.391963,PV soiling detected,Cleared,BE8,
2025-07-16 17:12:37.409985,Grounding system fault detected,Active,BE6,
2025-07-16 18:01:37.272291,PV interconnect fault detected,Cleared,BE5,
2025-07-16 20:28:24.007490,PV shading detected,Active,BE9,
2025-07-16 20:39:03.943176,PV interconnect fault detected,Active,BE5,
2025-07-16 20:39:13.742121,PV cell breakage detected,Cleared,BE10,
2025-07-16 22:30:34.316667,Grounding system fault detected,Cleared,BE6,
2025-07-16 23:23:45.596613,Rack structure fault detected,Cleared,BE15,
2025-07-16 23:57:34.284982,PV solder bond failure detected,Active,BE11,
2025-07-17 00:14:52.205378,Grounding system fault detected,Active,BE6,
2025-07-17 00:48:06.752505,PV shading detected,Active,BE9,
2025-07-17 01:18:05.093153,PV solder bond failure detected,Active,BE11,
2025-07-17 01:35:59.947866,PV solder bond failure detected,Cleared,BE11,
2025-07-17 02:33:20.464975,PV interconnect fault detected,Cleared,BE5,
2025-07-17 02:37:16.714721,PV interconnect fault detected,Active,BE5,
2025-07-17 04:28:24.007490,PV shading detected,Cleared,BE9,
2025-07-17 08:48:06.752505,PV shading detected,Cleared,BE9,
2025-07-17 09:28:05.861801,Encapsulant fault detected,Active,BE16,
2025-07-17 10:47:49.471820,PV cell breakage detected,Active,BE10,
2025-07-17 11:45:39.231776,PV cell breakage detected,Active,BE10,
2025-07-17 11:50:08.981427,PV cell breakage detected,Active,BE10,
2025-07-17 12:05:47.579912,PV solder bond failure detected,Active,BE11,
2025-07-17 13:04:42.281894,PV cell breakage detected,Cleared,BE10,
2025-07-17 13:32:27.551858,PV solder bond failure detected,Cleared,BE11,
2025-07-17 14:07:24.820055,PV interconnect fault detected,Active,BE5,
2025-07-17 14:49:55.044870,PV solder bond failure detected,Active,BE11,
2025-07-17 14:57:07.711062,PV cell breakage detected,Cleared,BE10,
2025-07-17 15:15:07.746929,PV solder bond failure detected,Cleared,BE11,
2025-07-17 16:56:01.696087,PV cell breakage detected,Active,BE10,
2025-07-17 17:12:37.409985,Grounding system fault detected,Cleared,BE6,
2025-07-17 17:48:19.991913,PV cell breakage detected,Active,BE10,
2025-07-17 18:40:47.827308,PV solder bond failure detected,Cleared,BE11,
2025-07-17 20:39:03.943176,PV interconnect fault detected,Cleared,BE5,
2025-07-17 21:48:33.082198,Encapsulant fault detected,Active,BE16,
2025-07-17 22:13:28.300562,PV solder bond failure detected,Cleared,BE11,
2025-07-17 22:55:02.592616,PV shading detected,Active,BE9,
2025-07-17 23:39:31.933279,PV solder bond failure detected,Active,BE11,
2025-07-18 00:14:52.205378,Grounding system fault detected,Cleared,BE6,
2025-07-18 00:28:48.589292,Grounding system fault detected,Active,BE6,
2025-07-18 00:57:44.731798,PV cell breakage detected,Cleared,BE10,
2025-07-18 02:37:16.714721,PV interconnect fault detected,Cleared,BE5,
2025-07-18 03:19:20.138624,PV solder bond failure detected,Active,BE11,
2025-07-18 03:54:24.550894,Rack structure fault detected,Active,BE15,
2025-07-18 06:10:51.285101,PV cell breakage detected,Active,BE10,
2025-07-18 06:32:31.307365,Rack structure fault detected,Active,BE15,
2025-07-18 06:55:02.592616,PV shading detected,Cleared,BE9,
2025-07-18 08:17:21.088466,Encapsulant fault detected,Cleared,BE16,
2025-07-18 09:07:47.806761,PV solder bond failure detected,Active,BE11,
2025-07-18 13:08:28.797762,Rack structure fault detected,Cleared,BE15,
2025-07-18 13:33:53.783616,PV interconnect fault detected,Active,BE5,
2025-07-18 14:07:24.820055,PV interconnect fault detected,Cleared,BE5,
2025-07-18 14:11:24.800438,MCB 2 fault detected,Active,BE4,
2025-07-18 21:09:01.391388,PV solder bond failure detected,Active,BE11,
2025-07-18 23:57:34.284982,PV solder bond failure detected,Cleared,BE11,
2025-07-19 00:11:24.800438,MCB 2 fault detected,Cleared,BE4,
2025-07-19 00:28:48.589292,Grounding system fault detected,Cleared,BE6,
2025-07-19 01:18:05.093153,PV solder bond failure detected,Cleared,BE11,
2025-07-19 01:48:12.914500,PV shading detected,Active,BE9,
2025-07-19 04:14:31.102486,PV cell breakage detected,Active,BE10,
2025-07-19 05:29:16.212846,PV shading detected,Active,BE9,
2025-07-19 08:06:55.154036,PV solder bond failure detected,Active,BE11,
2025-07-19 09:20:48.804016,PV cell breakage detected,Active,BE10,
2025-07-19 09:28:05.861801,Encapsulant fault detected,Cleared,BE16,
2025-07-19 09:48:12.914500,PV shading detected,Cleared,BE9,
2025-07-19 10:47:49.471820,PV cell breakage detected,Cleared,BE10,
2025-07-19 11:02:18.608055,Rack structure fault detected,Active,BE15,
2025-07-19 11:45:39.231776,PV cell breakage detected,Cleared,BE10,
2025-07-19 11:50:08.981427,PV cell breakage detected,Cleared,BE10,
2025-07-19 12:01:54.419236,PV cell breakage detected,Active,BE10,
2025-07-19 12:05:47.579912,PV solder bond failure detected,Cleared,BE11,
2025-07-19 13:29:16.212846,PV shading detected,Cleared,BE9,
2025-07-19 13:33:53.783616,PV interconnect fault detected,Cleared,BE5,
2025-07-19 14:49:55.044870,PV solder bond failure detected,Cleared,BE11,
2025-07-19 16:37:21.956963,Grounding system fault detected,Active,BE6,
2025-07-19 16:56:01.696087,PV cell breakage detected,Cleared,BE10,
2025-07-19 17:08:33.939568,PV cell breakage detected,Active,BE10,
2025-07-19 17:48:19.991913,PV cell breakage detected,Cleared,BE10,
2025-07-19 20:08:06.771983,Fuse aging fault detected,Active,BE1,
2025-07-19 21:39:11.420510,PV solder bond failure detected,Active,BE11,
2025-07-19 21:48:33.082198,Encapsulant fault detected,Cleared,BE16,
2025-07-19 22:03:59.558971,PV solder bond failure detected,Active,BE11,
2025-07-19 23:39:31.933279,PV solder bond failure detected,Cleared,BE11,
2025-07-20 00:06:33.476041,Short/open circuit fault detected,Active,BE14,
2025-07-20 00:08:06.771983,Fuse aging fault detected,Cleared,BE1,
2025-07-20 00:51:45.716185,PV interconnect fault detected,Active,BE5,
2025-07-20 02:44:35.157858,PV interconnect fault detected,Active,BE5,
2025-07-20 03:19:20.138624,PV solder bond failure detected,Cleared,BE11,
2025-07-20 03:54:24.550894,Rack structure fault detected,Cleared,BE15,
2025-07-20 04:40:14.214968,PV cell breakage detected,Active,BE10,
2025-07-20 04:45:07.878094,PV cell breakage detected,Active,BE10,
2025-07-20 05:22:55.302155,Rack structure fault detected,Active,BE15,
2025-07-20 05:59:14.358660,PV solder bond failure detected,Active,BE11,
2025-07-20 06:10:51.285101,PV cell breakage detected,Cleared,BE10,
2025-07-20 06:32:31.307365,Rack structure fault detected,Cleared,BE15,
2025-07-20 07:00:05.398080,PV solder bond failure detected,Active,BE11,
2025-07-20 09:07:47.806761,PV solder bond failure detected,Cleared,BE11,
2025-07-20 09:22:49.003280,Rack structure fault detected,Active,BE15,
2025-07-20 10:20:08.765059,Rack structure fault detected,Active,BE15,
2025-07-20 10:36:59.232805,PV solder bond failure detected,Active,BE11,
2025-07-20 12:06:33.476041,Short/open circuit fault detected,Cleared,BE14,
2025-07-20 12:44:11.933522,PV cell breakage detected,Active,BE10,
2025-07-20 14:36:54.741912,Rack structure fault detected,Active,BE15,
2025-07-20 15:57:55.135304,PV solder bond failure detected,Active,BE11,
2025-07-20 16:37:21.956963,Grounding system fault detected,Cleared,BE6,
2025-07-20 18:44:04.960051,MCB 1 fault detected,Active,BE3,
2025-07-20 19:25:52.921400,PV solder bond failure detected,Active,BE11,
2025-07-20 21:09:01.391388,PV solder bond failure detected,Cleared,BE11,
2025-07-20 21:15:27.310027,PV cell breakage detected,Active,BE10,
2025-07-20 23:30:34.248785,Grounding system fault detected,Active,BE6,
2025-07-21 00:20:04.249990,Grounding system fault detected,Active,BE6,
2025-07-21 00:21:42.603823,PV solder bond failure detected,Active,BE11,
2025-07-21 00:51:45.716185,PV interconnect fault detected,Cleared,BE5,
2025-07-21 02:44:35.157858,PV interconnect fault detected,Cleared,BE5,
2025-07-21 03:57:11.990172,Encapsulant fault detected,Active,BE16,
2025-07-21 04:08:36.549666,PV shading detected,Active,BE9,
2025-07-21 04:14:31.102486,PV cell breakage detected,Cleared,BE10,
2025-07-21 04:44:04.960051,MCB 1 fault detected,Cleared,BE3,
2025-07-21 05:52:00.437454,PV shading detected,Active,BE9,
2025-07-21 06:21:46.690017,PV cell breakage detected,Active,BE10,
2025-07-21 08:06:55.154036,PV solder bond failure detected,Cleared,BE11,
2025-07-21 08:25:52.241304,PV shading detected,Active,BE9,
2025-07-21 08:50:53.449505,PV cell breakage detected,Active,BE10,
2025-07-21 09:20:48.804016,PV cell breakage detected,Cleared,BE10,
2025-07-21 09:36:49.743519,PV interconnect fault detected,Active,BE5,
2025-07-21 10:44:42.007224,PV shading detected,Active,BE9,
2025-07-21 11:02:18.608055,Rack structure fault detected,Cleared,BE15,
2025-07-21 12:01:54.419236,PV cell breakage detected,Cleared,BE10,
2025-07-21 12:08:36.549666,PV shading detected,Cleared,BE9,
2025-07-21 13:41:59.487325,Grounding system fault detected,Active,BE6,
2025-07-21 13:52:00.437454,PV shading detected,Cleared,BE9,
2025-07-21 14:56:09.300702,Encapsulant fault detected,Active,BE16,
2025-07-21 15:57:43.829833,Grounding system fault detected,Active,BE6,
2025-07-21 15:59:18.932952,Encapsulant fault detected,Active,BE16,
2025-07-21 16:25:52.241304,PV shading detected,Cleared,BE9,
2025-07-21 17:08:33.939568,PV cell breakage detected,Cleared,BE10,
2025-07-21 17:37:19.649094,PV interconnect fault detected,Active,BE5,
2025-07-21 18:44:42.007224,PV shading detected,Cleared,BE9,
2025-07-21 20:04:35.083563,PV cell breakage detected,Active,BE10,
2025-07-21 20:56:09.500067,PV cell breakage detected,Active,BE10,
2025-07-21 21:09:11.796087,PV interconnect fault detected,Active,BE5,
2025-07-21 21:19:30.505579,Encapsulant fault detected,Active,BE16,
2025-07-21 21:37:04.495507,Grounding system fault detected,Active,BE6,
2025-07-21 21:39:11.420510,PV solder bond failure detected,Cleared,BE11,
2025-07-21 22:03:59.558971,PV solder bond failure detected,Cleared,BE11,
2025-07-21 22:55:44.700025,PV cell breakage detected,Active,BE10,
2025-07-21 23:30:34.248785,Grounding system fault detected,Cleared,BE6,
2025-07-21 23:59:12.400961,Rack structure fault detected,Active,BE15,
2025-07-22 00:20:04.249990,Grounding system fault detected,Cleared,BE6,
2025-07-22 04:25:04.432997,PV interconnect fault detected,Active,BE5,
2025-07-22 04:40:14.214968,PV cell breakage detected,Cleared,BE10,
2025-07-22 04:45:07.878094,PV cell breakage detected,Cleared,BE10,
2025-07-22 05:22:55.302155,Rack structure fault detected,Cleared,BE15,
2025-07-22 05:59:14.358660,PV solder bond failure detected,Cleared,BE11,
2025-07-22 07:00:05.398080,PV solder bond failure detected,Cleared,BE11,
2025-07-22 07:22:28.989803,Encapsulant fault detected,Active,BE16,
2025-07-22 09:22:49.003280,Rack structure fault detected,Cleared,BE15,
2025-07-22 09:36:49.743519,PV interconnect fault detected,Cleared,BE5,
2025-07-22 10:20:08.765059,Rack structure fault detected,Cleared,BE15,
2025-07-22 10:22:08.325586,Encapsulant fault detected,Active,BE16,
2025-07-22 10:36:59.232805,PV solder bond failure detected,Cleared,BE11,
2025-07-22 12:14:50.970986,PV shading detected,Active,BE9,
2025-07-22 12:44:11.933522,PV cell breakage detected,Cleared,BE10,
2025-07-22 13:41:59.487325,Grounding system fault detected,Cleared,BE6,
2025-07-22 13:44:37.359087,Rack structure fault detected,Active,BE15,
2025-07-22 14:26:31.608618,PV solder bond failure detected,Active,BE11,
2025-07-22 14:36:54.741912,Rack structure fault detected,Cleared,BE15,
2025-07-22 15:25:08.739217,PV solder bond failure detected,Active,BE11,
2025-07-22 15:57:43.829833,Grounding system fault detected,Cleared,BE6,
2025-07-22 15:57:55.135304,PV solder bond failure detected,Cleared,BE11,
2025-07-22 17:37:19.649094,PV interconnect fault detected,Cleared,BE5,
2025-07-22 17:45:28.010719,PV cell breakage detected,Active,BE10,
2025-07-22 19:25:52.921400,PV solder bond failure detected,Cleared,BE11,
2025-07-22 19:32:39.027086,PV hot spot detected,Active,BE12,
2025-07-22 20:14:50.970986,PV shading detected,Cleared,BE9,
2025-07-22 21:09:11.796087,PV interconnect fault detected,Cleared,BE5,
2025-07-22 21:15:27.310027,PV cell breakage detected,Cleared,BE10,
2025-07-22 21:37:04.495507,Grounding system fault detected,Cleared,BE6,
2025-07-22 22:59:12.878252,PV solder bond failure detected,Active,BE11,
2025-07-23 00:19:03.068699,PV shading detected,Active,BE9,
2025-07-23 00:21:42.603823,PV solder bond failure detected,Cleared,BE11,
2025-07-23 00:38:27.582190,PV hot spot detected,Active,BE12,
2025-07-23 02:11:32.971591,PV shading detected,Active,BE9,
2025-07-23 02:22:39.049414,PV solder bond failure detected,Active,BE11,
2025-07-23 03:20:14.458799,PV solder bond failure detected,Active,BE11,
2025-07-23 03:57:11.990172,Encapsulant fault detected,Cleared,BE16,
2025-07-23 04:25:04.432997,PV interconnect fault detected,Cleared,BE5,
2025-07-23 04:29:59.141982,PV solder bond failure detected,Active,BE11,
2025-07-23 05:47:42.799518,PV cell breakage detected,Active,BE10,
2025-07-23 05:55:09.680558,PV cell breakage detected,Active,BE10,
2025-07-23 06:21:46.690017,PV cell breakage detected,Cleared,BE10,
2025-07-23 07:15:26.220003,Rack structure fault detected,Active,BE15,
2025-07-23 08:19:03.068699,PV shading detected,Cleared,BE9,
2025-07-23 08:28:48.245000,PV cell breakage detected,Active,BE10,
2025-07-23 08:47:16.452291,PV shading detected,Active,BE9,
2025-07-23 08:50:53.449505,PV cell breakage detected,Cleared,BE10,
2025-07-23 10:11:32.971591,PV shading detected,Cleared,BE9,
2025-07-23 10:38:39.606322,PV cell breakage detected,Active,BE10,
2025-07-23 10:42:35.138239,PV hot spot detected,Active,BE12,
2025-07-23 11:20:05.938714,Rack structure fault detected,Active,BE15,
2025-07-23 13:28:36.353329,PV cell breakage detected,Active,BE10,
2025-07-23 14:56:09.300702,Encapsulant fault detected,Cleared,BE16,
2025-07-23 15:59:18.932952,Encapsulant fault detected,Cleared,BE16,
2025-07-23 16:01:39.863393,PV cell breakage detected,Active,BE10,
2025-07-23 16:36:24.523959,PV cell breakage detected,Active,BE10,
2025-07-23 16:47:16.452291,PV shading detected,Cleared,BE9,
2025-07-23 19:15:11.486917,MCB 2 fault detected,Active,BE4,
2025-07-23 19:32:39.027086,PV hot spot detected,Cleared,BE12,
2025-07-23 19:38:36.347836,PV shading detected,Active,BE9,
2025-07-23 20:04:35.083563,PV cell breakage detected,Cleared,BE10,
2025-07-23 20:38:01.739781,PV shading detected,Active,BE9,
2025-07-23 20:56:09.500067,PV cell breakage detected,Cleared,BE10,
2025-07-23 21:19:30.505579,Encapsulant fault detected,Cleared,BE16,
2025-07-23 22:06:56.037854,PV cell breakage detected,Active,BE10,
2025-07-23 22:55:44.700025,PV cell breakage detected,Cleared,BE10,
2025-07-23 23:59:12.400961,Rack structure fault detected,Cleared,BE15,
2025-07-24 00:32:55.850904,PV solder bond failure detected,Active,BE11,
2025-07-24 00:38:27.582190,PV hot spot detected,Cleared,BE12,
2025-07-24 02:40:42.862681,PV interconnect fault detected,Active,BE5,
2025-07-24 03:38:36.347836,PV shading detected,Cleared,BE9,
2025-07-24 04:38:01.739781,PV shading detected,Cleared,BE9,
2025-07-24 04:46:00.649881,Rack structure fault detected,Active,BE15,
2025-07-24 05:09:29.266612,Rack structure fault detected,Active,BE15,
2025-07-24 05:15:11.486917,MCB 2 fault detected,Cleared,BE4,
2025-07-24 07:22:28.989803,Encapsulant fault detected,Cleared,BE16,
2025-07-24 09:56:59.015684,PV cell breakage detected,Active,BE10,
2025-07-24 10:22:08.325586,Encapsulant fault detected,Cleared,BE16,
2025-07-24 10:41:54.832582,PV interconnect fault detected,Active,BE5,
2025-07-24 10:42:35.138239,PV hot spot detected,Cleared,BE12,
2025-07-24 11:36:44.719190,Rack structure fault detected,Active,BE15,
2025-07-24 13:44:37.359087,Rack structure fault detected,Cleared,BE15,
2025-07-24 14:05:29.381218,Encapsulant fault detected,Active,BE16,
2025-07-24 14:26:31.608618,PV solder bond failure detected,Cleared,BE11,
2025-07-24 14:47:06.781896,PV solder bond failure detected,Active,BE11,
2025-07-24 15:24:37.216927,PV interconnect fault detected,Active,BE5,
2025-07-24 15:25:08.739217,PV solder bond failure detected,Cleared,BE11,
2025-07-24 17:45:28.010719,PV cell breakage detected,Cleared,BE10,
2025-07-24 18:19:11.282559,PV cell breakage detected,Active,BE10,
2025-07-24 20:57:31.962341,PV shading detected,Active,BE9,
2025-07-24 22:59:12.878252,PV solder bond failure detected,Cleared,BE11,
2025-07-25 01:07:52.166791,Rack structure fault detected,Active,BE15,
2025-07-25 02:22:39.049414,PV solder bond failure detected,Cleared,BE11,
2025-07-25 02:40:42.862681,PV interconnect fault detected,Cleared,BE5,
2025-07-25 03:16:18.760499,PV interconnect fault detected,Active,BE5,
2025-07-25 03:17:51.533012,Rack structure fault detected,Active,BE15,
2025-07-25 03:20:14.458799,PV solder bond failure detected,Cleared,BE11,
2025-07-25 04:20:28.859630,PV cell breakage detected,Active,BE10,
2025-07-25 04:29:59.141982,PV solder bond failure detected,Cleared,BE11,
2025-07-25 04:57:31.962341,PV shading detected,Cleared,BE9,
2025-07-25 05:06:01.356389,PV cell breakage detected,Active,BE10,
2025-07-25 05:47:42.799518,PV cell breakage detected,Cleared,BE10,
2025-07-25 05:55:09.680558,PV cell breakage detected,Cleared,BE10,
2025-07-25 06:31:05.078274,PV interconnect fault detected,Active,BE5,
2025-07-25 06:45:39.797832,PV solder bond failure detected,Active,BE11,
2025-07-25 07:15:26.220003,Rack structure fault detected,Cleared,BE15,
2025-07-25 07:27:02.325295,PV interconnect fault detected,Active,BE5,
2025-07-25 08:28:48.245000,PV cell breakage detected,Cleared,BE10,
2025-07-25 09:04:53.611240,PV interconnect fault detected,Active,BE5,
2025-07-25 10:38:39.606322,PV cell breakage detected,Cleared,BE10,
2025-07-25 10:41:54.832582,PV interconnect fault detected,Cleared,BE5,
2025-07-25 10:42:04.182477,PV interconnect fault detected,Active,BE5,
2025-07-25 11:20:05.938714,Rack structure fault detected,Cleared,BE15,
2025-07-25 12:38:55.242117,PV interconnect fault detected,Active,BE5,
2025-07-25 13:28:36.353329,PV cell breakage detected,Cleared,BE10,
2025-07-25 13:43:25.262014,Grounding system fault detected,Active,BE6,
2025-07-25 13:48:07.408528,Fuse installation fault detected,Active,BE2,
2025-07-25 14:24:55.244929,PV interconnect fault detected,Active,BE5,
2025-07-25 15:24:37.216927,PV interconnect fault detected,Cleared,BE5,
2025-07-25 15:27:16.412159,PV shading detected,Active,BE9,
2025-07-25 15:38:11.604064,Encapsulant fault detected,Active,BE16,
2025-07-25 16:01:39.863393,PV cell breakage detected,Cleared,BE10,
2025-07-25 16:36:24.523959,PV cell breakage detected,Cleared,BE10,
2025-07-25 16:51:39.630337,Grounding system fault detected,Active,BE6,
2025-07-25 17:43:18.248872,Short/open circuit fault detected,Active,BE14,
2025-07-25 17:48:07.408528,Fuse installation fault detected,Cleared,BE2,
2025-07-25 21:07:00.058316,Encapsulant fault detected,Active,BE16,
2025-07-25 22:06:56.037854,PV cell breakage detected,Cleared,BE10,
2025-07-25 23:27:00.675581,PV shading detected,Active,BE9,
2025-07-25 23:27:16.412159,PV shading detected,Cleared,BE9,
2025-07-26 00:32:55.850904,PV solder bond failure detected,Cleared,BE11,
2025-07-26 02:31:13.289655,PV interconnect fault detected,Active,BE5,
2025-07-26 03:03:03.915295,Rack structure fault detected,Active,BE15,
2025-07-26 03:16:18.760499,PV interconnect fault detected,Cleared,BE5,
2025-07-26 04:46:00.649881,Rack structure fault detected,Cleared,BE15,
2025-07-26 04:53:35.687827,PV interconnect fault detected,Active,BE5,
2025-07-26 05:09:29.266612,Rack structure fault detected,Cleared,BE15,
2025-07-26 05:43:18.248872,Short/open circuit fault detected,Cleared,BE14,
2025-07-26 06:31:05.078274,PV interconnect fault detected,Cleared,BE5,
2025-07-26 06:43:34.550331,Rack structure fault detected,Active,BE15,
2025-07-26 06:57:41.537324,Grounding system fault detected,Active,BE6,
2025-07-26 07:27:00.675581,PV shading detected,Cleared,BE9,
2025-07-26 07:27:02.325295,PV interconnect fault detected,Cleared,BE5,
2025-07-26 08:14:21.803419,PV cell breakage detected,Active,BE10,
2025-07-26 09:04:53.611240,PV interconnect fault detected,Cleared,BE5,
2025-07-26 09:54:24.169350,PV interconnect fault detected,Active,BE5,
2025-07-26 09:56:59.015684,PV cell breakage detected,Cleared,BE10,
2025-07-26 10:42:04.182477,PV interconnect fault detected,Cleared,BE5,
2025-07-26 11:36:44.719190,Rack structure fault detected,Cleared,BE15,
2025-07-26 12:07:29.571829,PV soiling detected,Active,BE8,
2025-07-26 12:38:55.242117,PV interconnect fault detected,Cleared,BE5,
2025-07-26 12:47:35.573512,Encapsulant fault detected,Active,BE16,
2025-07-26 13:43:25.262014,Grounding system fault detected,Cleared,BE6,
2025-07-26 14:05:29.381218,Encapsulant fault detected,Cleared,BE16,
2025-07-26 14:24:55.244929,PV interconnect fault detected,Cleared,BE5,
2025-07-26 14:47:06.781896,PV solder bond failure detected,Cleared,BE11,
2025-07-26 14:50:58.218646,PV solder bond failure detected,Active,BE11,
2025-07-26 16:25:13.443059,PV solder bond failure detected,Active,BE11,
2025-07-26 16:51:39.630337,Grounding system fault detected,Cleared,BE6,
2025-07-26 18:19:11.282559,PV cell breakage detected,Cleared,BE10,
2025-07-26 19:22:26.064545,PV solder bond failure detected,Active,BE11,
2025-07-26 20:07:29.571829,PV soiling detected,Cleared,BE8,
2025-07-26 21:13:00.521743,Rack structure fault detected,Active,BE15,
2025-07-27 00:35:27.439862,PV cell breakage detected,Active,BE10,
2025-07-27 01:07:52.166791,Rack structure fault detected,Cleared,BE15,
2025-07-27 02:31:13.289655,PV interconnect fault detected,Cleared,BE5,
2025-07-27 02:36:33.634586,Grounding system fault detected,Active,BE6,
2025-07-27 02:48:49.358695,PV solder bond failure detected,Active,BE11,
2025-07-27 02:57:03.493874,PV soiling detected,Active,BE8,
2025-07-27 03:17:51.533012,Rack structure fault detected,Cleared,BE15,
2025-07-27 04:07:18.118375,MCB 1 fault detected,Active,BE3,
2025-07-27 04:20:28.859630,PV cell breakage detected,Cleared,BE10,
2025-07-27 04:20:36.090158,Rack structure fault detected,Active,BE15,
2025-07-27 04:53:35.687827,PV interconnect fault detected,Cleared,BE5,
2025-07-27 05:06:01.356389,PV cell breakage detected,Cleared,BE10,
2025-07-27 06:45:39.797832,PV solder bond failure detected,Cleared,BE11,
2025-07-27 06:57:41.537324,Grounding system fault detected,Cleared,BE6,
2025-07-27 07:15:38.486356,PV solder bond failure detected,Active,BE11,
2025-07-27 09:54:24.169350,PV interconnect fault detected,Cleared,BE5,
2025-07-27 10:54:19.102926,PV solder bond failure detected,Active,BE11,
2025-07-27 10:57:03.493874,PV soiling detected,Cleared,BE8,
2025-07-27 11:13:01.132030,Encapsulant fault detected,Active,BE16,
2025-07-27 12:45:01.366164,PV interconnect fault detected,Active,BE5,
2025-07-27 13:53:00.978190,PV solder bond failure detected,Active,BE11,
2025-07-27 14:07:18.118375,MCB 1 fault detected,Cleared,BE3,
2025-07-27 14:15:28.981524,PV shading detected,Active,BE9,
2025-07-27 15:15:23.748366,PV cell breakage detected,Active,BE10,
2025-07-27 15:38:11.604064,Encapsulant fault detected,Cleared,BE16,
2025-07-27 16:46:38.969982,Rack structure fault detected,Active,BE15,
2025-07-27 18:20:12.469422,Rack structure fault detected,Active,BE15,
2025-07-27 18:34:14.812861,Rack structure fault detected,Active,BE15,
2025-07-27 19:56:30.682424,PV solder bond failure detected,Active,BE11,
2025-07-27 20:20:36.733894,PV interconnect fault detected,Active,BE5,
2025-07-27 20:24:15.654448,PV shading detected,Active,BE9,
2025-07-27 21:07:00.058316,Encapsulant fault detected,Cleared,BE16,
2025-07-27 22:15:28.981524,PV shading detected,Cleared,BE9,
2025-07-28 01:42:20.031439,PV solder bond failure detected,Active,BE11,
2025-07-28 02:36:33.634586,Grounding system fault detected,Cleared,BE6,
2025-07-28 02:53:23.148331,PV solder bond failure detected,Active,BE11,
2025-07-28 03:03:03.915295,Rack structure fault detected,Cleared,BE15,
2025-07-28 03:20:54.939351,Grounding system fault detected,Active,BE6,
2025-07-28 04:24:15.654448,PV shading detected,Cleared,BE9,
2025-07-28 06:43:34.550331,Rack structure fault detected,Cleared,BE15,
2025-07-28 06:47:09.134851,PV cell breakage detected,Active,BE10,
2025-07-28 07:10:53.040630,PV solder bond failure detected,Active,BE11,
2025-07-28 08:14:21.803419,PV cell breakage detected,Cleared,BE10,
2025-07-28 09:21:40.099156,PV interconnect fault detected,Active,BE5,
2025-07-28 11:35:48.121161,PV interconnect fault detected,Active,BE5,
2025-07-28 12:36:12.271364,PV solder bond failure detected,Active,BE11,
2025-07-28 12:45:01.366164,PV interconnect fault detected,Cleared,BE5,
2025-07-28 12:47:35.573512,Encapsulant fault detected,Cleared,BE16,
2025-07-28 14:07:15.396948,PV interconnect fault detected,Active,BE5,
2025-07-28 14:36:51.023021,PV interconnect fault detected,Active,BE5,
2025-07-28 14:50:58.218646,PV solder bond failure detected,Cleared,BE11,
2025-07-28 16:25:13.443059,PV solder bond failure detected,Cleared,BE11,
2025-07-28 16:48:05.378087,PV interconnect fault detected,Active,BE5,
2025-07-28 16:54:27.377640,PV hot spot detected,Active,BE12,
2025-07-28 18:17:00.794112,PV solder bond failure detected,Active,BE11,
2025-07-28 19:22:26.064545,PV solder bond failure detected,Cleared,BE11,
2025-07-28 19:52:10.874192,PV solder bond failure detected,Active,BE11,
2025-07-28 20:05:13.239893,Grounding system fault detected,Active,BE6,
2025-07-28 20:17:14.628125,Grounding system fault detected,Active,BE6,
2025-07-28 20:20:36.733894,PV interconnect fault detected,Cleared,BE5,
2025-07-28 20:39:41.042710,PV interconnect fault detected,Active,BE5,
2025-07-28 21:13:00.521743,Rack structure fault detected,Cleared,BE15,
2025-07-28 22:57:50.907284,PV interconnect fault detected,Active,BE5,
2025-07-29 00:03:43.499107,PV interconnect fault detected,Active,BE5,
2025-07-29 00:35:27.439862,PV cell breakage detected,Cleared,BE10,
2025-07-29 00:43:58.509129,MCB 2 fault detected,Active,BE4,
2025-07-29 01:34:53.976277,PV interconnect fault detected,Active,BE5,
2025-07-29 02:48:49.358695,PV solder bond failure detected,Cleared,BE11,
2025-07-29 03:20:54.939351,Grounding system fault detected,Cleared,BE6,
2025-07-29 03:32:07.286272,Rack structure fault detected,Active,BE15,
2025-07-29 04:20:36.090158,Rack structure fault detected,Cleared,BE15,
2025-07-29 04:21:10.452811,Grounding system fault detected,Active,BE6,
2025-07-29 04:59:15.711854,PV solder bond failure detected,Active,BE11,
2025-07-29 05:09:33.595533,PV solder bond failure detected,Active,BE11,
2025-07-29 06:59:23.702524,PV cell breakage detected,Active,BE10,
2025-07-29 07:15:38.486356,PV solder bond failure detected,Cleared,BE11,
2025-07-29 07:50:43.534960,Rack structure fault detected,Active,BE15,
2025-07-29 08:06:23.410634,PV solder bond failure detected,Active,BE11,
2025-07-29 08:52:56.075995,PV interconnect fault detected,Active,BE5,
2025-07-29 09:21:40.099156,PV interconnect fault detected,Cleared,BE5,
2025-07-29 10:43:58.509129,MCB 2 fault detected,Cleared,BE4,
2025-07-29 10:54:19.102926,PV solder bond failure detected,Cleared,BE11,
2025-07-29 11:13:01.132030,Encapsulant fault detected,Cleared,BE16,
2025-07-29 11:35:48.121161,PV interconnect fault detected,Cleared,BE5,
2025-07-29 11:36:49.786903,PV interconnect fault detected,Active,BE5,
2025-07-29 12:57:11.025976,Encapsulant fault detected,Active,BE16,
2025-07-29 13:53:00.978190,PV solder bond failure detected,Cleared,BE11,
2025-07-29 14:02:15.455387,PV cell breakage detected,Active,BE10,
2025-07-29 14:07:15.396948,PV interconnect fault detected,Cleared,BE5,
2025-07-29 14:36:51.023021,PV interconnect fault detected,Cleared,BE5,
2025-07-29 15:15:23.748366,PV cell breakage detected,Cleared,BE10,
2025-07-29 16:02:31.474122,PV cell breakage detected,Active,BE10,
2025-07-29 16:46:38.969982,Rack structure fault detected,Cleared,BE15,
2025-07-29 16:48:05.378087,PV interconnect fault detected,Cleared,BE5,
2025-07-29 16:54:27.377640,PV hot spot detected,Cleared,BE12,
2025-07-29 16:58:05.579053,PV interconnect fault detected,Active,BE5,
2025-07-29 18:17:43.580262,PV solder bond failure detected,Active,BE11,
2025-07-29 18:20:12.469422,Rack structure fault detected,Cleared,BE15,
2025-07-29 18:34:14.812861,Rack structure fault detected,Cleared,BE15,
2025-07-29 19:14:05.292339,Grounding system fault detected,Active,BE6,
2025-07-29 19:28:24.601666,PV shading detected,Active,BE9,
2025-07-29 19:56:30.682424,PV solder bond failure detected,Cleared,BE11,
2025-07-29 20:05:13.239893,Grounding system fault detected,Cleared,BE6,
2025-07-29 20:17:14.628125,Grounding system fault detected,Cleared,BE6,
2025-07-29 20:39:41.042710,PV interconnect fault detected,Cleared,BE5,
2025-07-29 21:06:42.192371,Grounding system fault detected,Active,BE6,
2025-07-29 22:57:50.907284,PV interconnect fault detected,Cleared,BE5,
2025-07-29 23:52:34.521074,PV solder bond failure detected,Active,BE11,
2025-07-30 00:03:43.499107,PV interconnect fault detected,Cleared,BE5,
2025-07-30 00:38:39.722054,PV cell breakage detected,Active,BE10,
2025-07-30 01:14:33.033721,PV interconnect fault detected,Active,BE5,
2025-07-30 01:34:53.976277,PV interconnect fault detected,Cleared,BE5,
2025-07-30 01:41:02.550102,PV hot spot detected,Active,BE12,
2025-07-30 01:42:20.031439,PV solder bond failure detected,Cleared,BE11,
2025-07-30 01:54:42.280707,PV solder bond failure detected,Active,BE11,
2025-07-30 02:53:23.148331,PV solder bond failure detected,Cleared,BE11,
2025-07-30 03:28:24.601666,PV shading detected,Cleared,BE9,
2025-07-30 04:21:10.452811,Grounding system fault detected,Cleared,BE6,
2025-07-30 05:55:22.445593,Grounding system fault detected,Active,BE6,
2025-07-30 06:36:43.275074,Grounding system fault detected,Active,BE6,
2025-07-30 06:47:09.134851,PV cell breakage detected,Cleared,BE10,
2025-07-30 07:10:53.040630,PV solder bond failure detected,Cleared,BE11,
2025-07-30 07:20:36.404449,Rack structure fault detected,Active,BE15,
2025-07-30 08:00:01.939597,PV shading detected,Active,BE9,
2025-07-30 08:16:55.840024,Grounding system fault detected,Active,BE6,
2025-07-30 08:52:56.075995,PV interconnect fault detected,Cleared,BE5,
2025-07-30 09:53:46.351356,PV solder bond failure detected,Active,BE11,
2025-07-30 11:07:46.356452,Short/open circuit fault detected,Active,BE14,
2025-07-30 11:36:49.786903,PV interconnect fault detected,Cleared,BE5,
2025-07-30 12:36:12.271364,PV solder bond failure detected,Cleared,BE11,
2025-07-30 12:49:32.506543,PV cell breakage detected,Active,BE10,
2025-07-30 15:06:04.839424,PV interconnect fault detected,Active,BE5,
2025-07-30 15:31:52.262558,PV solder bond failure detected,Active,BE11,
2025-07-30 15:34:31.466237,PV interconnect fault detected,Active,BE5,
2025-07-30 16:00:01.939597,PV shading detected,Cleared,BE9,
2025-07-30 16:58:05.579053,PV interconnect fault detected,Cleared,BE5,
2025-07-30 18:17:00.794112,PV solder bond failure detected,Cleared,BE11,
2025-07-30 18:36:10.106815,Grounding system fault detected,Active,BE6,
2025-07-30 19:14:05.292339,Grounding system fault detected,Cleared,BE6,
2025-07-30 19:26:35.664076,PV shading detected,Active,BE9,
2025-07-30 19:52:10.874192,PV solder bond failure detected,Cleared,BE11,
2025-07-30 21:02:35.457758,PV soiling detected,Active,BE8,
2025-07-30 21:06:42.192371,Grounding system fault detected,Cleared,BE6,
2025-07-30 21:30:19.346628,PV shading detected,Active,BE9,
2025-07-30 21:30:31.303168,Grounding system fault detected,Active,BE6,
2025-07-30 21:51:12.180253,PV hot spot detected,Active,BE12,
2025-07-30 23:07:46.356452,Short/open circuit fault detected,Cleared,BE14,
2025-07-31 00:50:07.877991,PV cell breakage detected,Active,BE10,
2025-07-31 01:14:33.033721,PV interconnect fault detected,Cleared,BE5,
2025-07-31 01:41:02.550102,PV hot spot detected,Cleared,BE12,
2025-07-31 01:47:45.066540,Cable aging fault detected,Active,BE18,
2025-07-31 01:49:45.747040,PV hot spot detected,Active,BE12,
2025-07-31 02:13:45.971945,PV solder bond failure detected,Active,BE11,
2025-07-31 02:23:29.035976,Encapsulant fault detected,Active,BE16,
2025-07-31 03:26:35.664076,PV shading detected,Cleared,BE9,
2025-07-31 03:32:07.286272,Rack structure fault detected,Cleared,BE15,
2025-07-31 04:00:59.012987,PV hot spot detected,Active,BE12,
2025-07-31 04:59:15.711854,PV solder bond failure detected,Cleared,BE11,
2025-07-31 05:02:35.457758,PV soiling detected,Cleared,BE8,
2025-07-31 05:09:33.595533,PV solder bond failure detected,Cleared,BE11,
2025-07-31 05:30:19.346628,PV shading detected,Cleared,BE9,
2025-07-31 05:47:45.066540,Cable aging fault detected,Cleared,BE18,
2025-07-31 05:55:22.445593,Grounding system fault detected,Cleared,BE6,
2025-07-31 06:36:43.275074,Grounding system fault detected,Cleared,BE6,
2025-07-31 06:59:23.702524,PV cell breakage detected,Cleared,BE10,
2025-07-31 07:26:43.152864,PV cell breakage detected,Active,BE10,
2025-07-31 07:50:43.534960,Rack structure fault detected,Cleared,BE15,
2025-07-31 08:04:52.777841,PV cell breakage detected,Active,BE10,
2025-07-31 08:06:23.410634,PV solder bond failure detected,Cleared,BE11,
2025-07-31 08:16:55.840024,Grounding system fault detected,Cleared,BE6,
2025-07-31 10:33:52.923421,PV interconnect fault detected,Active,BE5,
2025-07-31 11:09:39.528092,PV solder bond failure detected,Active,BE11,
2025-07-31 12:14:27.602296,PV cell breakage detected,Active,BE10,
2025-07-31 12:57:11.025976,Encapsulant fault detected,Cleared,BE16,
2025-07-31 14:02:15.455387,PV cell breakage detected,Cleared,BE10,
2025-07-31 14:17:52.445255,PV soiling detected,Active,BE8,
2025-07-31 14:36:58.296109,Grounding system fault detected,Active,BE6,
2025-07-31 15:05:35.529187,Encapsulant fault detected,Active,BE16,
2025-07-31 15:06:04.839424,PV interconnect fault detected,Cleared,BE5,
2025-07-31 15:34:31.466237,PV interconnect fault detected,Cleared,BE5,
2025-07-31 16:02:31.474122,PV cell breakage detected,Cleared,BE10,
2025-07-31 17:29:42.400216,PV solder bond failure detected,Active,BE11,
2025-07-31 18:17:43.580262,PV solder bond failure detected,Cleared,BE11,
2025-07-31 18:36:10.106815,Grounding system fault detected,Cleared,BE6,
2025-07-31 21:30:31.303168,Grounding system fault detected,Cleared,BE6,
2025-07-31 21:46:59.926704,PV shading detected,Active,BE9,
2025-07-31 21:51:12.180253,PV hot spot detected,Cleared,BE12,
2025-07-31 21:59:57.597596,PV solder bond failure detected,Active,BE11,
2025-07-31 22:15:00.740032,PV interconnect fault detected,Active,BE5,
2025-07-31 22:17:52.445255,PV soiling detected,Cleared,BE8,
2025-07-31 22:57:37.819510,PV solder bond failure detected,Active,BE11,
2025-07-31 23:15:30.332814,PV interconnect fault detected,Active,BE5,
2025-07-31 23:52:34.521074,PV solder bond failure detected,Cleared,BE11,
2025-08-01 00:38:39.722054,PV cell breakage detected,Cleared,BE10,
2025-08-01 00:59:51.169435,PV solder bond failure detected,Active,BE11,
2025-08-01 01:49:45.747040,PV hot spot detected,Cleared,BE12,
2025-08-01 01:54:42.280707,PV solder bond failure detected,Cleared,BE11,
2025-08-01 04:00:59.012987,PV hot spot detected,Cleared,BE12,
2025-08-01 04:07:15.930259,PV shading detected,Active,BE9,
2025-08-01 04:39:01.355634,PV solder bond failure detected,Active,BE11,
2025-08-01 05:46:59.926704,PV shading detected,Cleared,BE9,
2025-08-01 06:07:57.483443,PV shading detected,Active,BE9,
2025-08-01 06:16:36.524452,PV shading detected,Active,BE9,
2025-08-01 07:20:36.404449,Rack structure fault detected,Cleared,BE15,
2025-08-01 09:53:46.351356,PV solder bond failure detected,Cleared,BE11,
2025-08-01 10:33:52.923421,PV interconnect fault detected,Cleared,BE5,
2025-08-01 10:48:02.214646,PV solder bond failure detected,Active,BE11,
2025-08-01 10:58:46.677196,PV cell breakage detected,Active,BE10,
2025-08-01 12:07:15.930259,PV shading detected,Cleared,BE9,
2025-08-01 12:49:32.506543,PV cell breakage detected,Cleared,BE10,
2025-08-01 14:07:57.483443,PV shading detected,Cleared,BE9,
2025-08-01 14:16:36.524452,PV shading detected,Cleared,BE9,
2025-08-01 14:28:57.700750,Grounding system fault detected,Active,BE6,
2025-08-01 14:36:58.296109,Grounding system fault detected,Cleared,BE6,
2025-08-01 15:31:52.262558,PV solder bond failure detected,Cleared,BE11,
2025-08-01 15:35:59.383431,PV shading detected,Active,BE9,
2025-08-01 15:38:56.179495,PV solder bond failure detected,Active,BE11,
2025-08-01 16:16:36.560203,Cable aging fault detected,Active,BE18,
2025-08-01 17:14:07.875840,Encapsulant fault detected,Active,BE16,
2025-08-01 17:56:05.982055,PV solder bond failure detected,Active,BE11,
2025-08-01 17:58:42.991012,PV solder bond failure detected,Active,BE11,
2025-08-01 18:51:19.492989,PV cell breakage detected,Active,BE10,
2025-08-01 20:16:36.560203,Cable aging fault detected,Cleared,BE18,
2025-08-01 22:15:00.740032,PV interconnect fault detected,Cleared,BE5,
2025-08-01 22:35:22.544293,PV solder bond failure detected,Active,BE11,
2025-08-01 23:15:30.332814,PV interconnect fault detected,Cleared,BE5,
2025-08-01 23:35:59.383431,PV shading detected,Cleared,BE9,
2025-08-01 23:42:16.064665,PV interconnect fault detected,Active,BE5,
2025-08-02 00:07:00.956304,PV shading detected,Active,BE9,
2025-08-02 00:39:21.871608,MCB 2 fault detected,Active,BE4,
2025-08-02 00:50:07.877991,PV cell breakage detected,Cleared,BE10,
2025-08-02 00:51:05.483511,PV solder bond failure detected,Active,BE11,
2025-08-02 01:47:14.406863,PV cell breakage detected,Active,BE10,
2025-08-02 02:13:45.971945,PV solder bond failure detected,Cleared,BE11,
2025-08-02 02:23:29.035976,Encapsulant fault detected,Cleared,BE16,
2025-08-02 04:35:44.803409,PV cell breakage detected,Active,BE10,
2025-08-02 07:26:43.152864,PV cell breakage detected,Cleared,BE10,
2025-08-02 07:43:27.891299,Encapsulant fault detected,Active,BE16,
2025-08-02 08:04:52.777841,PV cell breakage detected,Cleared,BE10,
2025-08-02 08:07:00.956304,PV shading detected,Cleared,BE9,
2025-08-02 08:43:03.146304,PV cell breakage detected,Active,BE10,
2025-08-02 09:46:20.980227,PV solder bond failure detected,Active,BE11,
2025-08-02 09:56:07.769042,PV solder bond failure detected,Active,BE11,
2025-08-02 10:39:21.871608,MCB 2 fault detected,Cleared,BE4,
2025-08-02 11:09:39.528092,PV solder bond failure detected,Cleared,BE11,
2025-08-02 12:14:27.602296,PV cell breakage detected,Cleared,BE10,
2025-08-02 12:29:04.993073,MCB 2 fault detected,Active,BE4,
2025-08-02 14:28:57.700750,Grounding system fault detected,Cleared,BE6,
2025-08-02 14:33:22.495407,PV shading detected,Active,BE9,
2025-08-02 15:05:35.529187,Encapsulant fault detected,Cleared,BE16,
2025-08-02 15:50:49.698808,PV solder bond failure detected,Active,BE11,
2025-08-02 17:29:42.400216,PV solder bond failure detected,Cleared,BE11,
2025-08-02 21:50:20.594371,Encapsulant fault detected,Active,BE16,
2025-08-02 21:59:57.597596,PV solder bond failure detected,Cleared,BE11,
2025-08-02 22:29:04.993073,MCB 2 fault detected,Cleared,BE4,
2025-08-02 22:33:22.495407,PV shading detected,Cleared,BE9,
2025-08-02 22:57:37.819510,PV solder bond failure detected,Cleared,BE11,
2025-08-02 23:19:46.427330,MCB 1 fault detected,Active,BE3,
2025-08-02 23:23:17.957664,Grounding system fault detected,Active,BE6,
2025-08-02 23:42:16.064665,PV interconnect fault detected,Cleared,BE5,
2025-08-02 23:58:38.032516,Encapsulant fault detected,Active,BE16,
2025-08-03 00:59:51.169435,PV solder bond failure detected,Cleared,BE11,
2025-08-03 01:20:10.747847,PV soiling detected,Active,BE8,
2025-08-03 02:20:33.764254,Encapsulant fault detected,Active,BE16,
2025-08-03 03:56:45.976997,Grounding system fault detected,Active,BE6,
2025-08-03 04:39:01.355634,PV solder bond failure detected,Cleared,BE11,
2025-08-03 04:57:38.009588,PV cell breakage detected,Active,BE10,
2025-08-03 05:41:20.470894,PV interconnect fault detected,Active,BE5,
2025-08-03 06:26:02.293343,PV interconnect fault detected,Active,BE5,
2025-08-03 07:41:12.999170,Grounding system fault detected,Active,BE6,
2025-08-03 09:09:26.758719,PV soiling detected,Active,BE8,
2025-08-03 09:19:46.427330,MCB 1 fault detected,Cleared,BE3,
2025-08-03 09:20:10.747847,PV soiling detected,Cleared,BE8,
2025-08-03 09:56:27.606154,Grounding system fault detected,Active,BE6,
2025-08-03 10:15:57.052625,PV interconnect fault detected,Active,BE5,
2025-08-03 10:48:02.214646,PV solder bond failure detected,Cleared,BE11,
2025-08-03 10:56:04.141672,PV solder bond failure detected,Active,BE11,
2025-08-03 10:58:46.677196,PV cell breakage detected,Cleared,BE10,
2025-08-03 12:00:56.185529,Rack structure fault detected,Active,BE15,
2025-08-03 12:13:24.101271,PV solder bond failure detected,Active,BE11,
2025-08-03 14:48:29.182897,PV cell breakage detected,Active,BE10,
2025-08-03 15:16:26.343339,Rack structure fault detected,Active,BE15,
2025-08-03 15:34:16.760117,Encapsulant fault detected,Active,BE16,
2025-08-03 15:38:56.179495,PV solder bond failure detected,Cleared,BE11,
2025-08-03 15:39:56.188369,PV shading detected,Active,BE9,
2025-08-03 16:30:49.853390,PV solder bond failure detected,Active,BE11,
2025-08-03 16:36:20.875649,PV shading detected,Active,BE9,
2025-08-03 17:09:26.758719,PV soiling detected,Cleared,BE8,
2025-08-03 17:09:30.958354,PV solder bond failure detected,Active,BE11,
2025-08-03 17:14:07.875840,Encapsulant fault detected,Cleared,BE16,
2025-08-03 17:56:05.982055,PV solder bond failure detected,Cleared,BE11,
2025-08-03 17:58:42.991012,PV solder bond failure detected,Cleared,BE11,
2025-08-03 18:51:19.492989,PV cell breakage detected,Cleared,BE10,
2025-08-03 19:30:02.002978,Rack structure fault detected,Active,BE15,
2025-08-03 21:03:54.808467,Encapsulant fault detected,Active,BE16,
2025-08-03 21:26:17.629385,Encapsulant fault detected,Active,BE16,
2025-08-03 22:35:22.544293,PV solder bond failure detected,Cleared,BE11,
2025-08-03 23:23:17.957664,Grounding system fault detected,Cleared,BE6,
2025-08-03 23:39:56.188369,PV shading detected,Cleared,BE9,
2025-08-03 23:46:00.720478,PV solder bond failure detected,Active,BE11,
2025-08-04 00:36:20.875649,PV shading detected,Cleared,BE9,
2025-08-04 00:51:05.483511,PV solder bond failure detected,Cleared,BE11,
2025-08-04 01:47:14.406863,PV cell breakage detected,Cleared,BE10,
2025-08-04 03:56:45.976997,Grounding system fault detected,Cleared,BE6,
2025-08-04 04:35:44.803409,PV cell breakage detected,Cleared,BE10,
2025-08-04 04:41:38.550207,PV cell breakage detected,Active,BE10,
2025-08-04 05:08:41.067928,PV solder bond failure detected,Active,BE11,
2025-08-04 05:39:44.081699,PV interconnect fault detected,Active,BE5,
2025-08-04 05:41:20.470894,PV interconnect fault detected,Cleared,BE5,
2025-08-04 06:26:02.293343,PV interconnect fault detected,Cleared,BE5,
2025-08-04 06:35:22.765602,Grounding system fault detected,Active,BE6,
2025-08-04 07:32:51.883121,PV shading detected,Active,BE9,
2025-08-04 07:41:12.999170,Grounding system fault detected,Cleared,BE6,
2025-08-04 07:43:27.891299,Encapsulant fault detected,Cleared,BE16,
2025-08-04 08:39:47.099442,PV solder bond failure detected,Active,BE11,
2025-08-04 08:43:03.146304,PV cell breakage detected,Cleared,BE10,
2025-08-04 09:46:20.980227,PV solder bond failure detected,Cleared,BE11,
2025-08-04 09:54:21.787427,PV shading detected,Active,BE9,
2025-08-04 09:56:07.769042,PV solder bond failure detected,Cleared,BE11,
2025-08-04 09:56:27.606154,Grounding system fault detected,Cleared,BE6,
2025-08-04 10:07:37.015921,PV cell breakage detected,Active,BE10,
2025-08-04 10:15:57.052625,PV interconnect fault detected,Cleared,BE5,
2025-08-04 10:24:53.675804,Rack structure fault detected,Active,BE15,
2025-08-04 13:37:05.912715,PV solder bond failure detected,Active,BE11,
2025-08-04 15:32:51.883121,PV shading detected,Cleared,BE9,
2025-08-04 15:50:49.698808,PV solder bond failure detected,Cleared,BE11,
2025-08-04 17:54:21.787427,PV shading detected,Cleared,BE9,
2025-08-04 19:03:00.014723,PV cell breakage detected,Active,BE10,
2025-08-04 19:56:59.152535,Encapsulant fault detected,Active,BE16,
2025-08-04 20:31:45.005206,Encapsulant fault detected,Active,BE16,
2025-08-04 21:36:38.894827,PV cell breakage detected,Active,BE10,
2025-08-04 21:50:20.594371,Encapsulant fault detected,Cleared,BE16,
2025-08-04 21:58:00.134474,PV interconnect fault detected,Active,BE5,
2025-08-04 23:58:38.032516,Encapsulant fault detected,Cleared,BE16,
2025-08-05 00:22:40.118817,PV interconnect fault detected,Active,BE5,
2025-08-05 02:20:33.764254,Encapsulant fault detected,Cleared,BE16,
2025-08-05 03:09:15.822271,PV interconnect fault detected,Active,BE5,
2025-08-05 04:52:35.697194,PV solder bond failure detected,Active,BE11,
2025-08-05 04:57:38.009588,PV cell breakage detected,Cleared,BE10,
2025-08-05 05:39:44.081699,PV interconnect fault detected,Cleared,BE5,
2025-08-05 06:20:46.078149,PV solder bond failure detected,Active,BE11,
2025-08-05 06:29:58.618495,PV solder bond failure detected,Active,BE11,
2025-08-05 06:35:22.765602,Grounding system fault detected,Cleared,BE6,
2025-08-05 07:11:48.448584,PV soiling detected,Active,BE8,
2025-08-05 07:36:21.169321,Grounding system fault detected,Active,BE6,
2025-08-05 08:06:04.435942,PV shading detected,Active,BE9,
2025-08-05 08:15:39.224184,Grounding system fault detected,Active,BE6,
2025-08-05 08:34:24.686846,PV cell breakage detected,Active,BE10,
2025-08-05 08:37:28.805677,PV interconnect fault detected,Active,BE5,
2025-08-05 10:56:04.141672,PV solder bond failure detected,Cleared,BE11,
2025-08-05 12:00:56.185529,Rack structure fault detected,Cleared,BE15,
2025-08-05 12:13:24.101271,PV solder bond failure detected,Cleared,BE11,
2025-08-05 12:23:54.605452,Encapsulant fault detected,Active,BE16,
2025-08-05 13:34:38.233221,PV cell breakage detected,Active,BE10,
2025-08-05 14:48:29.182897,PV cell breakage detected,Cleared,BE10,
2025-08-05 15:11:48.448584,PV soiling detected,Cleared,BE8,
2025-08-05 15:16:26.343339,Rack structure fault detected,Cleared,BE15,
2025-08-05 15:34:16.760117,Encapsulant fault detected,Cleared,BE16,
2025-08-05 16:06:04.435942,PV shading detected,Cleared,BE9,
2025-08-05 16:27:27.212684,PV interconnect fault detected,Active,BE5,
2025-08-05 16:30:49.853390,PV solder bond failure detected,Cleared,BE11,
2025-08-05 17:09:30.958354,PV solder bond failure detected,Cleared,BE11,
2025-08-05 18:49:05.927495,PV cell breakage detected,Active,BE10,
2025-08-05 19:30:02.002978,Rack structure fault detected,Cleared,BE15,
2025-08-05 19:48:07.483302,PV solder bond failure detected,Active,BE11,
2025-08-05 21:03:54.808467,Encapsulant fault detected,Cleared,BE16,
2025-08-05 21:26:17.629385,Encapsulant fault detected,Cleared,BE16,
2025-08-05 21:58:00.134474,PV interconnect fault detected,Cleared,BE5,
2025-08-05 23:46:00.720478,PV solder bond failure detected,Cleared,BE11,
2025-08-06 00:22:40.118817,PV interconnect fault detected,Cleared,BE5,
2025-08-06 01:35:23.903905,PV solder bond failure detected,Active,BE11,
2025-08-06 01:59:27.934005,Encapsulant fault detected,Active,BE16,
2025-08-06 03:09:15.822271,PV interconnect fault detected,Cleared,BE5,
2025-08-06 03:31:42.994721,PV shading detected,Active,BE9,
2025-08-06 03:50:26.014133,PV interconnect fault detected,Active,BE5,
2025-08-06 04:12:59.075583,PV cell breakage detected,Active,BE10,
2025-08-06 04:41:38.550207,PV cell breakage detected,Cleared,BE10,
2025-08-06 05:08:41.067928,PV solder bond failure detected,Cleared,BE11,
2025-08-06 07:28:44.022903,PV hot spot detected,Active,BE12,
2025-08-06 07:36:21.169321,Grounding system fault detected,Cleared,BE6,
2025-08-06 08:15:39.224184,Grounding system fault detected,Cleared,BE6,
2025-08-06 08:34:41.735559,Rack structure fault detected,Active,BE15,
2025-08-06 08:37:28.805677,PV interconnect fault detected,Cleared,BE5,
2025-08-06 08:39:47.099442,PV solder bond failure detected,Cleared,BE11,
2025-08-06 09:16:53.782771,PV interconnect fault detected,Active,BE5,
2025-08-06 10:07:37.015921,PV cell breakage detected,Cleared,BE10,
2025-08-06 10:24:53.675804,Rack structure fault detected,Cleared,BE15,
2025-08-06 11:31:42.994721,PV shading detected,Cleared,BE9,
2025-08-06 12:22:20.733397,PV shading detected,Active,BE9,
2025-08-06 13:37:05.912715,PV solder bond failure detected,Cleared,BE11,
2025-08-06 16:27:27.212684,PV interconnect fault detected,Cleared,BE5,
2025-08-06 16:28:26.983223,PV solder bond failure detected,Active,BE11,
2025-08-06 16:37:14.681036,PV interconnect fault detected,Active,BE5,
2025-08-06 19:03:00.014723,PV cell breakage detected,Cleared,BE10,
2025-08-06 19:56:59.152535,Encapsulant fault detected,Cleared,BE16,
2025-08-06 20:22:20.733397,PV shading detected,Cleared,BE9,
2025-08-06 20:31:45.005206,Encapsulant fault detected,Cleared,BE16,
2025-08-06 21:36:38.894827,PV cell breakage detected,Cleared,BE10,
2025-08-06 21:46:22.989353,PV hot spot detected,Active,BE12,
2025-08-06 22:35:06.028920,PV solder bond failure detected,Active,BE11,
2025-08-07 02:26:55.312896,PV shading detected,Active,BE9,
2025-08-07 03:50:26.014133,PV interconnect fault detected,Cleared,BE5,
2025-08-07 04:52:35.697194,PV solder bond failure detected,Cleared,BE11,
2025-08-07 04:54:33.780243,PV cell breakage detected,Active,BE10,
2025-08-07 05:30:09.454675,PV cell breakage detected,Active,BE10,
2025-08-07 06:16:09.846676,Fuse installation fault detected,Active,BE2,
2025-08-07 06:20:46.078149,PV solder bond failure detected,Cleared,BE11,
2025-08-07 06:29:58.618495,PV solder bond failure detected,Cleared,BE11,
2025-08-07 06:44:13.919058,PV shading detected,Active,BE9,
2025-08-07 07:28:44.022903,PV hot spot detected,Cleared,BE12,
2025-08-07 08:34:24.686846,PV cell breakage detected,Cleared,BE10,
2025-08-07 08:42:31.329348,Diode fault detected,Active,BE13,
2025-08-07 08:53:17.614670,PV interconnect fault detected,Active,BE5,
2025-08-07 09:16:53.782771,PV interconnect fault detected,Cleared,BE5,
2025-08-07 09:19:47.953066,PV interconnect fault detected,Active,BE5,
2025-08-07 09:45:32.564697,PV solder bond failure detected,Active,BE11,
2025-08-07 10:16:09.846676,Fuse installation fault detected,Cleared,BE2,
2025-08-07 10:26:55.312896,PV shading detected,Cleared,BE9,
2025-08-07 12:23:54.605452,Encapsulant fault detected,Cleared,BE16,
2025-08-07 12:46:08.234849,PV interconnect fault detected,Active,BE5,
2025-08-07 13:32:07.492255,PV solder bond failure detected,Active,BE11,
2025-08-07 13:34:38.233221,PV cell breakage detected,Cleared,BE10,
2025-08-07 13:58:36.458063,PV shading detected,Active,BE9,
2025-08-07 14:44:13.919058,PV shading detected,Cleared,BE9,
2025-08-07 16:25:41.236347,Grounding system fault detected,Active,BE6,
2025-08-07 16:37:14.681036,PV interconnect fault detected,Cleared,BE5,
2025-08-07 17:31:02.333254,Grounding system fault detected,Active,BE6,
2025-08-07 18:31:30.662883,Rack structure fault detected,Active,BE15,
2025-08-07 18:49:05.927495,PV cell breakage detected,Cleared,BE10,
2025-08-07 19:48:07.483302,PV solder bond failure detected,Cleared,BE11,
2025-08-07 21:07:17.359561,PV cell breakage detected,Active,BE10,
2025-08-07 21:46:22.989353,PV hot spot detected,Cleared,BE12,
2025-08-07 21:58:36.458063,PV shading detected,Cleared,BE9,
2025-08-07 22:51:15.866669,PV solder bond failure detected,Active,BE11,
2025-08-08 00:13:23.896003,PV cell breakage detected,Active,BE10,
2025-08-08 01:35:23.903905,PV solder bond failure detected,Cleared,BE11,
2025-08-08 01:59:27.934005,Encapsulant fault detected,Cleared,BE16,
2025-08-08 03:32:18.101868,PV interconnect fault detected,Active,BE5,
2025-08-08 04:06:44.975061,Rack structure fault detected,Active,BE15,
2025-08-08 04:12:59.075583,PV cell breakage detected,Cleared,BE10,
2025-08-08 05:29:11.265198,PV cell breakage detected,Active,BE10,
2025-08-08 05:41:06.647899,PV cell breakage detected,Active,BE10,
2025-08-08 08:34:41.735559,Rack structure fault detected,Cleared,BE15,
2025-08-08 08:42:31.329348,Diode fault detected,Cleared,BE13,
2025-08-08 08:53:17.614670,PV interconnect fault detected,Cleared,BE5,
2025-08-08 08:53:50.895889,PV cell breakage detected,Active,BE10,
2025-08-08 09:19:47.953066,PV interconnect fault detected,Cleared,BE5,
2025-08-08 09:25:20.765849,Grounding system fault detected,Active,BE6,
2025-08-08 09:34:01.026943,PV shading detected,Active,BE9,
2025-08-08 12:46:08.234849,PV interconnect fault detected,Cleared,BE5,
2025-08-08 14:49:47.395915,Encapsulant fault detected,Active,BE16,
2025-08-08 15:09:40.894286,PV cell breakage detected,Active,BE10,
2025-08-08 15:16:44.084945,PV solder bond failure detected,Active,BE11,
2025-08-08 15:40:47.588010,PV cell breakage detected,Active,BE10,
2025-08-08 16:25:41.236347,Grounding system fault detected,Cleared,BE6,
2025-08-08 16:28:26.983223,PV solder bond failure detected,Cleared,BE11,
2025-08-08 16:33:13.012696,PV shading detected,Active,BE9,
2025-08-08 17:31:02.333254,Grounding system fault detected,Cleared,BE6,
2025-08-08 17:34:01.026943,PV shading detected,Cleared,BE9,
2025-08-08 20:59:16.270036,PV solder bond failure detected,Active,BE11,
2025-08-08 21:35:09.717995,PV shading detected,Active,BE9,
2025-08-08 21:44:17.303461,PV cell breakage detected,Active,BE10,
2025-08-08 22:19:43.923252,PV solder bond failure detected,Active,BE11,
2025-08-08 22:35:06.028920,PV solder bond failure detected,Cleared,BE11,
2025-08-09 00:26:03.169988,PV solder bond failure detected,Active,BE11,
2025-08-09 00:33:13.012696,PV shading detected,Cleared,BE9,
2025-08-09 01:51:30.575463,Rack structure fault detected,Active,BE15,
2025-08-09 01:55:24.451373,PV solder bond failure detected,Active,BE11,
2025-08-09 02:26:41.816520,Encapsulant fault detected,Active,BE16,
2025-08-09 03:32:18.101868,PV interconnect fault detected,Cleared,BE5,
2025-08-09 03:35:52.179297,Encapsulant fault detected,Active,BE16,
2025-08-09 03:49:47.939711,PV solder bond failure detected,Active,BE11,
2025-08-09 03:51:34.940990,Rack structure fault detected,Active,BE15,
2025-08-09 04:54:33.780243,PV cell breakage detected,Cleared,BE10,
2025-08-09 05:19:54.931571,PV shading detected,Active,BE9,
2025-08-09 05:30:09.454675,PV cell breakage detected,Cleared,BE10,
2025-08-09 05:35:09.717995,PV shading detected,Cleared,BE9,
2025-08-09 06:12:08.176520,PV interconnect fault detected,Active,BE5,
2025-08-09 06:17:25.879593,PV solder bond failure detected,Active,BE11,
2025-08-09 09:25:20.765849,Grounding system fault detected,Cleared,BE6,
2025-08-09 09:45:32.564697,PV solder bond failure detected,Cleared,BE11,
2025-08-09 10:37:09.011045,Grounding system fault detected,Active,BE6,
2025-08-09 11:44:15.389149,PV solder bond failure detected,Active,BE11,
2025-08-09 12:12:26.590377,PV hot spot detected,Active,BE12,
2025-08-09 13:19:54.931571,PV shading detected,Cleared,BE9,
2025-08-09 13:32:07.492255,PV solder bond failure detected,Cleared,BE11,
2025-08-09 14:40:29.415338,PV interconnect fault detected,Active,BE5,
2025-08-09 17:40:21.597523,Encapsulant fault detected,Active,BE16,
2025-08-09 17:42:02.516297,PV solder bond failure detected,Active,BE11,
2025-08-09 18:31:30.662883,Rack structure fault detected,Cleared,BE15,
2025-08-09 19:45:17.984796,PV soiling detected,Active,BE8,
2025-08-09 21:07:17.359561,PV cell breakage detected,Cleared,BE10,
2025-08-09 21:13:30.889327,PV cell breakage detected,Active,BE10,
2025-08-09 21:26:23.100332,PV solder bond failure detected,Active,BE11,
2025-08-09 22:13:26.724534,PV cell breakage detected,Active,BE10,
2025-08-09 22:51:15.866669,PV solder bond failure detected,Cleared,BE11,
2025-08-09 23:39:09.819693,PV interconnect fault detected,Active,BE5,
2025-08-10 00:13:23.896003,PV cell breakage detected,Cleared,BE10,
2025-08-10 00:59:33.706440,PV interconnect fault detected,Active,BE5,
2025-08-10 01:21:04.926832,PV shading detected,Active,BE9,
2025-08-10 03:45:17.984796,PV soiling detected,Cleared,BE8,
2025-08-10 03:51:58.135417,PV solder bond failure detected,Active,BE11,
2025-08-10 04:06:44.975061,Rack structure fault detected,Cleared,BE15,
2025-08-10 04:26:18.268743,PV solder bond failure detected,Active,BE11,
2025-08-10 05:03:22.742386,PV solder bond failure detected,Active,BE11,
2025-08-10 05:29:11.265198,PV cell breakage detected,Cleared,BE10,
2025-08-10 05:41:06.647899,PV cell breakage detected,Cleared,BE10,
2025-08-10 05:59:27.337124,PV shading detected,Active,BE9,
2025-08-10 06:12:08.176520,PV interconnect fault detected,Cleared,BE5,
2025-08-10 06:19:27.169072,PV solder bond failure detected,Active,BE11,
2025-08-10 08:00:13.844571,PV interconnect fault detected,Active,BE5,
2025-08-10 08:09:35.733808,PV shading detected,Active,BE9,
2025-08-10 08:53:50.895889,PV cell breakage detected,Cleared,BE10,
2025-08-10 09:21:04.926832,PV shading detected,Cleared,BE9,
2025-08-10 10:37:09.011045,Grounding system fault detected,Cleared,BE6,
2025-08-10 11:11:27.027334,PV cell breakage detected,Active,BE10,
2025-08-10 11:13:59.657733,PV solder bond failure detected,Active,BE11,
2025-08-10 12:12:26.590377,PV hot spot detected,Cleared,BE12,
2025-08-10 12:51:09.181467,PV solder bond failure detected,Active,BE11,
2025-08-10 13:59:27.337124,PV shading detected,Cleared,BE9,
2025-08-10 14:40:29.415338,PV interconnect fault detected,Cleared,BE5,
2025-08-10 14:49:47.395915,Encapsulant fault detected,Cleared,BE16,
2025-08-10 15:05:32.895178,PV solder bond failure detected,Active,BE11,
2025-08-10 15:09:40.894286,PV cell breakage detected,Cleared,BE10,
2025-08-10 15:16:44.084945,PV solder bond failure detected,Cleared,BE11,
2025-08-10 15:40:47.588010,PV cell breakage detected,Cleared,BE10,
2025-08-10 15:43:52.964049,MCB 1 fault detected,Active,BE3,
2025-08-10 15:55:04.707145,PV cell breakage detected,Active,BE10,
2025-08-10 16:09:35.733808,PV shading detected,Cleared,BE9,
2025-08-10 16:59:40.091339,PV interconnect fault detected,Active,BE5,
2025-08-10 18:31:52.516913,PV solder bond failure detected,Active,BE11,
2025-08-10 20:16:36.806372,PV interconnect fault detected,Active,BE5,
2025-08-10 20:59:16.270036,PV solder bond failure detected,Cleared,BE11,
2025-08-10 21:44:17.303461,PV cell breakage detected,Cleared,BE10,
2025-08-10 22:18:21.148970,PV shading detected,Active,BE9,
2025-08-10 22:19:43.923252,PV solder bond failure detected,Cleared,BE11,
2025-08-10 23:39:09.819693,PV interconnect fault detected,Cleared,BE5,
2025-08-10 23:59:04.662196,PV interconnect fault detected,Active,BE5,
2025-08-11 00:26:03.169988,PV solder bond failure detected,Cleared,BE11,
2025-08-11 00:59:33.706440,PV interconnect fault detected,Cleared,BE5,
2025-08-11 01:20:51.133530,MCB 1 fault detected,Active,BE3,
2025-08-11 01:28:01.139726,PV cell breakage detected,Active,BE10,
2025-08-11 01:43:52.964049,MCB 1 fault detected,Cleared,BE3,
2025-08-11 01:51:30.575463,Rack structure fault detected,Cleared,BE15,
2025-08-11 01:55:24.451373,PV solder bond failure detected,Cleared,BE11,
2025-08-11 01:56:37.772664,Encapsulant fault detected,Active,BE16,
2025-08-11 02:26:41.816520,Encapsulant fault detected,Cleared,BE16,
2025-08-11 03:35:52.179297,Encapsulant fault detected,Cleared,BE16,
2025-08-11 03:49:47.939711,PV solder bond failure detected,Cleared,BE11,
2025-08-11 03:51:34.940990,Rack structure fault detected,Cleared,BE15,
2025-08-11 04:10:13.243182,PV cell breakage detected,Active,BE10,
2025-08-11 04:24:32.537348,Grounding system fault detected,Active,BE6,
2025-08-11 04:36:19.026438,PV soiling detected,Active,BE8,
2025-08-11 05:35:00.618996,PV interconnect fault detected,Active,BE5,
2025-08-11 05:43:43.080253,PV cell breakage detected,Active,BE10,
2025-08-11 05:45:57.475002,PV solder bond failure detected,Active,BE11,
2025-08-11 05:49:23.400305,PV interconnect fault detected,Active,BE5,
2025-08-11 05:51:35.422582,PV solder bond failure detected,Active,BE11,
2025-08-11 06:17:25.879593,PV solder bond failure detected,Cleared,BE11,
2025-08-11 06:18:21.148970,PV shading detected,Cleared,BE9,
2025-08-11 07:17:50.213638,PV cell breakage detected,Active,BE10,
2025-08-11 07:52:09.329543,Rack structure fault detected,Active,BE15,
2025-08-11 07:57:10.386766,PV cell breakage detected,Active,BE10,
2025-08-11 08:00:13.844571,PV interconnect fault detected,Cleared,BE5,
2025-08-11 09:47:40.875925,PV cell breakage detected,Active,BE10,
2025-08-11 10:25:04.879507,PV interconnect fault detected,Active,BE5,
2025-08-11 11:20:51.133530,MCB 1 fault detected,Cleared,BE3,
2025-08-11 11:44:15.389149,PV solder bond failure detected,Cleared,BE11,
2025-08-11 12:36:19.026438,PV soiling detected,Cleared,BE8,
2025-08-11 12:54:28.496111,PV solder bond failure detected,Active,BE11,
2025-08-11 13:13:33.685278,PV interconnect fault detected,Active,BE5,
2025-08-11 16:59:40.091339,PV interconnect fault detected,Cleared,BE5,
2025-08-11 17:40:21.597523,Encapsulant fault detected,Cleared,BE16,
2025-08-11 17:42:02.516297,PV solder bond failure detected,Cleared,BE11,
2025-08-11 17:54:56.631246,PV interconnect fault detected,Active,BE5,
2025-08-11 18:10:33.753331,PV shading detected,Active,BE9,
2025-08-11 19:22:52.942808,PV shading detected,Active,BE9,
2025-08-11 19:25:24.848407,PV interconnect fault detected,Active,BE5,
2025-08-11 19:34:55.585787,PV cell breakage detected,Active,BE10,
2025-08-11 20:16:36.806372,PV interconnect fault detected,Cleared,BE5,
2025-08-11 20:20:26.735779,PV solder bond failure detected,Active,BE11,
2025-08-11 21:13:30.889327,PV cell breakage detected,Cleared,BE10,
2025-08-11 21:26:23.100332,PV solder bond failure detected,Cleared,BE11,
2025-08-11 21:56:25.150484,MCB 2 fault detected,Active,BE4,
2025-08-11 22:13:26.724534,PV cell breakage detected,Cleared,BE10,
2025-08-11 22:29:53.129012,PV shading detected,Active,BE9,
2025-08-11 23:59:04.662196,PV interconnect fault detected,Cleared,BE5,
2025-08-12 00:14:17.069041,PV shading detected,Active,BE9,
2025-08-12 02:10:33.753331,PV shading detected,Cleared,BE9,
2025-08-12 03:22:52.942808,PV shading detected,Cleared,BE9,
2025-08-12 03:51:58.135417,PV solder bond failure detected,Cleared,BE11,
2025-08-12 04:24:32.537348,Grounding system fault detected,Cleared,BE6,
2025-08-12 04:26:18.268743,PV solder bond failure detected,Cleared,BE11,
2025-08-12 05:03:22.742386,PV solder bond failure detected,Cleared,BE11,
2025-08-12 05:05:50.649741,PV shading detected,Active,BE9,
2025-08-12 05:35:00.618996,PV interconnect fault detected,Cleared,BE5,
2025-08-12 05:49:23.400305,PV interconnect fault detected,Cleared,BE5,
2025-08-12 05:57:41.168008,Grounding system fault detected,Active,BE6,
2025-08-12 06:19:27.169072,PV solder bond failure detected,Cleared,BE11,
2025-08-12 06:29:53.129012,PV shading detected,Cleared,BE9,
2025-08-12 07:07:08.763219,PV solder bond failure detected,Active,BE11,
2025-08-12 07:56:25.150484,MCB 2 fault detected,Cleared,BE4,
2025-08-12 08:14:17.069041,PV shading detected,Cleared,BE9,
2025-08-12 10:25:04.879507,PV interconnect fault detected,Cleared,BE5,
2025-08-12 11:11:27.027334,PV cell breakage detected,Cleared,BE10,
2025-08-12 11:13:59.657733,PV solder bond failure detected,Cleared,BE11,
2025-08-12 11:53:53.732156,PV shading detected,Active,BE9,
2025-08-12 12:51:09.181467,PV solder bond failure detected,Cleared,BE11,
2025-08-12 13:05:50.649741,PV shading detected,Cleared,BE9,
2025-08-12 13:13:33.685278,PV interconnect fault detected,Cleared,BE5,
2025-08-12 14:43:30.632856,PV cell breakage detected,Active,BE10,
2025-08-12 15:05:32.895178,PV solder bond failure detected,Cleared,BE11,
2025-08-12 15:55:04.707145,PV cell breakage detected,Cleared,BE10,
2025-08-12 17:54:56.631246,PV interconnect fault detected,Cleared,BE5,
2025-08-12 18:31:52.516913,PV solder bond failure detected,Cleared,BE11,
2025-08-12 19:25:24.848407,PV interconnect fault detected,Cleared,BE5,
2025-08-12 19:53:53.732156,PV shading detected,Cleared,BE9,
2025-08-12 21:34:15.907979,PV interconnect fault detected,Active,BE5,
2025-08-13 01:16:20.310454,PV solder bond failure detected,Active,BE11,
2025-08-13 01:24:32.819975,PV solder bond failure detected,Active,BE11,
2025-08-13 01:28:01.139726,PV cell breakage detected,Cleared,BE10,
2025-08-13 01:56:37.772664,Encapsulant fault detected,Cleared,BE16,
2025-08-13 02:31:55.382351,PV solder bond failure detected,Active,BE11,
2025-08-13 03:35:54.169658,PV shading detected,Active,BE9,
2025-08-13 04:10:13.243182,PV cell breakage detected,Cleared,BE10,
2025-08-13 05:36:16.087692,Rack structure fault detected,Active,BE15,
2025-08-13 05:43:43.080253,PV cell breakage detected,Cleared,BE10,
2025-08-13 05:45:57.475002,PV solder bond failure detected,Cleared,BE11,
2025-08-13 05:48:59.461785,PV cell breakage detected,Active,BE10,
2025-08-13 05:51:35.422582,PV solder bond failure detected,Cleared,BE11,
2025-08-13 05:57:41.168008,Grounding system fault detected,Cleared,BE6,
2025-08-13 07:17:50.213638,PV cell breakage detected,Cleared,BE10,
2025-08-13 07:52:09.329543,Rack structure fault detected,Cleared,BE15,
2025-08-13 07:57:10.386766,PV cell breakage detected,Cleared,BE10,
2025-08-13 08:03:25.841045,Rack structure fault detected,Active,BE15,
2025-08-13 08:12:50.751123,PV interconnect fault detected,Active,BE5,
2025-08-13 08:23:58.971449,PV hot spot detected,Active,BE12,
2025-08-13 08:50:02.836118,MCB 1 fault detected,Active,BE3,
2025-08-13 09:47:40.875925,PV cell breakage detected,Cleared,BE10,
2025-08-13 11:35:54.169658,PV shading detected,Cleared,BE9,
2025-08-13 12:54:28.496111,PV solder bond failure detected,Cleared,BE11,
2025-08-13 12:56:18.738620,Rack structure fault detected,Active,BE15,
2025-08-13 14:23:10.232444,Rack structure fault detected,Active,BE15,
2025-08-13 14:59:03.150485,Grounding system fault detected,Active,BE6,
2025-08-13 15:33:55.792066,PV shading detected,Active,BE9,
2025-08-13 16:10:50.607990,PV cell breakage detected,Active,BE10,
2025-08-13 17:08:44.783455,PV solder bond failure detected,Active,BE11,
2025-08-13 17:13:48.805530,PV cell breakage detected,Active,BE10,
2025-08-13 18:44:07.832069,Rack structure fault detected,Active,BE15,
2025-08-13 18:50:02.836118,MCB 1 fault detected,Cleared,BE3,
2025-08-13 19:34:55.585787,PV cell breakage detected,Cleared,BE10,
2025-08-13 20:17:29.859139,PV cell breakage detected,Active,BE10,
2025-08-13 20:20:26.735779,PV solder bond failure detected,Cleared,BE11,
2025-08-13 21:16:16.211649,PV solder bond failure detected,Active,BE11,
2025-08-13 21:34:15.907979,PV interconnect fault detected,Cleared,BE5,
2025-08-13 21:38:58.111033,PV interconnect fault detected,Active,BE5,
2025-08-13 22:17:29.782634,MCB 2 fault detected,Active,BE4,
2025-08-13 23:26:49.638177,Grounding system fault detected,Active,BE6,
2025-08-13 23:33:55.792066,PV shading detected,Cleared,BE9,
2025-08-13 23:37:01.354986,PV cell breakage detected,Active,BE10,
2025-08-14 00:13:40.383190,MCB 1 fault detected,Active,BE3,
2025-08-14 02:11:47.891394,PV cell breakage detected,Active,BE10,
2025-08-14 02:35:18.862694,PV shading detected,Active,BE9,
2025-08-14 02:51:45.916220,PV solder bond failure detected,Active,BE11,
2025-08-14 07:07:08.763219,PV solder bond failure detected,Cleared,BE11,
2025-08-14 07:31:31.546070,PV shading detected,Active,BE9,
2025-08-14 08:12:50.751123,PV interconnect fault detected,Cleared,BE5,
2025-08-14 08:17:29.782634,MCB 2 fault detected,Cleared,BE4,
2025-08-14 08:23:58.971449,PV hot spot detected,Cleared,BE12,
2025-08-14 08:25:12.259884,PV glass breakage detected,Active,BE7,
2025-08-14 08:41:11.344375,PV cell breakage detected,Active,BE10,
2025-08-14 10:10:40.220661,PV solder bond failure detected,Active,BE11,
2025-08-14 10:13:40.383190,MCB 1 fault detected,Cleared,BE3,
2025-08-14 10:35:18.862694,PV shading detected,Cleared,BE9,
2025-08-14 14:43:30.632856,PV cell breakage detected,Cleared,BE10,
2025-08-14 14:59:03.150485,Grounding system fault detected,Cleared,BE6,
2025-08-14 15:31:31.546070,PV shading detected,Cleared,BE9,
2025-08-14 15:33:52.550640,PV cell breakage detected,Active,BE10,
2025-08-14 16:03:01.048581,PV interconnect fault detected,Active,BE5,
2025-08-14 16:42:35.994311,PV soiling detected,Active,BE8,
2025-08-14 17:49:15.203881,PV solder bond failure detected,Active,BE11,
2025-08-14 17:57:11.993813,Rack structure fault detected,Active,BE15,
2025-08-14 19:31:25.103613,PV cell breakage detected,Active,BE10,
2025-08-14 21:38:58.111033,PV interconnect fault detected,Cleared,BE5,
2025-08-14 23:26:22.556668,PV cell breakage detected,Active,BE10,
2025-08-14 23:26:49.638177,Grounding system fault detected,Cleared,BE6,
2025-08-15 00:05:44.230608,MCB 2 fault detected,Active,BE4,
2025-08-15 00:12:24.300575,PV interconnect fault detected,Active,BE5,
2025-08-15 00:28:24.720827,Rack structure fault detected,Active,BE15,
2025-08-15 00:42:35.994311,PV soiling detected,Cleared,BE8,
2025-08-15 01:16:20.310454,PV solder bond failure detected,Cleared,BE11,
2025-08-15 01:16:53.751405,PV interconnect fault detected,Active,BE5,
2025-08-15 01:24:32.819975,PV solder bond failure detected,Cleared,BE11,
2025-08-15 01:44:35.123527,Rack structure fault detected,Active,BE15,
2025-08-15 02:31:55.382351,PV solder bond failure detected,Cleared,BE11,
2025-08-15 04:27:12.585185,PV shading detected,Active,BE9,
2025-08-15 05:17:57.622515,MCB 2 fault detected,Active,BE4,
2025-08-15 05:36:16.087692,Rack structure fault detected,Cleared,BE15,
2025-08-15 05:48:59.461785,PV cell breakage detected,Cleared,BE10,
2025-08-15 06:59:55.181488,Encapsulant fault detected,Active,BE16,
2025-08-15 07:29:21.204970,Rack structure fault detected,Active,BE15,
2025-08-15 08:03:25.841045,Rack structure fault detected,Cleared,BE15,
2025-08-15 08:25:12.259884,PV glass breakage detected,Cleared,BE7,
2025-08-15 09:51:52.422864,Grounding system fault detected,Active,BE6,
2025-08-15 10:05:44.230608,MCB 2 fault detected,Cleared,BE4,
2025-08-15 10:23:10.703035,PV interconnect fault detected,Active,BE5,
2025-08-15 11:34:07.590601,Grounding system fault detected,Active,BE6,
2025-08-15 11:41:44.351532,PV shading detected,Active,BE9,
2025-08-15 11:52:24.942137,PV solder bond failure detected,Active,BE11,
2025-08-15 12:27:12.585185,PV shading detected,Cleared,BE9,
2025-08-15 12:56:18.738620,Rack structure fault detected,Cleared,BE15,
2025-08-15 14:23:10.232444,Rack structure fault detected,Cleared,BE15,
2025-08-15 15:15:20.552216,PV cell breakage detected,Active,BE10,
2025-08-15 15:17:57.622515,MCB 2 fault detected,Cleared,BE4,
2025-08-15 15:46:09.015606,PV hot spot detected,Active,BE12,
2025-08-15 16:03:01.048581,PV interconnect fault detected,Cleared,BE5,
2025-08-15 16:10:50.607990,PV cell breakage detected,Cleared,BE10,
2025-08-15 16:52:15.465187,Encapsulant fault detected,Active,BE16,
2025-08-15 17:08:44.783455,PV solder bond failure detected,Cleared,BE11,
2025-08-15 17:13:48.805530,PV cell breakage detected,Cleared,BE10,
2025-08-15 18:29:24.157465,PV hot spot detected,Active,BE12,
2025-08-15 18:44:07.832069,Rack structure fault detected,Cleared,BE15,
2025-08-15 19:41:44.351532,PV shading detected,Cleared,BE9,
2025-08-15 20:17:29.859139,PV cell breakage detected,Cleared,BE10,
2025-08-15 20:50:04.450178,PV interconnect fault detected,Active,BE5,
2025-08-15 21:16:16.211649,PV solder bond failure detected,Cleared,BE11,
2025-08-15 23:37:01.354986,PV cell breakage detected,Cleared,BE10,
2025-08-15 23:38:40.848632,Encapsulant fault detected,Active,BE16,
2025-08-16 00:12:24.300575,PV interconnect fault detected,Cleared,BE5,
2025-08-16 01:16:53.751405,PV interconnect fault detected,Cleared,BE5,
2025-08-16 02:11:47.891394,PV cell breakage detected,Cleared,BE10,
2025-08-16 02:51:45.916220,PV solder bond failure detected,Cleared,BE11,
2025-08-16 05:13:20.638840,PV cell breakage detected,Active,BE10,
2025-08-16 08:31:18.195552,PV cell breakage detected,Active,BE10,
2025-08-16 08:41:11.344375,PV cell breakage detected,Cleared,BE10,
2025-08-16 09:51:52.422864,Grounding system fault detected,Cleared,BE6,
2025-08-16 10:10:40.220661,PV solder bond failure detected,Cleared,BE11,
2025-08-16 10:23:10.703035,PV interconnect fault detected,Cleared,BE5,
2025-08-16 11:34:07.590601,Grounding system fault detected,Cleared,BE6,
2025-08-16 13:00:26.435234,PV interconnect fault detected,Active,BE5,
2025-08-16 15:33:52.550640,PV cell breakage detected,Cleared,BE10,
2025-08-16 15:46:09.015606,PV hot spot detected,Cleared,BE12,
2025-08-16 17:49:15.203881,PV solder bond failure detected,Cleared,BE11,
2025-08-16 17:57:11.993813,Rack structure fault detected,Cleared,BE15,
2025-08-16 18:29:24.157465,PV hot spot detected,Cleared,BE12,
2025-08-16 19:31:25.103613,PV cell breakage detected,Cleared,BE10,
2025-08-16 19:41:10.462867,PV interconnect fault detected,Active,BE5,
2025-08-16 20:50:04.450178,PV interconnect fault detected,Cleared,BE5,
2025-08-16 21:17:58.321026,PV interconnect fault detected,Active,BE5,
2025-08-16 23:26:22.556668,PV cell breakage detected,Cleared,BE10,
2025-08-17 00:28:24.720827,Rack structure fault detected,Cleared,BE15,
2025-08-17 01:14:40.966994,PV interconnect fault detected,Active,BE5,
2025-08-17 01:44:35.123527,Rack structure fault detected,Cleared,BE15,
2025-08-17 02:49:38.443808,PV solder bond failure detected,Active,BE11,
2025-08-17 06:30:12.041064,PV cell breakage detected,Active,BE10,
2025-08-17 06:34:37.342546,PV interconnect fault detected,Active,BE5,
2025-08-17 06:59:55.181488,Encapsulant fault detected,Cleared,BE16,
2025-08-17 07:29:21.204970,Rack structure fault detected,Cleared,BE15,
2025-08-17 07:39:10.632211,PV shading detected,Active,BE9,
2025-08-17 09:31:44.348716,Grounding system fault detected,Active,BE6,
2025-08-17 11:23:30.330157,PV solder bond failure detected,Active,BE11,
2025-08-17 11:52:24.942137,PV solder bond failure detected,Cleared,BE11,
2025-08-17 13:00:26.435234,PV interconnect fault detected,Cleared,BE5,
2025-08-17 13:40:07.391145,PV solder bond failure detected,Active,BE11,
2025-08-17 14:08:07.036620,Rack structure fault detected,Active,BE15,
2025-08-17 15:15:20.552216,PV cell breakage detected,Cleared,BE10,
2025-08-17 15:39:10.632211,PV shading detected,Cleared,BE9,
2025-08-17 16:52:15.465187,Encapsulant fault detected,Cleared,BE16,
2025-08-17 17:14:55.673545,Encapsulant fault detected,Active,BE16,
2025-08-17 18:50:57.113254,PV interconnect fault detected,Active,BE5,
2025-08-17 19:04:45.147634,PV shading detected,Active,BE9,
2025-08-17 19:41:10.462867,PV interconnect fault detected,Cleared,BE5,
2025-08-17 20:36:46.969064,PV shading detected,Active,BE9,
2025-08-17 20:58:21.296767,Encapsulant fault detected,Active,BE16,
2025-08-17 21:17:58.321026,PV interconnect fault detected,Cleared,BE5,
2025-08-17 23:38:40.848632,Encapsulant fault detected,Cleared,BE16,
2025-08-18 01:14:40.966994,PV interconnect fault detected,Cleared,BE5,
2025-08-18 01:42:58.186642,Grounding system fault detected,Active,BE6,
2025-08-18 03:04:45.147634,PV shading detected,Cleared,BE9,
2025-08-18 03:45:43.702833,Rack structure fault detected,Active,BE15,
2025-08-18 03:54:48.685373,PV solder bond failure detected,Active,BE11,
2025-08-18 04:15:10.640625,PV solder bond failure detected,Active,BE11,
2025-08-18 04:36:46.969064,PV shading detected,Cleared,BE9,
2025-08-18 04:50:47.824794,PV interconnect fault detected,Active,BE5,
2025-08-18 05:13:20.638840,PV cell breakage detected,Cleared,BE10,
2025-08-18 06:01:12.241425,PV solder bond failure detected,Active,BE11,
2025-08-18 06:34:37.342546,PV interconnect fault detected,Cleared,BE5,
2025-08-18 08:31:18.195552,PV cell breakage detected,Cleared,BE10,
2025-08-18 09:25:34.421340,PV shading detected,Active,BE9,
2025-08-18 09:31:44.348716,Grounding system fault detected,Cleared,BE6,
2025-08-18 09:53:26.180417,PV cell breakage detected,Active,BE10,
2025-08-18 10:03:00.027333,PV interconnect fault detected,Active,BE5,
2025-08-18 11:08:38.020231,Rack structure fault detected,Active,BE15,
2025-08-18 13:26:19.802760,PV cell breakage detected,Active,BE10,
2025-08-18 13:38:33.960222,Rack structure fault detected,Active,BE15,
2025-08-18 13:44:16.662919,Encapsulant fault detected,Active,BE16,
2025-08-18 13:53:39.740759,PV shading detected,Active,BE9,
2025-08-18 17:21:49.037788,PV cell breakage detected,Active,BE10,
2025-08-18 17:25:34.421340,PV shading detected,Cleared,BE9,
2025-08-18 18:50:57.113254,PV interconnect fault detected,Cleared,BE5,
2025-08-18 21:19:52.627032,PV solder bond failure detected,Active,BE11,
2025-08-18 21:53:39.740759,PV shading detected,Cleared,BE9,
2025-08-18 22:52:03.734989,Encapsulant fault detected,Active,BE16,
2025-08-18 23:19:18.047886,PV solder bond failure detected,Active,BE11,
2025-08-18 23:36:13.214615,Encapsulant fault detected,Active,BE16,
2025-08-18 23:40:54.562818,PV cell breakage detected,Active,BE10,
2025-08-19 00:59:53.468456,PV solder bond failure detected,Active,BE11,
2025-08-19 01:42:58.186642,Grounding system fault detected,Cleared,BE6,
2025-08-19 01:59:52.145888,PV solder bond failure detected,Active,BE11,
2025-08-19 02:49:38.443808,PV solder bond failure detected,Cleared,BE11,
2025-08-19 03:04:09.939742,PV shading detected,Active,BE9,
2025-08-19 03:53:22.958586,PV shading detected,Active,BE9,
2025-08-19 04:50:47.824794,PV interconnect fault detected,Cleared,BE5,
2025-08-19 06:04:26.839105,PV shading detected,Active,BE9,
2025-08-19 06:30:12.041064,PV cell breakage detected,Cleared,BE10,
2025-08-19 07:05:17.636616,Encapsulant fault detected,Active,BE16,
2025-08-19 10:03:00.027333,PV interconnect fault detected,Cleared,BE5,
2025-08-19 11:04:09.939742,PV shading detected,Cleared,BE9,
2025-08-19 11:23:30.330157,PV solder bond failure detected,Cleared,BE11,
2025-08-19 11:53:22.958586,PV shading detected,Cleared,BE9,
2025-08-19 12:24:28.623270,Grounding system fault detected,Active,BE6,
2025-08-19 12:29:42.630916,Encapsulant fault detected,Active,BE16,
2025-08-19 13:40:07.391145,PV solder bond failure detected,Cleared,BE11,
2025-08-19 14:04:26.839105,PV shading detected,Cleared,BE9,
2025-08-19 14:08:07.036620,Rack structure fault detected,Cleared,BE15,
2025-08-19 15:10:38.265034,PV solder bond failure detected,Active,BE11,
2025-08-19 17:14:55.673545,Encapsulant fault detected,Cleared,BE16,
2025-08-19 18:46:57.033888,PV soiling detected,Active,BE8,
2025-08-19 19:50:22.053472,PV solder bond failure detected,Active,BE11,
2025-08-19 20:58:21.296767,Encapsulant fault detected,Cleared,BE16,
2025-08-19 21:01:17.904583,MCB 2 fault detected,Active,BE4,
2025-08-20 00:41:41.674270,Grounding system fault detected,Active,BE6,
2025-08-20 01:04:59.974263,PV cell breakage detected,Active,BE10,
2025-08-20 02:46:57.033888,PV soiling detected,Cleared,BE8,
2025-08-20 03:23:44.242851,PV solder bond failure detected,Active,BE11,
2025-08-20 03:45:43.702833,Rack structure fault detected,Cleared,BE15,
2025-08-20 03:54:48.685373,PV solder bond failure detected,Cleared,BE11,
2025-08-20 04:04:31.709373,PV shading detected,Active,BE9,
2025-08-20 04:15:10.640625,PV solder bond failure detected,Cleared,BE11,
2025-08-20 05:13:58.586949,PV solder bond failure detected,Active,BE11,
2025-08-20 06:01:12.241425,PV solder bond failure detected,Cleared,BE11,
2025-08-20 07:00:14.331600,PV shading detected,Active,BE9,
2025-08-20 07:01:17.904583,MCB 2 fault detected,Cleared,BE4,
2025-08-20 08:49:20.692036,Encapsulant fault detected,Active,BE16,
2025-08-20 09:53:26.180417,PV cell breakage detected,Cleared,BE10,
2025-08-20 11:08:38.020231,Rack structure fault detected,Cleared,BE15,
2025-08-20 12:04:31.709373,PV shading detected,Cleared,BE9,
2025-08-20 12:24:28.623270,Grounding system fault detected,Cleared,BE6,
2025-08-20 12:57:02.400616,PV interconnect fault detected,Active,BE5,
2025-08-20 13:26:19.802760,PV cell breakage detected,Cleared,BE10,
2025-08-20 13:38:33.960222,Rack structure fault detected,Cleared,BE15,
2025-08-20 13:44:16.662919,Encapsulant fault detected,Cleared,BE16,
2025-08-20 14:46:31.946362,PV solder bond failure detected,Active,BE11,
2025-08-20 15:00:14.331600,PV shading detected,Cleared,BE9,
2025-08-20 17:21:49.037788,PV cell breakage detected,Cleared,BE10,
2025-08-20 19:49:41.509682,PV cell breakage detected,Active,BE10,
2025-08-20 20:47:55.540076,PV cell breakage detected,Active,BE10,
2025-08-20 21:19:52.627032,PV solder bond failure detected,Cleared,BE11,
2025-08-20 21:44:55.560110,Grounding system fault detected,Active,BE6,
2025-08-20 22:52:03.734989,Encapsulant fault detected,Cleared,BE16,
2025-08-20 23:19:18.047886,PV solder bond failure detected,Cleared,BE11,
2025-08-20 23:36:13.214615,Encapsulant fault detected,Cleared,BE16,
2025-08-20 23:40:54.562818,PV cell breakage detected,Cleared,BE10,
2025-08-20 23:57:12.315870,PV interconnect fault detected,Active,BE5,
2025-08-21 00:22:21.453677,Rack structure fault detected,Active,BE15,
2025-08-21 00:22:22.733556,PV solder bond failure detected,Active,BE11,
2025-08-21 00:41:41.674270,Grounding system fault detected,Cleared,BE6,
2025-08-21 00:59:53.468456,PV solder bond failure detected,Cleared,BE11,
2025-08-21 01:16:19.744568,PV cell breakage detected,Active,BE10,
2025-08-21 01:59:52.145888,PV solder bond failure detected,Cleared,BE11,
2025-08-21 02:53:37.446055,PV solder bond failure detected,Active,BE11,
2025-08-21 03:09:15.487307,PV interconnect fault detected,Active,BE5,
2025-08-21 03:37:13.953004,PV shading detected,Active,BE9,
2025-08-21 04:25:23.274738,PV interconnect fault detected,Active,BE5,
2025-08-21 06:23:02.351018,PV interconnect fault detected,Active,BE5,
2025-08-21 06:26:59.366037,PV solder bond failure detected,Active,BE11,
2025-08-21 07:05:17.636616,Encapsulant fault detected,Cleared,BE16,
2025-08-21 07:20:31.645070,PV shading detected,Active,BE9,
2025-08-21 08:01:56.671237,PV solder bond failure detected,Active,BE11,
2025-08-21 08:30:03.948633,PV cell breakage detected,Active,BE10,
2025-08-21 09:43:15.408439,PV interconnect fault detected,Active,BE5,
2025-08-21 11:37:13.953004,PV shading detected,Cleared,BE9,
2025-08-21 11:47:29.232905,PV interconnect fault detected,Active,BE5,
2025-08-21 12:29:42.630916,Encapsulant fault detected,Cleared,BE16,
2025-08-21 12:57:02.400616,PV interconnect fault detected,Cleared,BE5,
2025-08-21 13:00:06.419911,Grounding system fault detected,Active,BE6,
2025-08-21 14:13:56.115691,PV interconnect fault detected,Active,BE5,
2025-08-21 14:46:26.501082,PV cell breakage detected,Active,BE10,
2025-08-21 15:10:38.265034,PV solder bond failure detected,Cleared,BE11,
2025-08-21 15:20:31.645070,PV shading detected,Cleared,BE9,
2025-08-21 16:42:24.402212,PV cell breakage detected,Active,BE10,
2025-08-21 18:11:57.215615,PV interconnect fault detected,Active,BE5,
2025-08-21 19:02:35.276478,PV shading detected,Active,BE9,
2025-08-21 19:50:22.053472,PV solder bond failure detected,Cleared,BE11,
2025-08-21 20:26:59.446834,PV interconnect fault detected,Active,BE5,
2025-08-21 21:44:55.560110,Grounding system fault detected,Cleared,BE6,
2025-08-21 23:57:12.315870,PV interconnect fault detected,Cleared,BE5,
2025-08-21 23:57:36.332938,Rack structure fault detected,Active,BE15,
2025-08-22 01:04:59.974263,PV cell breakage detected,Cleared,BE10,
2025-08-22 01:59:31.882111,PV hot spot detected,Active,BE12,
2025-08-22 03:02:19.007264,PV hot spot detected,Active,BE12,
2025-08-22 03:02:35.276478,PV shading detected,Cleared,BE9,
2025-08-22 03:09:15.487307,PV interconnect fault detected,Cleared,BE5,
2025-08-22 03:23:44.242851,PV solder bond failure detected,Cleared,BE11,
2025-08-22 04:25:23.274738,PV interconnect fault detected,Cleared,BE5,
2025-08-22 04:29:40.183988,Rack structure fault detected,Active,BE15,
2025-08-22 05:13:58.586949,PV solder bond failure detected,Cleared,BE11,
2025-08-22 05:29:27.569763,Rack structure fault detected,Active,BE15,
2025-08-22 06:17:26.187008,Rack structure fault detected,Active,BE15,
2025-08-22 06:23:02.351018,PV interconnect fault detected,Cleared,BE5,
2025-08-22 08:03:00.171166,Rack structure fault detected,Active,BE15,
2025-08-22 08:30:18.737004,PV shading detected,Active,BE9,
2025-08-22 08:49:20.692036,Encapsulant fault detected,Cleared,BE16,
2025-08-22 09:16:24.713607,PV solder bond failure detected,Active,BE11,
2025-08-22 09:43:15.408439,PV interconnect fault detected,Cleared,BE5,
2025-08-22 10:15:52.547979,PV cell breakage detected,Active,BE10,
2025-08-22 11:47:29.232905,PV interconnect fault detected,Cleared,BE5,
2025-08-22 12:57:35.229228,Encapsulant fault detected,Active,BE16,
2025-08-22 13:00:06.419911,Grounding system fault detected,Cleared,BE6,
2025-08-22 14:13:56.115691,PV interconnect fault detected,Cleared,BE5,
2025-08-22 14:46:31.946362,PV solder bond failure detected,Cleared,BE11,
2025-08-22 15:50:36.138400,Grounding system fault detected,Active,BE6,
2025-08-22 16:14:58.437850,PV solder bond failure detected,Active,BE11,
2025-08-22 16:30:18.737004,PV shading detected,Cleared,BE9,
2025-08-22 16:40:23.474875,PV shading detected,Active,BE9,
2025-08-22 17:34:52.416759,Grounding system fault detected,Active,BE6,
2025-08-22 18:11:57.215615,PV interconnect fault detected,Cleared,BE5,
2025-08-22 18:26:02.970116,Encapsulant fault detected,Active,BE16,
2025-08-22 18:51:05.888448,Grounding system fault detected,Active,BE6,
2025-08-22 19:49:41.509682,PV cell breakage detected,Cleared,BE10,
2025-08-22 19:58:30.156604,Rack structure fault detected,Active,BE15,
2025-08-22 20:23:54.258270,PV cell breakage detected,Active,BE10,
2025-08-22 20:26:59.446834,PV interconnect fault detected,Cleared,BE5,
2025-08-22 20:47:55.540076,PV cell breakage detected,Cleared,BE10,
2025-08-22 20:48:46.270110,PV shading detected,Active,BE9,
2025-08-22 23:17:27.168084,PV interconnect fault detected,Active,BE5,
2025-08-22 23:31:46.621662,PV shading detected,Active,BE9,
2025-08-22 23:54:47.410630,PV shading detected,Active,BE9,
2025-08-23 00:16:46.134577,PV interconnect fault detected,Active,BE5,
2025-08-23 00:22:21.453677,Rack structure fault detected,Cleared,BE15,
2025-08-23 00:22:22.733556,PV solder bond failure detected,Cleared,BE11,
2025-08-23 00:38:38.495941,Grounding system fault detected,Active,BE6,
2025-08-23 00:40:23.474875,PV shading detected,Cleared,BE9,
2025-08-23 01:16:19.744568,PV cell breakage detected,Cleared,BE10,
2025-08-23 01:59:31.882111,PV hot spot detected,Cleared,BE12,
2025-08-23 02:53:37.446055,PV solder bond failure detected,Cleared,BE11,
2025-08-23 03:02:19.007264,PV hot spot detected,Cleared,BE12,
2025-08-23 04:01:49.944753,PV shading detected,Active,BE9,
2025-08-23 04:11:28.319440,Grounding system fault detected,Active,BE6,
2025-08-23 04:48:46.270110,PV shading detected,Cleared,BE9,
2025-08-23 06:26:59.366037,PV solder bond failure detected,Cleared,BE11,
2025-08-23 07:31:46.621662,PV shading detected,Cleared,BE9,
2025-08-23 07:54:47.410630,PV shading detected,Cleared,BE9,
2025-08-23 08:01:56.671237,PV solder bond failure detected,Cleared,BE11,
2025-08-23 08:30:03.948633,PV cell breakage detected,Cleared,BE10,
2025-08-23 09:04:00.702667,PV interconnect fault detected,Active,BE5,
2025-08-23 10:35:03.488714,PV solder bond failure detected,Active,BE11,
2025-08-23 12:01:49.944753,PV shading detected,Cleared,BE9,
2025-08-23 12:40:34.305476,PV glass breakage detected,Active,BE7,
2025-08-23 12:43:03.465972,PV cell breakage detected,Active,BE10,
2025-08-23 13:00:55.898981,PV solder bond failure detected,Active,BE11,
2025-08-23 14:46:26.501082,PV cell breakage detected,Cleared,BE10,
2025-08-23 15:18:41.790177,PV interconnect fault detected,Active,BE5,
2025-08-23 15:50:36.138400,Grounding system fault detected,Cleared,BE6,
2025-08-23 16:03:48.570730,PV shading detected,Active,BE9,
2025-08-23 16:42:24.402212,PV cell breakage detected,Cleared,BE10,
2025-08-23 17:34:52.416759,Grounding system fault detected,Cleared,BE6,
2025-08-23 18:51:05.888448,Grounding system fault detected,Cleared,BE6,
2025-08-23 23:15:21.640690,PV solder bond failure detected,Active,BE11,
2025-08-23 23:17:27.168084,PV interconnect fault detected,Cleared,BE5,
2025-08-23 23:42:20.439227,Encapsulant fault detected,Active,BE16,
2025-08-23 23:57:36.332938,Rack structure fault detected,Cleared,BE15,
2025-08-24 00:03:48.570730,PV shading detected,Cleared,BE9,
2025-08-24 00:16:46.134577,PV interconnect fault detected,Cleared,BE5,
2025-08-24 00:38:38.495941,Grounding system fault detected,Cleared,BE6,
2025-08-24 00:42:17.356027,Encapsulant fault detected,Active,BE16,
2025-08-24 04:11:28.319440,Grounding system fault detected,Cleared,BE6,
2025-08-24 04:29:40.183988,Rack structure fault detected,Cleared,BE15,
2025-08-24 05:29:27.569763,Rack structure fault detected,Cleared,BE15,
2025-08-24 06:16:19.609689,PV cell breakage detected,Active,BE10,
2025-08-24 06:17:26.187008,Rack structure fault detected,Cleared,BE15,
2025-08-24 08:03:00.171166,Rack structure fault detected,Cleared,BE15,
2025-08-24 08:12:46.889709,Rack structure fault detected,Active,BE15,
2025-08-24 08:47:38.690436,MCB 1 fault detected,Active,BE3,
2025-08-24 09:01:10.187671,PV solder bond failure detected,Active,BE11,
2025-08-24 09:04:00.702667,PV interconnect fault detected,Cleared,BE5,
2025-08-24 09:16:24.713607,PV solder bond failure detected,Cleared,BE11,
2025-08-24 10:15:52.547979,PV cell breakage detected,Cleared,BE10,
2025-08-24 12:40:34.305476,PV glass breakage detected,Cleared,BE7,
2025-08-24 12:57:35.229228,Encapsulant fault detected,Cleared,BE16,
2025-08-24 14:15:23.820156,Encapsulant fault detected,Active,BE16,
2025-08-24 15:18:41.790177,PV interconnect fault detected,Cleared,BE5,
2025-08-24 15:32:24.599156,Encapsulant fault detected,Active,BE16,
2025-08-24 16:14:58.437850,PV solder bond failure detected,Cleared,BE11,
2025-08-24 16:55:53.961616,PV solder bond failure detected,Active,BE11,
2025-08-24 17:37:55.786274,Rack structure fault detected,Active,BE15,
2025-08-24 18:26:02.970116,Encapsulant fault detected,Cleared,BE16,
2025-08-24 18:38:47.246512,PV cell breakage detected,Active,BE10,
2025-08-24 18:47:38.690436,MCB 1 fault detected,Cleared,BE3,
2025-08-24 19:58:30.156604,Rack structure fault detected,Cleared,BE15,
2025-08-24 20:23:54.258270,PV cell breakage detected,Cleared,BE10,
2025-08-24 22:06:37.054240,Grounding system fault detected,Active,BE6,
2025-08-24 23:43:02.866244,PV shading detected,Active,BE9,
2025-08-24 23:50:02.362656,PV cell breakage detected,Active,BE10,
2025-08-25 03:09:37.359739,Grounding system fault detected,Active,BE6,
2025-08-25 07:43:02.866244,PV shading detected,Cleared,BE9,
2025-08-25 08:17:29.369418,PV cell breakage detected,Active,BE10,
2025-08-25 09:51:32.764581,PV cell breakage detected,Active,BE10,
2025-08-25 10:35:03.488714,PV solder bond failure detected,Cleared,BE11,
2025-08-25 12:43:03.465972,PV cell breakage detected,Cleared,BE10,
2025-08-25 13:00:55.898981,PV solder bond failure detected,Cleared,BE11,
2025-08-25 15:02:58.903624,PV interconnect fault detected,Active,BE5,
2025-08-25 15:36:01.200970,PV solder bond failure detected,Active,BE11,
2025-08-25 16:27:15.386420,PV interconnect fault detected,Active,BE5,
2025-08-25 18:30:11.185003,MCB 2 fault detected,Active,BE4,
2025-08-25 18:57:49.542970,PV solder bond failure detected,Active,BE11,
2025-08-25 19:01:31.207924,Rack structure fault detected,Active,BE15,
2025-08-25 19:54:06.799775,PV cell breakage detected,Active,BE10,
2025-08-25 19:54:21.021802,PV solder bond failure detected,Active,BE11,
2025-08-25 20:35:38.311404,MCB 2 fault detected,Active,BE4,
2025-08-25 21:40:24.795127,PV cell breakage detected,Active,BE10,
2025-08-25 22:06:37.054240,Grounding system fault detected,Cleared,BE6,
2025-08-25 22:27:00.832962,PV interconnect fault detected,Active,BE5,
2025-08-25 23:00:27.245312,PV shading detected,Active,BE9,
2025-08-25 23:15:21.640690,PV solder bond failure detected,Cleared,BE11,
2025-08-25 23:42:20.439227,Encapsulant fault detected,Cleared,BE16,
2025-08-26 00:42:17.356027,Encapsulant fault detected,Cleared,BE16,
2025-08-26 03:07:26.069943,Rack structure fault detected,Active,BE15,
2025-08-26 03:09:37.359739,Grounding system fault detected,Cleared,BE6,
2025-08-26 03:23:47.235549,PV solder bond failure detected,Active,BE11,
2025-08-26 04:30:11.185003,MCB 2 fault detected,Cleared,BE4,
2025-08-26 06:16:19.609689,PV cell breakage detected,Cleared,BE10,
2025-08-26 06:35:38.311404,MCB 2 fault detected,Cleared,BE4,
2025-08-26 07:00:27.245312,PV shading detected,Cleared,BE9,
2025-08-26 08:12:46.889709,Rack structure fault detected,Cleared,BE15,
2025-08-26 08:17:32.773902,PV cell breakage detected,Active,BE10,
2025-08-26 09:01:10.187671,PV solder bond failure detected,Cleared,BE11,
2025-08-26 10:37:54.611677,PV cell breakage detected,Active,BE10,
2025-08-26 11:45:12.249708,PV cell breakage detected,Active,BE10,
2025-08-26 12:11:04.149026,PV solder bond failure detected,Active,BE11,
2025-08-26 13:22:25.357764,PV cell breakage detected,Active,BE10,
2025-08-26 13:23:29.741977,PV cell breakage detected,Active,BE10,
2025-08-26 14:15:23.820156,Encapsulant fault detected,Cleared,BE16,
2025-08-26 15:02:58.903624,PV interconnect fault detected,Cleared,BE5,
2025-08-26 15:14:05.685106,Encapsulant fault detected,Active,BE16,
2025-08-26 15:30:56.332688,PV shading detected,Active,BE9,
2025-08-26 15:32:24.599156,Encapsulant fault detected,Cleared,BE16,
2025-08-26 16:27:15.386420,PV interconnect fault detected,Cleared,BE5,
2025-08-26 16:55:53.961616,PV solder bond failure detected,Cleared,BE11,
2025-08-26 17:37:55.786274,Rack structure fault detected,Cleared,BE15,
2025-08-26 17:56:23.120953,PV solder bond failure detected,Active,BE11,
2025-08-26 18:38:47.246512,PV cell breakage detected,Cleared,BE10,
2025-08-26 18:57:19.174080,Short/open circuit fault detected,Active,BE14,
2025-08-26 19:29:52.594973,PV solder bond failure detected,Active,BE11,
2025-08-26 20:02:15.053680,Rack structure fault detected,Active,BE15,
2025-08-26 21:04:39.965577,Fuse aging fault detected,Active,BE1,
2025-08-26 22:27:00.832962,PV interconnect fault detected,Cleared,BE5,
2025-08-26 23:30:56.332688,PV shading detected,Cleared,BE9,
2025-08-26 23:50:02.362656,PV cell breakage detected,Cleared,BE10,
2025-08-27 00:13:10.284577,PV solder bond failure detected,Active,BE11,
2025-08-27 00:46:04.969624,PV cell breakage detected,Active,BE10,
2025-08-27 01:04:39.965577,Fuse aging fault detected,Cleared,BE1,
2025-08-27 02:44:10.621714,PV solder bond failure detected,Active,BE11,
2025-08-27 06:29:12.052010,PV solder bond failure detected,Active,BE11,
2025-08-27 06:57:19.174080,Short/open circuit fault detected,Cleared,BE14,
2025-08-27 08:17:29.369418,PV cell breakage detected,Cleared,BE10,
2025-08-27 09:09:59.660373,PV shading detected,Active,BE9,
2025-08-27 09:51:32.764581,PV cell breakage detected,Cleared,BE10,
2025-08-27 12:35:27.813889,PV cell breakage detected,Active,BE10,
2025-08-27 13:27:19.558323,PV solder bond failure detected,Active,BE11,
2025-08-27 14:05:37.204312,Rack structure fault detected,Active,BE15,
2025-08-27 15:36:01.200970,PV solder bond failure detected,Cleared,BE11,
2025-08-27 15:41:31.456968,PV interconnect fault detected,Active,BE5,
2025-08-27 16:42:55.059465,Rack structure fault detected,Active,BE15,
2025-08-27 16:44:33.252928,Encapsulant fault detected,Active,BE16,
2025-08-27 17:09:59.660373,PV shading detected,Cleared,BE9,
2025-08-27 18:57:49.542970,PV solder bond failure detected,Cleared,BE11,
2025-08-27 19:01:31.207924,Rack structure fault detected,Cleared,BE15,
2025-08-27 19:04:46.453429,PV cell breakage detected,Active,BE10,
2025-08-27 19:54:06.799775,PV cell breakage detected,Cleared,BE10,
2025-08-27 19:54:21.021802,PV solder bond failure detected,Cleared,BE11,
2025-08-27 20:39:28.224842,PV cell breakage detected,Active,BE10,
2025-08-27 21:26:25.345968,PV cell breakage detected,Active,BE10,
2025-08-27 21:35:37.011079,PV shading detected,Active,BE9,
2025-08-27 21:36:48.946437,PV cell breakage detected,Active,BE10,
2025-08-27 21:40:24.795127,PV cell breakage detected,Cleared,BE10,
2025-08-27 22:39:02.471440,PV solder bond failure detected,Active,BE11,
2025-08-27 22:51:47.849699,Rack structure fault detected,Active,BE15,
2025-08-27 23:14:19.994993,PV cell breakage detected,Active,BE10,
2025-08-28 00:25:40.113388,PV solder bond failure detected,Active,BE11,
2025-08-28 01:01:10.807987,PV shading detected,Active,BE9,
2025-08-28 01:07:12.027170,PV hot spot detected,Active,BE12,
2025-08-28 03:07:26.069943,Rack structure fault detected,Cleared,BE15,
2025-08-28 03:23:47.235549,PV solder bond failure detected,Cleared,BE11,
2025-08-28 03:55:22.944938,PV solder bond failure detected,Active,BE11,
2025-08-28 04:18:02.025714,PV soiling detected,Active,BE8,
2025-08-28 05:35:37.011079,PV shading detected,Cleared,BE9,
2025-08-28 06:01:54.245110,PV solder bond failure detected,Active,BE11,
2025-08-28 07:09:44.913085,Grounding system fault detected,Active,BE6,
2025-08-28 07:31:15.134871,PV solder bond failure detected,Active,BE11,
2025-08-28 08:17:32.773902,PV cell breakage detected,Cleared,BE10,
2025-08-28 09:01:10.807987,PV shading detected,Cleared,BE9,
2025-08-28 10:37:54.611677,PV cell breakage detected,Cleared,BE10,
2025-08-28 11:33:48.922034,Encapsulant fault detected,Active,BE16,
2025-08-28 11:45:12.249708,PV cell breakage detected,Cleared,BE10,
2025-08-28 12:11:04.149026,PV solder bond failure detected,Cleared,BE11,
2025-08-28 12:18:02.025714,PV soiling detected,Cleared,BE8,
2025-08-28 12:46:31.068391,Rack structure fault detected,Active,BE15,
2025-08-28 13:22:25.357764,PV cell breakage detected,Cleared,BE10,
2025-08-28 13:23:29.741977,PV cell breakage detected,Cleared,BE10,
2025-08-28 13:46:51.809851,Rack structure fault detected,Active,BE15,
2025-08-28 15:14:05.685106,Encapsulant fault detected,Cleared,BE16,
2025-08-28 15:24:23.544711,PV interconnect fault detected,Active,BE5,
2025-08-28 15:32:47.836505,Grounding system fault detected,Active,BE6,
2025-08-28 15:41:31.456968,PV interconnect fault detected,Cleared,BE5,
2025-08-28 17:48:27.536997,PV solder bond failure detected,Active,BE11,
2025-08-28 17:56:23.120953,PV solder bond failure detected,Cleared,BE11,
2025-08-28 19:06:18.366883,PV cell breakage detected,Active,BE10,
2025-08-28 19:29:52.594973,PV solder bond failure detected,Cleared,BE11,
2025-08-28 19:38:57.909451,Grounding system fault detected,Active,BE6,
2025-08-28 19:56:09.663993,Rack structure fault detected,Active,BE15,
2025-08-28 20:02:15.053680,Rack structure fault detected,Cleared,BE15,
2025-08-28 21:35:04.463667,PV cell breakage detected,Active,BE10,
2025-08-29 00:13:10.284577,PV solder bond failure detected,Cleared,BE11,
2025-08-29 00:46:04.969624,PV cell breakage detected,Cleared,BE10,
2025-08-29 00:52:14.493081,PV soiling detected,Active,BE8,
2025-08-29 01:07:12.027170,PV hot spot detected,Cleared,BE12,
2025-08-29 01:30:26.016569,PV cell breakage detected,Active,BE10,
2025-08-29 02:30:20.129081,PV cell breakage detected,Active,BE10,
2025-08-29 02:44:10.621714,PV solder bond failure detected,Cleared,BE11,
2025-08-29 04:02:02.152667,PV shading detected,Active,BE9,
2025-08-29 04:45:40.090989,PV cell breakage detected,Active,BE10,
2025-08-29 06:26:01.600342,Rack structure fault detected,Active,BE15,
2025-08-29 06:29:12.052010,PV solder bond failure detected,Cleared,BE11,
2025-08-29 07:09:44.913085,Grounding system fault detected,Cleared,BE6,
2025-08-29 08:52:14.493081,PV soiling detected,Cleared,BE8,
2025-08-29 09:56:43.269272,PV solder bond failure detected,Active,BE11,
2025-08-29 10:49:54.226707,MCB 1 fault detected,Active,BE3,
2025-08-29 11:19:45.633623,PV cell breakage detected,Active,BE10,
2025-08-29 11:29:07.078074,PV interconnect fault detected,Active,BE5,
2025-08-29 12:02:02.152667,PV shading detected,Cleared,BE9,
2025-08-29 12:35:27.813889,PV cell breakage detected,Cleared,BE10,
2025-08-29 13:03:17.987998,PV solder bond failure detected,Active,BE11,
2025-08-29 13:27:19.558323,PV solder bond failure detected,Cleared,BE11,
2025-08-29 14:05:37.204312,Rack structure fault detected,Cleared,BE15,
2025-08-29 14:17:52.074451,MCB 2 fault detected,Active,BE4,
2025-08-29 15:00:39.634820,PV interconnect fault detected,Active,BE5,
2025-08-29 15:24:23.544711,PV interconnect fault detected,Cleared,BE5,
2025-08-29 15:32:47.836505,Grounding system fault detected,Cleared,BE6,
2025-08-29 16:39:27.416107,PV shading detected,Active,BE9,
2025-08-29 16:42:55.059465,Rack structure fault detected,Cleared,BE15,
2025-08-29 16:44:33.252928,Encapsulant fault detected,Cleared,BE16,
2025-08-29 17:13:34.083024,PV interconnect fault detected,Active,BE5,
2025-08-29 18:01:54.146229,Encapsulant fault detected,Active,BE16,
2025-08-29 19:04:46.453429,PV cell breakage detected,Cleared,BE10,
2025-08-29 19:38:57.909451,Grounding system fault detected,Cleared,BE6,
2025-08-29 19:43:21.829314,PV cell breakage detected,Active,BE10,
2025-08-29 20:39:28.224842,PV cell breakage detected,Cleared,BE10,
2025-08-29 20:49:54.226707,MCB 1 fault detected,Cleared,BE3,
2025-08-29 21:26:25.345968,PV cell breakage detected,Cleared,BE10,
2025-08-29 21:36:48.946437,PV cell breakage detected,Cleared,BE10,
2025-08-29 22:14:50.756738,PV cell breakage detected,Active,BE10,
2025-08-29 22:24:44.090748,PV solder bond failure detected,Active,BE11,
2025-08-29 22:39:02.471440,PV solder bond failure detected,Cleared,BE11,
2025-08-29 22:46:50.725940,PV cell breakage detected,Active,BE10,
2025-08-29 22:51:47.849699,Rack structure fault detected,Cleared,BE15,
2025-08-29 23:14:19.994993,PV cell breakage detected,Cleared,BE10,
2025-08-30 00:17:52.074451,MCB 2 fault detected,Cleared,BE4,
2025-08-30 00:25:40.113388,PV solder bond failure detected,Cleared,BE11,
2025-08-30 00:39:27.416107,PV shading detected,Cleared,BE9,
2025-08-30 01:59:53.972430,PV shading detected,Active,BE9,
2025-08-30 03:13:44.784649,PV cell breakage detected,Active,BE10,
2025-08-30 03:20:06.771434,PV shading detected,Active,BE9,
2025-08-30 03:28:12.341111,Grounding system fault detected,Active,BE6,
2025-08-30 03:55:22.944938,PV solder bond failure detected,Cleared,BE11,
2025-08-30 05:37:20.202680,PV cell breakage detected,Active,BE10,
2025-08-30 06:01:54.245110,PV solder bond failure detected,Cleared,BE11,
2025-08-30 06:16:56.619138,PV interconnect fault detected,Active,BE5,
2025-08-30 07:31:15.134871,PV solder bond failure detected,Cleared,BE11,
2025-08-30 07:50:43.814035,PV cell breakage detected,Active,BE10,
2025-08-30 09:59:53.972430,PV shading detected,Cleared,BE9,
2025-08-30 10:04:05.314664,PV shading detected,Active,BE9,
2025-08-30 11:20:06.771434,PV shading detected,Cleared,BE9,
2025-08-30 11:29:07.078074,PV interconnect fault detected,Cleared,BE5,
2025-08-30 11:33:48.922034,Encapsulant fault detected,Cleared,BE16,
2025-08-30 12:19:32.724079,Encapsulant fault detected,Active,BE16,
2025-08-30 12:46:31.068391,Rack structure fault detected,Cleared,BE15,
2025-08-30 13:41:52.537331,PV solder bond failure detected,Active,BE11,
2025-08-30 13:46:51.809851,Rack structure fault detected,Cleared,BE15,
2025-08-30 15:00:39.634820,PV interconnect fault detected,Cleared,BE5,
2025-08-30 16:04:38.345273,PV soiling detected,Active,BE8,
2025-08-30 17:04:40.080224,PV shading detected,Active,BE9,
2025-08-30 17:13:34.083024,PV interconnect fault detected,Cleared,BE5,
2025-08-30 17:48:27.536997,PV solder bond failure detected,Cleared,BE11,
2025-08-30 18:04:05.314664,PV shading detected,Cleared,BE9,
2025-08-30 19:06:18.366883,PV cell breakage detected,Cleared,BE10,
2025-08-30 19:56:09.663993,Rack structure fault detected,Cleared,BE15,
2025-08-30 21:35:04.463667,PV cell breakage detected,Cleared,BE10,
2025-08-30 22:24:02.940626,MCB 2 fault detected,Active,BE4,
2025-08-31 00:04:38.345273,PV soiling detected,Cleared,BE8,
2025-08-31 01:04:40.080224,PV shading detected,Cleared,BE9,
2025-08-31 01:24:33.123544,Grounding system fault detected,Active,BE6,
2025-08-31 01:30:26.016569,PV cell breakage detected,Cleared,BE10,
2025-08-31 02:17:03.865038,PV solder bond failure detected,Active,BE11,
2025-08-31 02:30:20.129081,PV cell breakage detected,Cleared,BE10,
2025-08-31 03:28:12.341111,Grounding system fault detected,Cleared,BE6,
2025-08-31 03:38:31.532009,PV solder bond failure detected,Active,BE11,
2025-08-31 04:45:40.090989,PV cell breakage detected,Cleared,BE10,
2025-08-31 04:47:51.825516,PV soiling detected,Active,BE8,
2025-08-31 06:16:56.619138,PV interconnect fault detected,Cleared,BE5,
2025-08-31 06:26:01.600342,Rack structure fault detected,Cleared,BE15,
2025-08-31 08:24:02.940626,MCB 2 fault detected,Cleared,BE4,
2025-08-31 09:56:43.269272,PV solder bond failure detected,Cleared,BE11,
2025-08-31 11:19:45.633623,PV cell breakage detected,Cleared,BE10,
2025-08-31 12:41:01.090640,PV cell breakage detected,Active,BE10,
2025-08-31 12:47:51.825516,PV soiling detected,Cleared,BE8,
2025-08-31 13:03:17.987998,PV solder bond failure detected,Cleared,BE11,
2025-08-31 13:03:32.687270,MCB 1 fault detected,Active,BE3,
2025-08-31 13:36:38.963605,PV interconnect fault detected,Active,BE5,
2025-08-31 15:28:53.580511,Grounding system fault detected,Active,BE6,
2025-08-31 15:47:47.710800,PV shading detected,Active,BE9,
2025-08-31 18:01:54.146229,Encapsulant fault detected,Cleared,BE16,
2025-08-31 19:43:21.829314,PV cell breakage detected,Cleared,BE10,
2025-08-31 21:16:03.316882,MCB 1 fault detected,Active,BE3,
2025-08-31 21:16:28.659908,PV cell breakage detected,Active,BE10,
2025-08-31 22:14:50.756738,PV cell breakage detected,Cleared,BE10,
2025-08-31 22:24:44.090748,PV solder bond failure detected,Cleared,BE11,
2025-08-31 22:46:50.725940,PV cell breakage detected,Cleared,BE10,
2025-08-31 23:03:32.687270,MCB 1 fault detected,Cleared,BE3,
2025-08-31 23:13:42.385813,PV interconnect fault detected,Active,BE5,
2025-08-31 23:47:47.710800,PV shading detected,Cleared,BE9,
2025-09-01 00:41:33.624134,PV solder bond failure detected,Active,BE11,
2025-09-01 00:47:10.356667,PV shading detected,Active,BE9,
2025-09-01 01:24:33.123544,Grounding system fault detected,Cleared,BE6,
2025-09-01 03:13:44.784649,PV cell breakage detected,Cleared,BE10,
2025-09-01 03:52:17.352015,PV solder bond failure detected,Active,BE11,
2025-09-01 04:34:27.405620,PV cell breakage detected,Active,BE10,
2025-09-01 05:37:20.202680,PV cell breakage detected,Cleared,BE10,
2025-09-01 06:13:32.804431,PV shading detected,Active,BE9,
2025-09-01 06:39:29.067758,PV solder bond failure detected,Active,BE11,
2025-09-01 07:05:29.760310,PV solder bond failure detected,Active,BE11,
2025-09-01 07:16:03.316882,MCB 1 fault detected,Cleared,BE3,
2025-09-01 07:50:43.814035,PV cell breakage detected,Cleared,BE10,
2025-09-01 08:01:20.394324,Grounding system fault detected,Active,BE6,
2025-09-01 08:47:10.356667,PV shading detected,Cleared,BE9,
2025-09-01 09:14:55.899067,PV interconnect fault detected,Active,BE5,
2025-09-01 09:23:40.673646,PV cell breakage detected,Active,BE10,
2025-09-01 10:57:58.667625,Rack structure fault detected,Active,BE15,
2025-09-01 11:34:10.350146,PV solder bond failure detected,Active,BE11,
2025-09-01 12:19:32.724079,Encapsulant fault detected,Cleared,BE16,
2025-09-01 12:20:44.795866,PV solder bond failure detected,Active,BE11,
2025-09-01 13:07:53.559952,PV interconnect fault detected,Active,BE5,
2025-09-01 13:36:38.963605,PV interconnect fault detected,Cleared,BE5,
2025-09-01 13:41:52.537331,PV solder bond failure detected,Cleared,BE11,
2025-09-01 14:13:32.804431,PV shading detected,Cleared,BE9,
2025-09-01 14:16:02.438201,PV solder bond failure detected,Active,BE11,
2025-09-01 14:25:10.062920,PV cell breakage detected,Active,BE10,
2025-09-01 15:28:53.580511,Grounding system fault detected,Cleared,BE6,
2025-09-01 16:49:50.649968,PV solder bond failure detected,Active,BE11,
2025-09-01 19:47:34.912498,Rack structure fault detected,Active,BE15,
2025-09-01 21:24:05.428456,PV cell breakage detected,Active,BE10,
2025-09-01 23:13:42.385813,PV interconnect fault detected,Cleared,BE5,
2025-09-02 01:14:15.421443,Encapsulant fault detected,Active,BE16,
2025-09-02 02:17:03.865038,PV solder bond failure detected,Cleared,BE11,
2025-09-02 03:38:31.532009,PV solder bond failure detected,Cleared,BE11,
2025-09-02 03:57:27.560976,PV solder bond failure detected,Active,BE11,
2025-09-02 06:28:39.251800,PV interconnect fault detected,Active,BE5,
2025-09-02 08:01:20.394324,Grounding system fault detected,Cleared,BE6,
2025-09-02 08:05:36.125326,PV cell breakage detected,Active,BE10,
2025-09-02 08:55:31.080827,PV interconnect fault detected,Active,BE5,
2025-09-02 09:14:55.899067,PV interconnect fault detected,Cleared,BE5,
2025-09-02 09:56:35.255202,Grounding system fault detected,Active,BE6,
2025-09-02 12:41:01.090640,PV cell breakage detected,Cleared,BE10,
2025-09-02 13:07:53.559952,PV interconnect fault detected,Cleared,BE5,
2025-09-02 13:32:53.115428,PV interconnect fault detected,Active,BE5,
2025-09-02 13:47:39.550649,Short/open circuit fault detected,Active,BE14,
2025-09-02 13:48:26.989177,Diode fault detected,Active,BE13,
2025-09-02 15:14:10.271620,Grounding system fault detected,Active,BE6,
2025-09-02 17:58:05.289696,PV solder bond failure detected,Active,BE11,
2025-09-02 18:57:20.589953,PV cell breakage detected,Active,BE10,
2025-09-02 19:01:06.173315,Rack structure fault detected,Active,BE15,
2025-09-02 19:49:43.074566,MCB 1 fault detected,Active,BE3,
2025-09-02 20:05:53.734580,PV interconnect fault detected,Active,BE5,
2025-09-02 20:23:25.774658,PV solder bond failure detected,Active,BE11,
2025-09-02 20:38:42.572540,PV cell breakage detected,Active,BE10,
2025-09-02 21:16:28.659908,PV cell breakage detected,Cleared,BE10,
2025-09-02 22:42:09.499241,Fuse aging fault detected,Active,BE1,
2025-09-02 23:11:44.881035,Encapsulant fault detected,Active,BE16,
2025-09-03 00:41:33.624134,PV solder bond failure detected,Cleared,BE11,
2025-09-03 00:59:38.960991,PV shading detected,Active,BE9,
2025-09-03 01:47:39.550649,Short/open circuit fault detected,Cleared,BE14,
2025-09-03 02:19:39.389157,PV shading detected,Active,BE9,
2025-09-03 02:42:09.499241,Fuse aging fault detected,Cleared,BE1,
2025-09-03 02:46:44.559828,Rack structure fault detected,Active,BE15,
2025-09-03 02:51:49.494123,PV cell breakage detected,Active,BE10,
2025-09-03 03:52:17.352015,PV solder bond failure detected,Cleared,BE11,
2025-09-03 04:28:22.030863,PV interconnect fault detected,Active,BE5,
2025-09-03 04:34:27.405620,PV cell breakage detected,Cleared,BE10,
2025-09-03 05:49:43.074566,MCB 1 fault detected,Cleared,BE3,
2025-09-03 06:28:39.251800,PV interconnect fault detected,Cleared,BE5,
2025-09-03 06:39:29.067758,PV solder bond failure detected,Cleared,BE11,
2025-09-03 07:05:29.760310,PV solder bond failure detected,Cleared,BE11,
2025-09-03 07:37:32.502554,PV cell breakage detected,Active,BE10,
2025-09-03 07:45:15.332291,PV interconnect fault detected,Active,BE5,
2025-09-03 08:34:03.826829,PV shading detected,Active,BE9,
2025-09-03 08:55:31.080827,PV interconnect fault detected,Cleared,BE5,
2025-09-03 08:59:38.960991,PV shading detected,Cleared,BE9,
2025-09-03 09:03:20.187397,PV shading detected,Active,BE9,
2025-09-03 09:11:46.109829,PV interconnect fault detected,Active,BE5,
2025-09-03 09:23:40.673646,PV cell breakage detected,Cleared,BE10,
2025-09-03 09:33:00.919886,PV solder bond failure detected,Active,BE11,
2025-09-03 09:56:35.255202,Grounding system fault detected,Cleared,BE6,
2025-09-03 10:19:39.389157,PV shading detected,Cleared,BE9,
2025-09-03 10:57:58.667625,Rack structure fault detected,Cleared,BE15,
2025-09-03 11:34:10.350146,PV solder bond failure detected,Cleared,BE11,
2025-09-03 12:20:44.795866,PV solder bond failure detected,Cleared,BE11,
2025-09-03 13:32:53.115428,PV interconnect fault detected,Cleared,BE5,
2025-09-03 13:48:26.989177,Diode fault detected,Cleared,BE13,
2025-09-03 14:16:02.438201,PV solder bond failure detected,Cleared,BE11,
2025-09-03 14:25:10.062920,PV cell breakage detected,Cleared,BE10,
2025-09-03 15:14:10.271620,Grounding system fault detected,Cleared,BE6,
2025-09-03 16:34:03.826829,PV shading detected,Cleared,BE9,
2025-09-03 16:49:50.649968,PV solder bond failure detected,Cleared,BE11,
2025-09-03 17:03:20.187397,PV shading detected,Cleared,BE9,
2025-09-03 19:47:34.912498,Rack structure fault detected,Cleared,BE15,
2025-09-03 20:05:53.734580,PV interconnect fault detected,Cleared,BE5,
2025-09-03 20:20:42.265465,PV interconnect fault detected,Active,BE5,
2025-09-03 21:24:05.428456,PV cell breakage detected,Cleared,BE10,
2025-09-03 22:38:25.982716,PV solder bond failure detected,Active,BE11,
2025-09-04 00:21:32.662610,PV shading detected,Active,BE9,
2025-09-04 00:22:14.323696,PV interconnect fault detected,Active,BE5,
2025-09-04 00:36:39.741490,Rack structure fault detected,Active,BE15,
2025-09-04 01:14:15.421443,Encapsulant fault detected,Cleared,BE16,
2025-09-04 01:57:36.247413,PV cell breakage detected,Active,BE10,
2025-09-04 03:57:27.560976,PV solder bond failure detected,Cleared,BE11,
2025-09-04 04:28:22.030863,PV interconnect fault detected,Cleared,BE5,
2025-09-04 07:45:15.332291,PV interconnect fault detected,Cleared,BE5,
2025-09-04 08:05:36.125326,PV cell breakage detected,Cleared,BE10,
2025-09-04 08:21:32.662610,PV shading detected,Cleared,BE9,
2025-09-04 08:22:09.977185,PV solder bond failure detected,Active,BE11,
2025-09-04 09:11:46.109829,PV interconnect fault detected,Cleared,BE5,
2025-09-04 09:26:10.583257,PV solder bond failure detected,Active,BE11,
2025-09-04 10:39:34.879793,PV interconnect fault detected,Active,BE5,
2025-09-04 10:54:41.722245,PV cell breakage detected,Active,BE10,
2025-09-04 12:38:29.550124,PV interconnect fault detected,Active,BE5,
2025-09-04 13:01:25.812515,Rack structure fault detected,Active,BE15,
2025-09-04 17:19:09.936834,PV solder bond failure detected,Active,BE11,
2025-09-04 17:43:51.611596,PV cell breakage detected,Active,BE10,
2025-09-04 17:58:05.289696,PV solder bond failure detected,Cleared,BE11,
2025-09-04 18:49:50.438183,PV cell breakage detected,Active,BE10,
2025-09-04 18:57:20.589953,PV cell breakage detected,Cleared,BE10,
2025-09-04 19:01:06.173315,Rack structure fault detected,Cleared,BE15,
2025-09-04 20:20:42.265465,PV interconnect fault detected,Cleared,BE5,
2025-09-04 20:23:25.774658,PV solder bond failure detected,Cleared,BE11,
2025-09-04 20:23:49.608764,PV interconnect fault detected,Active,BE5,
2025-09-04 20:33:33.867665,Encapsulant fault detected,Active,BE16,
2025-09-04 20:38:42.572540,PV cell breakage detected,Cleared,BE10,
2025-09-04 20:59:34.470499,MCB 1 fault detected,Active,BE3,
2025-09-04 23:11:44.881035,Encapsulant fault detected,Cleared,BE16,
2025-09-05 00:22:14.323696,PV interconnect fault detected,Cleared,BE5,
2025-09-05 02:46:44.559828,Rack structure fault detected,Cleared,BE15,
2025-09-05 02:51:49.494123,PV cell breakage detected,Cleared,BE10,
2025-09-05 03:10:33.026747,PV cell breakage detected,Active,BE10,
2025-09-05 04:17:37.956825,PV cell breakage detected,Active,BE10,
2025-09-05 04:47:25.982067,PV shading detected,Active,BE9,
2025-09-05 05:23:13.321450,PV interconnect fault detected,Active,BE5,
2025-09-05 06:00:57.774703,PV interconnect fault detected,Active,BE5,
2025-09-05 06:59:34.470499,MCB 1 fault detected,Cleared,BE3,
2025-09-05 07:37:32.502554,PV cell breakage detected,Cleared,BE10,
2025-09-05 07:54:58.894323,MCB 2 fault detected,Active,BE4,
2025-09-05 07:58:57.337020,PV cell breakage detected,Active,BE10,
2025-09-05 08:31:26.905859,PV shading detected,Active,BE9,
2025-09-05 09:19:53.555937,Encapsulant fault detected,Active,BE16,
2025-09-05 09:21:53.827604,PV cell breakage detected,Active,BE10,
2025-09-05 09:33:00.919886,PV solder bond failure detected,Cleared,BE11,
2025-09-05 10:39:34.879793,PV interconnect fault detected,Cleared,BE5,
2025-09-05 10:52:00.906677,PV interconnect fault detected,Active,BE5,
2025-09-05 11:30:56.905132,Encapsulant fault detected,Active,BE16,
2025-09-05 12:34:23.431223,PV interconnect fault detected,Active,BE5,
2025-09-05 12:38:29.550124,PV interconnect fault detected,Cleared,BE5,
2025-09-05 12:47:25.982067,PV shading detected,Cleared,BE9,
2025-09-05 12:49:39.224113,PV solder bond failure detected,Active,BE11,
2025-09-05 13:20:49.484788,PV interconnect fault detected,Active,BE5,
2025-09-05 16:31:26.905859,PV shading detected,Cleared,BE9,
2025-09-05 17:54:58.894323,MCB 2 fault detected,Cleared,BE4,
2025-09-05 18:53:01.797211,Rack structure fault detected,Active,BE15,
2025-09-05 19:55:44.506510,PV cell breakage detected,Active,BE10,
2025-09-05 20:23:49.608764,PV interconnect fault detected,Cleared,BE5,
2025-09-05 20:32:37.689879,PV solder bond failure detected,Active,BE11,
2025-09-05 22:00:02.459969,PV cell breakage detected,Active,BE10,
2025-09-05 22:38:25.982716,PV solder bond failure detected,Cleared,BE11,
2025-09-05 23:15:11.672976,PV solder bond failure detected,Active,BE11,
2025-09-06 00:36:39.741490,Rack structure fault detected,Cleared,BE15,
2025-09-06 00:41:38.140463,Encapsulant fault detected,Active,BE16,
2025-09-06 01:57:36.247413,PV cell breakage detected,Cleared,BE10,
2025-09-06 02:08:36.689353,Rack structure fault detected,Active,BE15,
2025-09-06 02:27:40.369088,PV cell breakage detected,Active,BE10,
2025-09-06 03:04:27.028553,Encapsulant fault detected,Active,BE16,
2025-09-06 03:55:20.706963,PV solder bond failure detected,Active,BE11,
2025-09-06 05:23:13.321450,PV interconnect fault detected,Cleared,BE5,
2025-09-06 06:00:57.774703,PV interconnect fault detected,Cleared,BE5,
2025-09-06 06:40:55.240595,PV hot spot detected,Active,BE12,
2025-09-06 06:43:57.067948,PV shading detected,Active,BE9,
2025-09-06 07:52:00.794465,MCB 2 fault detected,Active,BE4,
2025-09-06 08:22:09.977185,PV solder bond failure detected,Cleared,BE11,
2025-09-06 09:26:10.583257,PV solder bond failure detected,Cleared,BE11,
2025-09-06 10:39:36.046181,PV shading detected,Active,BE9,
2025-09-06 10:52:00.906677,PV interconnect fault detected,Cleared,BE5,
2025-09-06 10:54:02.798644,PV solder bond failure detected,Active,BE11,
2025-09-06 10:54:41.722245,PV cell breakage detected,Cleared,BE10,
2025-09-06 12:34:23.431223,PV interconnect fault detected,Cleared,BE5,
2025-09-06 13:01:25.812515,Rack structure fault detected,Cleared,BE15,
2025-09-06 13:20:49.484788,PV interconnect fault detected,Cleared,BE5,
2025-09-06 14:43:57.067948,PV shading detected,Cleared,BE9,
2025-09-06 14:51:39.904182,Rack structure fault detected,Active,BE15,
2025-09-06 15:42:21.068957,PV solder bond failure detected,Active,BE11,
2025-09-06 16:33:54.597077,PV solder bond failure detected,Active,BE11,
2025-09-06 17:19:09.936834,PV solder bond failure detected,Cleared,BE11,
2025-09-06 17:43:51.611596,PV cell breakage detected,Cleared,BE10,
2025-09-06 17:52:00.794465,MCB 2 fault detected,Cleared,BE4,
2025-09-06 18:39:36.046181,PV shading detected,Cleared,BE9,
2025-09-06 18:49:23.766095,Encapsulant fault detected,Active,BE16,
2025-09-06 18:49:50.438183,PV cell breakage detected,Cleared,BE10,
2025-09-06 19:04:50.510465,PV solder bond failure detected,Active,BE11,
2025-09-06 20:33:33.867665,Encapsulant fault detected,Cleared,BE16,
2025-09-06 22:43:56.796310,PV cell breakage detected,Active,BE10,
2025-09-07 00:46:56.106619,PV cell breakage detected,Active,BE10,
2025-09-07 03:10:33.026747,PV cell breakage detected,Cleared,BE10,
2025-09-07 04:17:37.956825,PV cell breakage detected,Cleared,BE10,
2025-09-07 04:30:01.275183,Rack structure fault detected,Active,BE15,
2025-09-07 05:59:06.498764,PV solder bond failure detected,Active,BE11,
2025-09-07 06:22:47.914157,Encapsulant fault detected,Active,BE16,
2025-09-07 06:40:55.240595,PV hot spot detected,Cleared,BE12,
2025-09-07 07:08:23.725867,PV cell breakage detected,Active,BE10,
2025-09-07 07:58:57.337020,PV cell breakage detected,Cleared,BE10,
2025-09-07 09:19:53.555937,Encapsulant fault detected,Cleared,BE16,
2025-09-07 09:21:53.827604,PV cell breakage detected,Cleared,BE10,
2025-09-07 09:41:52.974383,Grounding system fault detected,Active,BE6,
2025-09-07 11:30:56.905132,Encapsulant fault detected,Cleared,BE16,
2025-09-07 11:54:39.060638,Rack structure fault detected,Active,BE15,
2025-09-07 12:00:50.810565,PV cell breakage detected,Active,BE10,
2025-09-07 12:10:41.349184,PV cell breakage detected,Active,BE10,
2025-09-07 12:49:39.224113,PV solder bond failure detected,Cleared,BE11,
2025-09-07 14:02:55.332555,Rack structure fault detected,Active,BE15,
2025-09-07 14:07:14.491915,PV shading detected,Active,BE9,
2025-09-07 15:23:46.186150,Rack structure fault detected,Active,BE15,
2025-09-07 15:37:36.412572,Rack structure fault detected,Active,BE15,
2025-09-07 18:53:01.797211,Rack structure fault detected,Cleared,BE15,
2025-09-07 19:16:32.203218,PV solder bond failure detected,Active,BE11,
2025-09-07 19:44:05.285273,PV interconnect fault detected,Active,BE5,
2025-09-07 19:55:44.506510,PV cell breakage detected,Cleared,BE10,
2025-09-07 20:16:07.710407,PV solder bond failure detected,Active,BE11,
2025-09-07 20:32:37.689879,PV solder bond failure detected,Cleared,BE11,
2025-09-07 22:00:02.459969,PV cell breakage detected,Cleared,BE10,
2025-09-07 22:07:14.491915,PV shading detected,Cleared,BE9,
2025-09-07 23:15:11.672976,PV solder bond failure detected,Cleared,BE11,
2025-09-07 23:28:27.985290,Encapsulant fault detected,Active,BE16,
2025-09-07 23:39:05.740612,Encapsulant fault detected,Active,BE16,
2025-09-08 00:20:04.009635,PV interconnect fault detected,Active,BE5,
2025-09-08 00:41:38.140463,Encapsulant fault detected,Cleared,BE16,
2025-09-08 02:08:36.689353,Rack structure fault detected,Cleared,BE15,
2025-09-08 02:17:36.838727,PV cell breakage detected,Active,BE10,
2025-09-08 02:27:40.369088,PV cell breakage detected,Cleared,BE10,
2025-09-08 02:56:06.821879,PV cell breakage detected,Active,BE10,
2025-09-08 03:04:27.028553,Encapsulant fault detected,Cleared,BE16,
2025-09-08 03:27:12.995823,Encapsulant fault detected,Active,BE16,
2025-09-08 03:55:20.706963,PV solder bond failure detected,Cleared,BE11,
2025-09-08 06:03:20.037481,PV shading detected,Active,BE9,
2025-09-08 07:14:14.666531,Fuse installation fault detected,Active,BE2,
2025-09-08 08:42:05.390959,PV cell breakage detected,Active,BE10,
2025-09-08 09:41:52.974383,Grounding system fault detected,Cleared,BE6,
2025-09-08 10:54:02.798644,PV solder bond failure detected,Cleared,BE11,
2025-09-08 11:14:14.666531,Fuse installation fault detected,Cleared,BE2,
2025-09-08 14:03:20.037481,PV shading detected,Cleared,BE9,
2025-09-08 14:49:54.773280,PV hot spot detected,Active,BE12,
2025-09-08 14:51:39.904182,Rack structure fault detected,Cleared,BE15,
2025-09-08 15:18:44.994887,Encapsulant fault detected,Active,BE16,
2025-09-08 15:42:21.068957,PV solder bond failure detected,Cleared,BE11,
2025-09-08 16:04:42.197734,PV cell breakage detected,Active,BE10,
2025-09-08 16:33:54.597077,PV solder bond failure detected,Cleared,BE11,
2025-09-08 16:44:37.994763,PV solder bond failure detected,Active,BE11,
2025-09-08 18:49:23.766095,Encapsulant fault detected,Cleared,BE16,
2025-09-08 19:04:50.510465,PV solder bond failure detected,Cleared,BE11,
2025-09-08 19:25:30.977677,PV solder bond failure detected,Active,BE11,
2025-09-08 19:44:05.285273,PV interconnect fault detected,Cleared,BE5,
2025-09-08 19:57:25.312349,PV interconnect fault detected,Active,BE5,
2025-09-08 19:59:29.196330,Rack structure fault detected,Active,BE15,
2025-09-08 22:43:56.796310,PV cell breakage detected,Cleared,BE10,
2025-09-08 23:25:51.220191,PV interconnect fault detected,Active,BE5,
2025-09-08 23:41:33.112181,Rack structure fault detected,Active,BE15,
2025-09-09 00:20:04.009635,PV interconnect fault detected,Cleared,BE5,
2025-09-09 00:37:36.855229,PV shading detected,Active,BE9,
2025-09-09 00:46:56.106619,PV cell breakage detected,Cleared,BE10,
2025-09-09 00:50:00.199855,PV shading detected,Active,BE9,
2025-09-09 00:57:26.596800,PV cell breakage detected,Active,BE10,
2025-09-09 02:43:34.077397,PV solder bond failure detected,Active,BE11,
2025-09-09 02:57:07.997725,Rack structure fault detected,Active,BE15,
2025-09-09 04:30:01.275183,Rack structure fault detected,Cleared,BE15,
2025-09-09 05:59:06.498764,PV solder bond failure detected,Cleared,BE11,
2025-09-09 06:22:47.914157,Encapsulant fault detected,Cleared,BE16,
2025-09-09 07:08:23.725867,PV cell breakage detected,Cleared,BE10,
2025-09-09 08:37:36.855229,PV shading detected,Cleared,BE9,
2025-09-09 08:50:00.199855,PV shading detected,Cleared,BE9,
2025-09-09 11:25:18.372098,PV cell breakage detected,Active,BE10,
2025-09-09 11:54:39.060638,Rack structure fault detected,Cleared,BE15,
2025-09-09 12:00:50.810565,PV cell breakage detected,Cleared,BE10,
2025-09-09 12:05:53.406306,PV solder bond failure detected,Active,BE11,
2025-09-09 12:10:41.349184,PV cell breakage detected,Cleared,BE10,
2025-09-09 12:57:18.086192,PV interconnect fault detected,Active,BE5,
2025-09-09 14:02:27.944017,PV cell breakage detected,Active,BE10,
2025-09-09 14:02:55.332555,Rack structure fault detected,Cleared,BE15,
2025-09-09 14:07:51.747013,PV cell breakage detected,Active,BE10,
2025-09-09 14:49:54.773280,PV hot spot detected,Cleared,BE12,
2025-09-09 15:23:46.186150,Rack structure fault detected,Cleared,BE15,
2025-09-09 15:37:36.412572,Rack structure fault detected,Cleared,BE15,
2025-09-09 19:16:32.203218,PV solder bond failure detected,Cleared,BE11,
2025-09-09 19:57:25.312349,PV interconnect fault detected,Cleared,BE5,
2025-09-09 20:16:07.710407,PV solder bond failure detected,Cleared,BE11,
2025-09-09 21:13:22.826236,Rack structure fault detected,Active,BE15,
2025-09-09 23:20:08.675545,PV solder bond failure detected,Active,BE11,
2025-09-09 23:25:51.220191,PV interconnect fault detected,Cleared,BE5,
2025-09-09 23:28:27.985290,Encapsulant fault detected,Cleared,BE16,
2025-09-09 23:39:05.740612,Encapsulant fault detected,Cleared,BE16,
2025-09-10 00:17:56.150134,Fuse aging fault detected,Active,BE1,
2025-09-10 01:39:31.537270,PV cell breakage detected,Active,BE10,
2025-09-10 02:17:36.838727,PV cell breakage detected,Cleared,BE10,
2025-09-10 02:30:49.057189,Rack structure fault detected,Active,BE15,
2025-09-10 02:56:06.821879,PV cell breakage detected,Cleared,BE10,
2025-09-10 03:27:12.995823,Encapsulant fault detected,Cleared,BE16,
2025-09-10 04:17:56.150134,Fuse aging fault detected,Cleared,BE1,
2025-09-10 05:50:06.861632,PV interconnect fault detected,Active,BE5,
2025-09-10 08:32:19.889614,PV cell breakage detected,Active,BE10,
2025-09-10 08:42:05.390959,PV cell breakage detected,Cleared,BE10,
2025-09-10 12:11:19.192318,Rack structure fault detected,Active,BE15,
2025-09-10 12:48:47.340105,Grounding system fault detected,Active,BE6,
2025-09-10 12:57:18.086192,PV interconnect fault detected,Cleared,BE5,
2025-09-10 14:14:21.676000,PV shading detected,Active,BE9,
2025-09-10 14:37:17.080104,Rack structure fault detected,Active,BE15,
2025-09-10 15:18:44.994887,Encapsulant fault detected,Cleared,BE16,
2025-09-10 16:04:42.197734,PV cell breakage detected,Cleared,BE10,
2025-09-10 16:32:16.503937,PV interconnect fault detected,Active,BE5,
2025-09-10 16:44:37.994763,PV solder bond failure detected,Cleared,BE11,
2025-09-10 18:55:59.640384,PV solder bond failure detected,Active,BE11,
2025-09-10 19:25:30.977677,PV solder bond failure detected,Cleared,BE11,
2025-09-10 19:59:29.196330,Rack structure fault detected,Cleared,BE15,
2025-09-10 20:02:48.440990,Encapsulant fault detected,Active,BE16,
2025-09-10 21:27:25.679352,PV solder bond failure detected,Active,BE11,
2025-09-10 22:14:21.676000,PV shading detected,Cleared,BE9,
2025-09-10 23:41:33.112181,Rack structure fault detected,Cleared,BE15,
2025-09-11 00:04:39.339853,PV interconnect fault detected,Active,BE5,
2025-09-11 00:45:34.369620,PV cell breakage detected,Active,BE10,
2025-09-11 00:57:26.596800,PV cell breakage detected,Cleared,BE10,
2025-09-11 02:43:34.077397,PV solder bond failure detected,Cleared,BE11,
2025-09-11 02:57:07.997725,Rack structure fault detected,Cleared,BE15,
2025-09-11 04:32:08.894170,Encapsulant fault detected,Active,BE16,
2025-09-11 04:58:44.000862,PV shading detected,Active,BE9,
2025-09-11 05:50:06.861632,PV interconnect fault detected,Cleared,BE5,
2025-09-11 06:21:04.778726,PV interconnect fault detected,Active,BE5,
2025-09-11 09:06:33.856555,PV shading detected,Active,BE9,
2025-09-11 10:15:25.526319,Grounding system fault detected,Active,BE6,
2025-09-11 10:36:28.007808,PV solder bond failure detected,Active,BE11,
2025-09-11 11:25:18.372098,PV cell breakage detected,Cleared,BE10,
2025-09-11 11:25:21.940501,PV interconnect fault detected,Active,BE5,
2025-09-11 11:33:26.504839,PV solder bond failure detected,Active,BE11,
2025-09-11 12:05:53.406306,PV solder bond failure detected,Cleared,BE11,
2025-09-11 12:48:47.340105,Grounding system fault detected,Cleared,BE6,
2025-09-11 12:58:44.000862,PV shading detected,Cleared,BE9,
2025-09-11 14:02:27.944017,PV cell breakage detected,Cleared,BE10,
2025-09-11 14:07:51.747013,PV cell breakage detected,Cleared,BE10,
2025-09-11 14:13:30.601887,Encapsulant fault detected,Active,BE16,
2025-09-11 14:47:57.738615,Grounding system fault detected,Active,BE6,
2025-09-11 16:12:30.057864,PV cell breakage detected,Active,BE10,
2025-09-11 16:28:38.573280,MCB 1 fault detected,Active,BE3,
2025-09-11 16:32:16.503937,PV interconnect fault detected,Cleared,BE5,
2025-09-11 17:06:33.856555,PV shading detected,Cleared,BE9,
2025-09-11 18:45:39.979974,PV hot spot detected,Active,BE12,
2025-09-11 19:46:04.722406,PV solder bond failure detected,Active,BE11,
2025-09-11 21:13:22.826236,Rack structure fault detected,Cleared,BE15,
2025-09-11 23:20:08.675545,PV solder bond failure detected,Cleared,BE11,
2025-09-12 00:04:39.339853,PV interconnect fault detected,Cleared,BE5,
2025-09-12 01:39:31.537270,PV cell breakage detected,Cleared,BE10,
2025-09-12 02:28:38.573280,MCB 1 fault detected,Cleared,BE3,
2025-09-12 02:30:49.057189,Rack structure fault detected,Cleared,BE15,
2025-09-12 04:52:41.990470,PV solder bond failure detected,Active,BE11,
2025-09-12 05:12:17.589939,PV shading detected,Active,BE9,
2025-09-12 06:21:04.778726,PV interconnect fault detected,Cleared,BE5,
2025-09-12 08:32:19.889614,PV cell breakage detected,Cleared,BE10,
2025-09-12 08:49:56.882001,PV cell breakage detected,Active,BE10,
2025-09-12 08:57:42.915841,PV shading detected,Active,BE9,
2025-09-12 10:15:25.526319,Grounding system fault detected,Cleared,BE6,
2025-09-12 10:38:36.431871,MCB 2 fault detected,Active,BE4,
2025-09-12 10:41:20.980434,Rack structure fault detected,Active,BE15,
2025-09-12 11:25:21.940501,PV interconnect fault detected,Cleared,BE5,
2025-09-12 12:08:15.717125,Fuse aging fault detected,Active,BE1,
2025-09-12 12:11:19.192318,Rack structure fault detected,Cleared,BE15,
2025-09-12 12:13:43.253203,Encapsulant fault detected,Active,BE16,
2025-09-12 12:29:35.847710,PV solder bond failure detected,Active,BE11,
2025-09-12 13:12:17.589939,PV shading detected,Cleared,BE9,
2025-09-12 14:04:03.699084,Grounding system fault detected,Active,BE6,
2025-09-12 14:26:55.413112,PV solder bond failure detected,Active,BE11,
2025-09-12 14:37:17.080104,Rack structure fault detected,Cleared,BE15,
2025-09-12 14:47:08.092078,PV cell breakage detected,Active,BE10,
2025-09-12 14:47:57.738615,Grounding system fault detected,Cleared,BE6,
2025-09-12 15:35:49.301912,Grounding system fault detected,Active,BE6,
2025-09-12 16:08:15.717125,Fuse aging fault detected,Cleared,BE1,
2025-09-12 16:13:56.559453,Grounding system fault detected,Active,BE6,
2025-09-12 16:57:42.915841,PV shading detected,Cleared,BE9,
2025-09-12 18:25:33.635391,PV cell breakage detected,Active,BE10,
2025-09-12 18:45:39.979974,PV hot spot detected,Cleared,BE12,
2025-09-12 18:46:36.665957,PV interconnect fault detected,Active,BE5,
2025-09-12 18:55:59.640384,PV solder bond failure detected,Cleared,BE11,
2025-09-12 20:02:48.440990,Encapsulant fault detected,Cleared,BE16,
2025-09-12 20:38:36.431871,MCB 2 fault detected,Cleared,BE4,
2025-09-12 21:27:25.679352,PV solder bond failure detected,Cleared,BE11,
2025-09-12 22:18:48.876010,Grounding system fault detected,Active,BE6,
2025-09-12 22:36:19.218363,Fuse installation fault detected,Active,BE2,
2025-09-13 00:45:34.369620,PV cell breakage detected,Cleared,BE10,
2025-09-13 02:36:19.218363,Fuse installation fault detected,Cleared,BE2,
2025-09-13 04:19:42.250811,PV solder bond failure detected,Active,BE11,
2025-09-13 04:28:15.960431,Encapsulant fault detected,Active,BE16,
2025-09-13 04:32:08.894170,Encapsulant fault detected,Cleared,BE16,
2025-09-13 05:34:19.982082,PV solder bond failure detected,Active,BE11,
2025-09-13 05:56:34.590181,PV solder bond failure detected,Active,BE11,
2025-09-13 08:23:22.398463,PV shading detected,Active,BE9,
2025-09-13 08:29:22.725373,PV cell breakage detected,Active,BE10,
2025-09-13 09:44:48.471564,PV shading detected,Active,BE9,
2025-09-13 10:36:28.007808,PV solder bond failure detected,Cleared,BE11,
2025-09-13 10:42:05.984523,Encapsulant fault detected,Active,BE16,
2025-09-13 10:59:17.428801,Grounding system fault detected,Active,BE6,
2025-09-13 11:33:26.504839,PV solder bond failure detected,Cleared,BE11,
2025-09-13 12:51:29.307313,Rack structure fault detected,Active,BE15,
2025-09-13 13:52:21.144581,PV cell breakage detected,Active,BE10,
2025-09-13 14:04:03.699084,Grounding system fault detected,Cleared,BE6,
2025-09-13 14:13:30.601887,Encapsulant fault detected,Cleared,BE16,
2025-09-13 14:26:34.658187,PV solder bond failure detected,Active,BE11,
2025-09-13 15:35:49.301912,Grounding system fault detected,Cleared,BE6,
2025-09-13 15:41:24.348787,PV cell breakage detected,Active,BE10,
2025-09-13 15:45:54.413665,PV interconnect fault detected,Active,BE5,
2025-09-13 16:12:30.057864,PV cell breakage detected,Cleared,BE10,
2025-09-13 16:13:56.559453,Grounding system fault detected,Cleared,BE6,
2025-09-13 16:23:22.398463,PV shading detected,Cleared,BE9,
2025-09-13 17:44:48.471564,PV shading detected,Cleared,BE9,
2025-09-13 18:46:36.665957,PV interconnect fault detected,Cleared,BE5,
2025-09-13 18:46:56.371604,PV solder bond failure detected,Active,BE11,
2025-09-13 19:46:04.722406,PV solder bond failure detected,Cleared,BE11,
2025-09-13 19:58:57.611151,Encapsulant fault detected,Active,BE16,
2025-09-13 22:18:48.876010,Grounding system fault detected,Cleared,BE6,
2025-09-13 23:34:07.651111,PV shading detected,Active,BE9,
2025-09-14 00:17:23.930510,Encapsulant fault detected,Active,BE16,
2025-09-14 04:52:41.990470,PV solder bond failure detected,Cleared,BE11,
2025-09-14 07:30:00.159434,PV solder bond failure detected,Active,BE11,
2025-09-14 07:34:07.651111,PV shading detected,Cleared,BE9,
2025-09-14 08:24:36.902651,PV shading detected,Active,BE9,
2025-09-14 08:49:56.882001,PV cell breakage detected,Cleared,BE10,
2025-09-14 09:00:25.447961,PV cell breakage detected,Active,BE10,
2025-09-14 09:33:49.883986,PV shading detected,Active,BE9,
2025-09-14 10:41:20.980434,Rack structure fault detected,Cleared,BE15,
2025-09-14 10:45:06.336010,PV solder bond failure detected,Active,BE11,
2025-09-14 10:56:00.912731,PV hot spot detected,Active,BE12,
2025-09-14 10:59:17.428801,Grounding system fault detected,Cleared,BE6,
2025-09-14 11:59:27.182347,PV solder bond failure detected,Active,BE11,
2025-09-14 12:13:43.253203,Encapsulant fault detected,Cleared,BE16,
2025-09-14 12:29:35.847710,PV solder bond failure detected,Cleared,BE11,
2025-09-14 12:42:38.913595,PV shading detected,Active,BE9,
2025-09-14 12:51:09.524851,PV shading detected,Active,BE9,
2025-09-14 14:26:55.413112,PV solder bond failure detected,Cleared,BE11,
2025-09-14 14:47:08.092078,PV cell breakage detected,Cleared,BE10,
2025-09-14 15:45:54.413665,PV interconnect fault detected,Cleared,BE5,
2025-09-14 16:12:16.452917,Rack structure fault detected,Active,BE15,
2025-09-14 16:24:36.902651,PV shading detected,Cleared,BE9,
2025-09-14 17:33:49.883986,PV shading detected,Cleared,BE9,
2025-09-14 18:25:33.635391,PV cell breakage detected,Cleared,BE10,
2025-09-14 20:02:26.831169,PV shading detected,Active,BE9,
2025-09-14 20:42:38.913595,PV shading detected,Cleared,BE9,
2025-09-14 20:51:09.524851,PV shading detected,Cleared,BE9,
2025-09-14 23:22:03.090733,Rack structure fault detected,Active,BE15,
2025-09-14 23:45:47.847312,MCB 2 fault detected,Active,BE4,
2025-09-15 00:06:52.089594,PV shading detected,Active,BE9,
2025-09-15 00:10:01.208156,PV solder bond failure detected,Active,BE11,
2025-09-15 04:02:26.831169,PV shading detected,Cleared,BE9,
2025-09-15 04:12:58.595884,PV cell breakage detected,Active,BE10,
2025-09-15 04:19:42.250811,PV solder bond failure detected,Cleared,BE11,
2025-09-15 04:21:21.341672,Grounding system fault detected,Active,BE6,
2025-09-15 04:28:15.960431,Encapsulant fault detected,Cleared,BE16,
2025-09-15 05:31:14.344070,PV solder bond failure detected,Active,BE11,
2025-09-15 05:34:19.982082,PV solder bond failure detected,Cleared,BE11,
2025-09-15 05:56:34.590181,PV solder bond failure detected,Cleared,BE11,
2025-09-15 06:55:51.837210,PV solder bond failure detected,Active,BE11,
2025-09-15 07:17:44.766399,PV glass breakage detected,Active,BE7,
2025-09-15 07:24:02.770661,PV interconnect fault detected,Active,BE5,
2025-09-15 08:06:52.089594,PV shading detected,Cleared,BE9,
2025-09-15 08:29:22.725373,PV cell breakage detected,Cleared,BE10,
2025-09-15 08:58:10.793718,PV interconnect fault detected,Active,BE5,
2025-09-15 09:45:47.847312,MCB 2 fault detected,Cleared,BE4,
2025-09-15 09:50:52.881387,PV cell breakage detected,Active,BE10,
2025-09-15 10:28:49.069838,PV shading detected,Active,BE9,
2025-09-15 10:33:14.458453,PV cell breakage detected,Active,BE10,
2025-09-15 10:42:05.984523,Encapsulant fault detected,Cleared,BE16,
2025-09-15 10:56:00.912731,PV hot spot detected,Cleared,BE12,
2025-09-15 12:51:29.307313,Rack structure fault detected,Cleared,BE15,
2025-09-15 13:52:21.144581,PV cell breakage detected,Cleared,BE10,
2025-09-15 14:26:34.658187,PV solder bond failure detected,Cleared,BE11,
2025-09-15 14:29:19.208382,PV shading detected,Active,BE9,
2025-09-15 14:57:18.942149,PV cell breakage detected,Active,BE10,
2025-09-15 15:30:03.329786,PV solder bond failure detected,Active,BE11,
2025-09-15 15:41:24.348787,PV cell breakage detected,Cleared,BE10,
2025-09-15 18:28:49.069838,PV shading detected,Cleared,BE9,
2025-09-15 18:32:25.729112,PV shading detected,Active,BE9,
2025-09-15 18:46:56.371604,PV solder bond failure detected,Cleared,BE11,
2025-09-15 19:04:46.224700,Rack structure fault detected,Active,BE15,
2025-09-15 19:58:57.611151,Encapsulant fault detected,Cleared,BE16,
2025-09-15 20:18:48.486087,PV solder bond failure detected,Active,BE11,
2025-09-15 21:00:07.045775,PV soiling detected,Active,BE8,
2025-09-15 21:12:37.347418,Rack structure fault detected,Active,BE15,
2025-09-15 21:19:44.822035,Rack structure fault detected,Active,BE15,
2025-09-15 21:36:21.122671,Rack structure fault detected,Active,BE15,
2025-09-15 22:29:19.208382,PV shading detected,Cleared,BE9,
2025-09-16 00:17:23.930510,Encapsulant fault detected,Cleared,BE16,
2025-09-16 00:29:04.043227,PV interconnect fault detected,Active,BE5,
2025-09-16 02:32:25.729112,PV shading detected,Cleared,BE9,
2025-09-16 02:32:54.177155,PV solder bond failure detected,Active,BE11,
2025-09-16 04:21:21.341672,Grounding system fault detected,Cleared,BE6,
2025-09-16 05:00:07.045775,PV soiling detected,Cleared,BE8,
2025-09-16 05:32:59.070061,PV cell breakage detected,Active,BE10,
2025-09-16 06:42:12.240440,PV solder bond failure detected,Active,BE11,
2025-09-16 06:51:50.948279,Grounding system fault detected,Active,BE6,
2025-09-16 07:17:44.766399,PV glass breakage detected,Cleared,BE7,
2025-09-16 07:24:02.770661,PV interconnect fault detected,Cleared,BE5,
2025-09-16 07:30:00.159434,PV solder bond failure detected,Cleared,BE11,
2025-09-16 08:58:10.793718,PV interconnect fault detected,Cleared,BE5,
2025-09-16 09:00:25.447961,PV cell breakage detected,Cleared,BE10,
2025-09-16 09:43:23.040423,Rack structure fault detected,Active,BE15,
2025-09-16 09:59:18.824591,PV shading detected,Active,BE9,
2025-09-16 10:32:57.291133,PV shading detected,Active,BE9,
2025-09-16 10:45:06.336010,PV solder bond failure detected,Cleared,BE11,
2025-09-16 11:37:25.579216,Encapsulant fault detected,Active,BE16,
2025-09-16 11:44:43.619467,PV hot spot detected,Active,BE12,
2025-09-16 11:59:27.182347,PV solder bond failure detected,Cleared,BE11,
2025-09-16 14:04:47.148111,Encapsulant fault detected,Active,BE16,
2025-09-16 16:12:16.452917,Rack structure fault detected,Cleared,BE15,
2025-09-16 17:59:18.824591,PV shading detected,Cleared,BE9,
2025-09-16 18:03:32.637645,Rack structure fault detected,Active,BE15,
2025-09-16 18:32:57.291133,PV shading detected,Cleared,BE9,
2025-09-16 18:34:07.833929,PV solder bond failure detected,Active,BE11,
2025-09-16 22:14:12.742791,Encapsulant fault detected,Active,BE16,
2025-09-16 22:41:46.132017,Encapsulant fault detected,Active,BE16,
2025-09-16 23:20:18.784797,MCB 1 fault detected,Active,BE3,
2025-09-16 23:22:03.090733,Rack structure fault detected,Cleared,BE15,
2025-09-17 00:10:01.208156,PV solder bond failure detected,Cleared,BE11,
2025-09-17 00:29:04.043227,PV interconnect fault detected,Cleared,BE5,
2025-09-17 02:21:40.546694,PV cell breakage detected,Active,BE10,
2025-09-17 03:05:42.681421,Encapsulant fault detected,Active,BE16,
2025-09-17 04:04:14.267751,Rack structure fault detected,Active,BE15,
2025-09-17 04:10:24.200047,Rack structure fault detected,Active,BE15,
2025-09-17 04:12:58.595884,PV cell breakage detected,Cleared,BE10,
2025-09-17 04:24:05.642147,PV cell breakage detected,Active,BE10,
2025-09-17 05:01:23.834651,PV cell breakage detected,Active,BE10,
2025-09-17 05:31:14.344070,PV solder bond failure detected,Cleared,BE11,
2025-09-17 06:28:04.393323,PV solder bond failure detected,Active,BE11,
2025-09-17 06:51:50.948279,Grounding system fault detected,Cleared,BE6,
2025-09-17 06:55:51.837210,PV solder bond failure detected,Cleared,BE11,
2025-09-17 09:20:18.784797,MCB 1 fault detected,Cleared,BE3,
2025-09-17 09:25:02.650260,PV interconnect fault detected,Active,BE5,
2025-09-17 09:50:52.881387,PV cell breakage detected,Cleared,BE10,
2025-09-17 10:33:14.458453,PV cell breakage detected,Cleared,BE10,
2025-09-17 10:34:08.426995,Grounding system fault detected,Active,BE6,
2025-09-17 11:42:33.584725,Rack structure fault detected,Active,BE15,
2025-09-17 11:44:43.619467,PV hot spot detected,Cleared,BE12,
2025-09-17 11:46:51.408119,PV interconnect fault detected,Active,BE5,
2025-09-17 12:35:39.506735,PV interconnect fault detected,Active,BE5,
2025-09-17 13:02:55.751404,PV shading detected,Active,BE9,
2025-09-17 14:46:42.137948,PV solder bond failure detected,Active,BE11,
2025-09-17 14:57:18.942149,PV cell breakage detected,Cleared,BE10,
2025-09-17 15:30:03.329786,PV solder bond failure detected,Cleared,BE11,
2025-09-17 15:31:38.630615,PV solder bond failure detected,Active,BE11,
2025-09-17 19:04:46.224700,Rack structure fault detected,Cleared,BE15,
2025-09-17 20:18:48.486087,PV solder bond failure detected,Cleared,BE11,
2025-09-17 21:02:55.751404,PV shading detected,Cleared,BE9,
2025-09-17 21:12:37.347418,Rack structure fault detected,Cleared,BE15,
2025-09-17 21:19:44.822035,Rack structure fault detected,Cleared,BE15,
2025-09-17 21:36:21.122671,Rack structure fault detected,Cleared,BE15,
2025-09-17 21:52:48.363442,Grounding system fault detected,Active,BE6,
2025-09-17 23:50:35.647477,PV cell breakage detected,Active,BE10,
2025-09-18 02:32:54.177155,PV solder bond failure detected,Cleared,BE11,
2025-09-18 03:48:12.289582,PV solder bond failure detected,Active,BE11,
2025-09-18 04:16:03.509672,PV cell breakage detected,Active,BE10,
2025-09-18 04:34:05.598360,PV interconnect fault detected,Active,BE5,
2025-09-18 05:04:36.544905,Rack structure fault detected,Active,BE15,
2025-09-18 05:32:59.070061,PV cell breakage detected,Cleared,BE10,
2025-09-18 05:41:47.201448,Encapsulant fault detected,Active,BE16,
2025-09-18 06:32:39.684211,Grounding system fault detected,Active,BE6,
2025-09-18 06:42:12.240440,PV solder bond failure detected,Cleared,BE11,
2025-09-18 09:25:02.650260,PV interconnect fault detected,Cleared,BE5,
2025-09-18 09:38:13.328087,Encapsulant fault detected,Active,BE16,
2025-09-18 09:43:23.040423,Rack structure fault detected,Cleared,BE15,
2025-09-18 10:34:08.426995,Grounding system fault detected,Cleared,BE6,
2025-09-18 10:46:47.332243,PV shading detected,Active,BE9,
2025-09-18 11:06:03.887693,Encapsulant fault detected,Active,BE16,
2025-09-18 11:15:59.128938,PV cell breakage detected,Active,BE10,
2025-09-18 11:16:47.240091,PV solder bond failure detected,Active,BE11,
2025-09-18 11:37:25.579216,Encapsulant fault detected,Cleared,BE16,
2025-09-18 11:46:51.408119,PV interconnect fault detected,Cleared,BE5,
2025-09-18 12:35:39.506735,PV interconnect fault detected,Cleared,BE5,
2025-09-18 12:39:55.377955,Short/open circuit fault detected,Active,BE14,
2025-09-18 13:05:47.670016,Rack structure fault detected,Active,BE15,
2025-09-18 14:04:47.148111,Encapsulant fault detected,Cleared,BE16,
2025-09-18 14:40:04.200241,PV interconnect fault detected,Active,BE5,
2025-09-18 16:00:26.385067,Grounding system fault detected,Active,BE6,
2025-09-18 18:03:32.637645,Rack structure fault detected,Cleared,BE15,
2025-09-18 18:34:07.833929,PV solder bond failure detected,Cleared,BE11,
2025-09-18 18:46:47.332243,PV shading detected,Cleared,BE9,
2025-09-18 19:18:36.238321,PV solder bond failure detected,Active,BE11,
2025-09-18 21:52:48.363442,Grounding system fault detected,Cleared,BE6,
2025-09-18 22:14:12.742791,Encapsulant fault detected,Cleared,BE16,
2025-09-18 22:20:33.866218,PV solder bond failure detected,Active,BE11,
2025-09-18 22:23:14.371666,Encapsulant fault detected,Active,BE16,
2025-09-18 22:33:47.167054,Encapsulant fault detected,Active,BE16,
2025-09-18 22:41:46.132017,Encapsulant fault detected,Cleared,BE16,
2025-09-18 23:18:10.466859,PV shading detected,Active,BE9,
2025-09-19 00:07:01.420365,Encapsulant fault detected,Active,BE16,
2025-09-19 00:39:55.377955,Short/open circuit fault detected,Cleared,BE14,
2025-09-19 02:21:40.546694,PV cell breakage detected,Cleared,BE10,
2025-09-19 03:05:42.681421,Encapsulant fault detected,Cleared,BE16,
2025-09-19 04:04:14.267751,Rack structure fault detected,Cleared,BE15,
2025-09-19 04:10:24.200047,Rack structure fault detected,Cleared,BE15,
2025-09-19 04:24:05.642147,PV cell breakage detected,Cleared,BE10,
2025-09-19 04:34:05.598360,PV interconnect fault detected,Cleared,BE5,
2025-09-19 05:01:23.834651,PV cell breakage detected,Cleared,BE10,
2025-09-19 06:28:04.393323,PV solder bond failure detected,Cleared,BE11,
2025-09-19 06:32:39.684211,Grounding system fault detected,Cleared,BE6,
2025-09-19 07:10:13.673333,Rack structure fault detected,Active,BE15,
2025-09-19 07:18:10.466859,PV shading detected,Cleared,BE9,
2025-09-19 09:31:27.647590,PV shading detected,Active,BE9,
2025-09-19 10:48:34.572263,Rack structure fault detected,Active,BE15,
2025-09-19 11:42:33.584725,Rack structure fault detected,Cleared,BE15,
2025-09-19 12:27:55.567957,PV interconnect fault detected,Active,BE5,
2025-09-19 12:33:40.147566,PV solder bond failure detected,Active,BE11,
2025-09-19 14:14:42.301847,PV interconnect fault detected,Active,BE5,
2025-09-19 14:40:04.200241,PV interconnect fault detected,Cleared,BE5,
2025-09-19 14:46:42.137948,PV solder bond failure detected,Cleared,BE11,
2025-09-19 15:31:38.630615,PV solder bond failure detected,Cleared,BE11,
2025-09-19 16:00:26.385067,Grounding system fault detected,Cleared,BE6,
2025-09-19 17:31:27.647590,PV shading detected,Cleared,BE9,
2025-09-19 17:32:48.801319,Short/open circuit fault detected,Active,BE14,
2025-09-19 18:09:18.063772,PV cell breakage detected,Active,BE10,
2025-09-19 18:46:22.110108,PV cell breakage detected,Active,BE10,
2025-09-19 21:15:07.376397,PV solder bond failure detected,Active,BE11,
2025-09-19 22:03:19.207662,PV solder bond failure detected,Active,BE11,
2025-09-19 23:50:35.647477,PV cell breakage detected,Cleared,BE10,
2025-09-20 01:34:42.096572,PV solder bond failure detected,Active,BE11,
2025-09-20 03:48:12.289582,PV solder bond failure detected,Cleared,BE11,
2025-09-20 04:08:42.922584,PV cell breakage detected,Active,BE10,
2025-09-20 04:16:03.509672,PV cell breakage detected,Cleared,BE10,
2025-09-20 04:50:08.856514,PV cell breakage detected,Active,BE10,
2025-09-20 05:02:05.412385,Encapsulant fault detected,Active,BE16,
2025-09-20 05:04:36.544905,Rack structure fault detected,Cleared,BE15,
2025-09-20 05:32:48.801319,Short/open circuit fault detected,Cleared,BE14,
2025-09-20 05:41:47.201448,Encapsulant fault detected,Cleared,BE16,
2025-09-20 08:59:33.795933,PV interconnect fault detected,Active,BE5,
2025-09-20 09:03:28.095142,PV cell breakage detected,Active,BE10,
2025-09-20 09:38:13.328087,Encapsulant fault detected,Cleared,BE16,
2025-09-20 09:49:09.452898,Rack structure fault detected,Active,BE15,
2025-09-20 10:50:50.647653,PV shading detected,Active,BE9,
2025-09-20 11:06:03.887693,Encapsulant fault detected,Cleared,BE16,
2025-09-20 11:15:59.128938,PV cell breakage detected,Cleared,BE10,
2025-09-20 11:16:47.240091,PV solder bond failure detected,Cleared,BE11,
2025-09-20 11:39:15.913936,PV interconnect fault detected,Active,BE5,
2025-09-20 12:27:55.567957,PV interconnect fault detected,Cleared,BE5,
2025-09-20 13:05:47.670016,Rack structure fault detected,Cleared,BE15,
2025-09-20 13:10:35.881220,PV shading detected,Active,BE9,
2025-09-20 13:46:00.816020,PV interconnect fault detected,Active,BE5,
2025-09-20 14:06:41.135052,PV shading detected,Active,BE9,
2025-09-20 14:14:42.301847,PV interconnect fault detected,Cleared,BE5,
2025-09-20 15:53:16.758852,PV interconnect fault detected,Active,BE5,
2025-09-20 16:12:16.004462,PV solder bond failure detected,Active,BE11,
2025-09-20 16:31:46.471693,PV solder bond failure detected,Active,BE11,
2025-09-20 17:13:21.738962,PV shading detected,Active,BE9,
2025-09-20 18:50:50.647653,PV shading detected,Cleared,BE9,
2025-09-20 19:18:36.238321,PV solder bond failure detected,Cleared,BE11,
2025-09-20 21:10:35.881220,PV shading detected,Cleared,BE9,
2025-09-20 21:59:50.399957,Rack structure fault detected,Active,BE15,
2025-09-20 22:06:41.135052,PV shading detected,Cleared,BE9,
2025-09-20 22:20:33.866218,PV solder bond failure detected,Cleared,BE11,
2025-09-20 22:23:14.371666,Encapsulant fault detected,Cleared,BE16,
2025-09-20 22:33:47.167054,Encapsulant fault detected,Cleared,BE16,
2025-09-20 23:39:53.759078,PV cell breakage detected,Active,BE10,
2025-09-21 00:07:01.420365,Encapsulant fault detected,Cleared,BE16,
2025-09-21 01:13:21.738962,PV shading detected,Cleared,BE9,
2025-09-21 01:14:38.733240,Rack structure fault detected,Active,BE15,
2025-09-21 04:45:40.172202,PV cell breakage detected,Active,BE10,
2025-09-21 04:56:58.534029,Rack structure fault detected,Active,BE15,
2025-09-21 06:55:52.933823,Encapsulant fault detected,Active,BE16,
2025-09-21 07:10:13.673333,Rack structure fault detected,Cleared,BE15,
2025-09-21 08:59:33.795933,PV interconnect fault detected,Cleared,BE5,
2025-09-21 10:48:34.572263,Rack structure fault detected,Cleared,BE15,
2025-09-21 11:12:28.157702,PV shading detected,Active,BE9,
2025-09-21 11:36:31.657209,PV shading detected,Active,BE9,
2025-09-21 11:39:15.913936,PV interconnect fault detected,Cleared,BE5,
2025-09-21 11:48:23.281514,PV interconnect fault detected,Active,BE5,
2025-09-21 12:33:40.147566,PV solder bond failure detected,Cleared,BE11,
2025-09-21 13:46:00.816020,PV interconnect fault detected,Cleared,BE5,
2025-09-21 14:25:07.824493,PV solder bond failure detected,Active,BE11,
2025-09-21 15:53:16.758852,PV interconnect fault detected,Cleared,BE5,
2025-09-21 18:09:18.063772,PV cell breakage detected,Cleared,BE10,
2025-09-21 18:30:55.241292,Rack structure fault detected,Active,BE15,
2025-09-21 18:46:22.110108,PV cell breakage detected,Cleared,BE10,
2025-09-21 19:12:28.157702,PV shading detected,Cleared,BE9,
2025-09-21 19:36:31.657209,PV shading detected,Cleared,BE9,
2025-09-21 21:15:07.376397,PV solder bond failure detected,Cleared,BE11,
2025-09-21 21:32:34.627450,PV shading detected,Active,BE9,
2025-09-21 22:03:19.207662,PV solder bond failure detected,Cleared,BE11,
2025-09-21 22:03:50.047889,PV solder bond failure detected,Active,BE11,
2025-09-22 00:44:25.564026,PV interconnect fault detected,Active,BE5,
2025-09-22 01:34:42.096572,PV solder bond failure detected,Cleared,BE11,
2025-09-22 04:08:42.922584,PV cell breakage detected,Cleared,BE10,
2025-09-22 04:46:30.915611,PV solder bond failure detected,Active,BE11,
2025-09-22 04:50:08.856514,PV cell breakage detected,Cleared,BE10,
2025-09-22 05:02:05.412385,Encapsulant fault detected,Cleared,BE16,
2025-09-22 05:32:34.627450,PV shading detected,Cleared,BE9,
2025-09-22 06:53:48.559967,PV solder bond failure detected,Active,BE11,
2025-09-22 08:49:14.321319,PV solder bond failure detected,Active,BE11,
2025-09-22 09:03:28.095142,PV cell breakage detected,Cleared,BE10,
2025-09-22 09:29:30.923870,PV interconnect fault detected,Active,BE5,
2025-09-22 09:40:55.568934,Grounding system fault detected,Active,BE6,
2025-09-22 09:49:09.452898,Rack structure fault detected,Cleared,BE15,
2025-09-22 10:31:03.092839,Grounding system fault detected,Active,BE6,
2025-09-22 11:48:23.281514,PV interconnect fault detected,Cleared,BE5,
2025-09-22 14:44:44.175005,PV interconnect fault detected,Active,BE5,
2025-09-22 16:12:16.004462,PV solder bond failure detected,Cleared,BE11,
2025-09-22 16:31:46.471693,PV solder bond failure detected,Cleared,BE11,
2025-09-22 18:49:01.738625,Rack structure fault detected,Active,BE15,
2025-09-22 21:59:50.399957,Rack structure fault detected,Cleared,BE15,
2025-09-22 23:39:53.759078,PV cell breakage detected,Cleared,BE10,
2025-09-23 00:44:25.564026,PV interconnect fault detected,Cleared,BE5,
2025-09-23 01:14:38.733240,Rack structure fault detected,Cleared,BE15,
2025-09-23 02:11:10.980089,Rack structure fault detected,Active,BE15,
2025-09-23 02:12:26.946801,Encapsulant fault detected,Active,BE16,
2025-09-23 03:58:31.547981,PV solder bond failure detected,Active,BE11,
2025-09-23 04:45:40.172202,PV cell breakage detected,Cleared,BE10,
2025-09-23 04:56:58.534029,Rack structure fault detected,Cleared,BE15,
2025-09-23 06:17:07.079290,Rack structure fault detected,Active,BE15,
2025-09-23 06:21:26.909260,PV solder bond failure detected,Active,BE11,
2025-09-23 06:55:52.933823,Encapsulant fault detected,Cleared,BE16,
2025-09-23 09:25:24.678533,PV cell breakage detected,Active,BE10,
2025-09-23 09:29:30.923870,PV interconnect fault detected,Cleared,BE5,
2025-09-23 09:40:55.568934,Grounding system fault detected,Cleared,BE6,
2025-09-23 10:31:03.092839,Grounding system fault detected,Cleared,BE6,
2025-09-23 14:25:07.824493,PV solder bond failure detected,Cleared,BE11,
2025-09-23 14:44:44.175005,PV interconnect fault detected,Cleared,BE5,
2025-09-23 15:32:06.841699,PV interconnect fault detected,Active,BE5,
2025-09-23 16:24:14.033643,PV solder bond failure detected,Active,BE11,
2025-09-23 16:46:02.718390,PV cell breakage detected,Active,BE10,
2025-09-23 18:30:55.241292,Rack structure fault detected,Cleared,BE15,
2025-09-23 19:45:45.074603,PV solder bond failure detected,Active,BE11,
2025-09-23 20:14:29.828409,PV cell breakage detected,Active,BE10,
2025-09-23 20:46:15.479862,PV solder bond failure detected,Active,BE11,
2025-09-23 20:50:36.295139,PV solder bond failure detected,Active,BE11,
2025-09-23 21:25:31.639558,PV interconnect fault detected,Active,BE5,
2025-09-23 22:03:50.047889,PV solder bond failure detected,Cleared,BE11,
2025-09-23 22:28:16.507710,PV cell breakage detected,Active,BE10,
2025-09-24 02:07:41.023260,PV solder bond failure detected,Active,BE11,
2025-09-24 02:20:31.060284,PV cell breakage detected,Active,BE10,
2025-09-24 03:41:38.088152,Grounding system fault detected,Active,BE6,
2025-09-24 04:46:30.915611,PV solder bond failure detected,Cleared,BE11,
2025-09-24 06:20:00.334219,PV soiling detected,Active,BE8,
2025-09-24 06:31:18.887074,PV cell breakage detected,Active,BE10,
2025-09-24 06:53:48.559967,PV solder bond failure detected,Cleared,BE11,
2025-09-24 07:09:37.350057,PV cell breakage detected,Active,BE10,
2025-09-24 08:49:14.321319,PV solder bond failure detected,Cleared,BE11,
2025-09-24 09:57:36.384207,Rack structure fault detected,Active,BE15,
2025-09-24 10:47:30.050085,PV shading detected,Active,BE9,
2025-09-24 11:17:53.272301,PV cell breakage detected,Active,BE10,
2025-09-24 12:01:35.491226,Encapsulant fault detected,Active,BE16,
2025-09-24 14:20:00.334219,PV soiling detected,Cleared,BE8,
2025-09-24 15:32:06.841699,PV interconnect fault detected,Cleared,BE5,
2025-09-24 16:53:42.495434,PV cell breakage detected,Active,BE10,
2025-09-24 17:28:25.369892,PV interconnect fault detected,Active,BE5,
2025-09-24 18:47:30.050085,PV shading detected,Cleared,BE9,
2025-09-24 18:49:01.738625,Rack structure fault detected,Cleared,BE15,
2025-09-24 21:20:01.481394,Grounding system fault detected,Active,BE6,
2025-09-24 21:25:31.639558,PV interconnect fault detected,Cleared,BE5,
2025-09-25 00:18:32.811642,PV interconnect fault detected,Active,BE5,
2025-09-25 01:08:15.780818,Rack structure fault detected,Active,BE15,
2025-09-25 02:11:10.980089,Rack structure fault detected,Cleared,BE15,
2025-09-25 02:12:26.946801,Encapsulant fault detected,Cleared,BE16,
2025-09-25 03:08:54.324830,PV solder bond failure detected,Active,BE11,
2025-09-25 03:41:38.088152,Grounding system fault detected,Cleared,BE6,
2025-09-25 03:58:31.547981,PV solder bond failure detected,Cleared,BE11,
2025-09-25 04:23:59.978127,PV cell breakage detected,Active,BE10,
2025-09-25 05:54:05.559123,PV interconnect fault detected,Active,BE5,
2025-09-25 06:14:46.947560,PV solder bond failure detected,Active,BE11,
2025-09-25 06:17:07.079290,Rack structure fault detected,Cleared,BE15,
2025-09-25 06:21:26.909260,PV solder bond failure detected,Cleared,BE11,
2025-09-25 08:11:29.648222,Encapsulant fault detected,Active,BE16,
2025-09-25 08:47:23.248696,PV shading detected,Active,BE9,
2025-09-25 09:06:58.964898,Grounding system fault detected,Active,BE6,
2025-09-25 09:08:04.508455,Encapsulant fault detected,Active,BE16,
2025-09-25 09:13:05.501624,PV solder bond failure detected,Active,BE11,
2025-09-25 09:17:26.996273,Rack structure fault detected,Active,BE15,
2025-09-25 09:25:24.678533,PV cell breakage detected,Cleared,BE10,
2025-09-25 11:59:45.931136,PV hot spot detected,Active,BE12,
2025-09-25 12:03:15.609089,PV solder bond failure detected,Active,BE11,
2025-09-25 13:14:37.944651,PV interconnect fault detected,Active,BE5,
2025-09-25 13:59:22.411187,PV cell breakage detected,Active,BE10,
2025-09-25 16:24:14.033643,PV solder bond failure detected,Cleared,BE11,
2025-09-25 16:46:02.718390,PV cell breakage detected,Cleared,BE10,
2025-09-25 16:47:23.248696,PV shading detected,Cleared,BE9,
2025-09-25 16:59:52.314687,PV solder bond failure detected,Active,BE11,
2025-09-25 17:09:52.658460,PV shading detected,Active,BE9,
2025-09-25 17:28:25.369892,PV interconnect fault detected,Cleared,BE5,
2025-09-25 17:28:59.445733,PV interconnect fault detected,Active,BE5,
2025-09-25 17:54:42.686139,PV shading detected,Active,BE9,
2025-09-25 18:28:15.674883,Rack structure fault detected,Active,BE15,
2025-09-25 19:45:45.074603,PV solder bond failure detected,Cleared,BE11,
2025-09-25 20:14:29.828409,PV cell breakage detected,Cleared,BE10,
2025-09-25 20:46:15.479862,PV solder bond failure detected,Cleared,BE11,
2025-09-25 20:50:36.295139,PV solder bond failure detected,Cleared,BE11,
2025-09-25 20:54:18.376375,PV solder bond failure detected,Active,BE11,
2025-09-25 21:20:01.481394,Grounding system fault detected,Cleared,BE6,
2025-09-25 21:36:18.555917,Rack structure fault detected,Active,BE15,
2025-09-25 22:28:16.507710,PV cell breakage detected,Cleared,BE10,
2025-09-26 00:18:32.811642,PV interconnect fault detected,Cleared,BE5,
2025-09-26 01:03:12.521489,PV cell breakage detected,Active,BE10,
2025-09-26 01:07:43.695241,PV cell breakage detected,Active,BE10,
2025-09-26 01:09:52.658460,PV shading detected,Cleared,BE9,
2025-09-26 01:54:42.686139,PV shading detected,Cleared,BE9,
2025-09-26 02:07:41.023260,PV solder bond failure detected,Cleared,BE11,
2025-09-26 02:20:31.060284,PV cell breakage detected,Cleared,BE10,
2025-09-26 03:19:49.355430,PV cell breakage detected,Active,BE10,
2025-09-26 05:54:05.559123,PV interconnect fault detected,Cleared,BE5,
2025-09-26 06:31:18.887074,PV cell breakage detected,Cleared,BE10,
2025-09-26 07:09:37.350057,PV cell breakage detected,Cleared,BE10,
2025-09-26 09:06:58.964898,Grounding system fault detected,Cleared,BE6,
2025-09-26 09:37:58.266391,PV glass breakage detected,Active,BE7,
2025-09-26 09:45:25.714369,PV interconnect fault detected,Active,BE5,
2025-09-26 09:57:36.384207,Rack structure fault detected,Cleared,BE15,
2025-09-26 11:07:32.524182,Rack structure fault detected,Active,BE15,
2025-09-26 11:09:32.353797,PV solder bond failure detected,Active,BE11,
2025-09-26 11:17:53.272301,PV cell breakage detected,Cleared,BE10,
2025-09-26 11:28:55.651489,Grounding system fault detected,Active,BE6,
2025-09-26 11:29:39.341927,Short/open circuit fault detected,Active,BE14,
2025-09-26 11:55:36.754078,Encapsulant fault detected,Active,BE16,
2025-09-26 11:59:45.931136,PV hot spot detected,Cleared,BE12,
2025-09-26 12:01:35.491226,Encapsulant fault detected,Cleared,BE16,
2025-09-26 13:03:01.218580,PV cell breakage detected,Active,BE10,
2025-09-26 13:14:37.944651,PV interconnect fault detected,Cleared,BE5,
2025-09-26 14:08:23.696998,PV shading detected,Active,BE9,
2025-09-26 15:53:42.122655,PV solder bond failure detected,Active,BE11,
2025-09-26 16:53:42.495434,PV cell breakage detected,Cleared,BE10,
2025-09-26 17:13:14.460138,Rack structure fault detected,Active,BE15,
2025-09-26 17:28:59.445733,PV interconnect fault detected,Cleared,BE5,
2025-09-26 18:00:53.493760,PV interconnect fault detected,Active,BE5,
2025-09-26 18:03:33.269271,PV soiling detected,Active,BE8,
2025-09-26 18:59:03.195924,PV cell breakage detected,Active,BE10,
2025-09-26 19:01:55.209490,PV cell breakage detected,Active,BE10,
2025-09-26 20:39:41.666335,PV solder bond failure detected,Active,BE11,
2025-09-26 21:08:17.856781,PV interconnect fault detected,Active,BE5,
2025-09-26 21:39:47.263297,PV solder bond failure detected,Active,BE11,
2025-09-26 22:08:23.696998,PV shading detected,Cleared,BE9,
2025-09-26 23:29:39.341927,Short/open circuit fault detected,Cleared,BE14,
2025-09-27 00:25:37.925527,PV glass breakage detected,Active,BE7,
2025-09-27 00:31:23.980261,PV shading detected,Active,BE9,
2025-09-27 01:05:27.559509,Grounding system fault detected,Active,BE6,
2025-09-27 01:08:15.780818,Rack structure fault detected,Cleared,BE15,
2025-09-27 01:54:38.650014,PV shading detected,Active,BE9,
2025-09-27 02:03:33.269271,PV soiling detected,Cleared,BE8,
2025-09-27 03:01:50.587140,PV shading detected,Active,BE9,
2025-09-27 03:08:54.324830,PV solder bond failure detected,Cleared,BE11,
2025-09-27 04:23:59.978127,PV cell breakage detected,Cleared,BE10,
2025-09-27 06:14:46.947560,PV solder bond failure detected,Cleared,BE11,
2025-09-27 08:11:29.648222,Encapsulant fault detected,Cleared,BE16,
2025-09-27 08:31:23.980261,PV shading detected,Cleared,BE9,
2025-09-27 09:08:04.508455,Encapsulant fault detected,Cleared,BE16,
2025-09-27 09:13:05.501624,PV solder bond failure detected,Cleared,BE11,
2025-09-27 09:17:26.996273,Rack structure fault detected,Cleared,BE15,
2025-09-27 09:37:58.266391,PV glass breakage detected,Cleared,BE7,
2025-09-27 09:40:12.994098,PV cell breakage detected,Active,BE10,
2025-09-27 09:45:25.714369,PV interconnect fault detected,Cleared,BE5,
2025-09-27 09:54:38.650014,PV shading detected,Cleared,BE9,
2025-09-27 11:01:50.587140,PV shading detected,Cleared,BE9,
2025-09-27 11:28:55.651489,Grounding system fault detected,Cleared,BE6,
2025-09-27 12:03:15.609089,PV solder bond failure detected,Cleared,BE11,
2025-09-27 13:59:22.411187,PV cell breakage detected,Cleared,BE10,
2025-09-27 16:59:52.314687,PV solder bond failure detected,Cleared,BE11,
2025-09-27 18:00:53.493760,PV interconnect fault detected,Cleared,BE5,
2025-09-27 18:28:15.674883,Rack structure fault detected,Cleared,BE15,
2025-09-27 20:41:32.406173,Encapsulant fault detected,Active,BE16,
2025-09-27 20:54:18.376375,PV solder bond failure detected,Cleared,BE11,
2025-09-27 21:08:17.856781,PV interconnect fault detected,Cleared,BE5,
2025-09-27 21:36:18.555917,Rack structure fault detected,Cleared,BE15,
2025-09-27 22:57:41.247231,PV cell breakage detected,Active,BE10,
2025-09-27 23:37:11.697423,Fuse installation fault detected,Active,BE2,
2025-09-28 00:18:19.552507,PV interconnect fault detected,Active,BE5,
2025-09-28 00:25:37.925527,PV glass breakage detected,Cleared,BE7,
2025-09-28 00:57:43.074882,PV solder bond failure detected,Active,BE11,
2025-09-28 01:03:12.521489,PV cell breakage detected,Cleared,BE10,
2025-09-28 01:05:27.559509,Grounding system fault detected,Cleared,BE6,
2025-09-28 01:07:43.695241,PV cell breakage detected,Cleared,BE10,
2025-09-28 02:53:46.930561,PV solder bond failure detected,Active,BE11,
2025-09-28 03:19:49.355430,PV cell breakage detected,Cleared,BE10,
2025-09-28 03:24:31.586245,PV solder bond failure detected,Active,BE11,
2025-09-28 03:37:11.697423,Fuse installation fault detected,Cleared,BE2,
2025-09-28 06:01:49.413884,PV interconnect fault detected,Active,BE5,
2025-09-28 06:05:29.437116,PV cell breakage detected,Active,BE10,
2025-09-28 06:20:48.176127,PV shading detected,Active,BE9,
2025-09-28 06:42:29.976201,PV cell breakage detected,Active,BE10,
2025-09-28 08:07:12.145378,MCB 1 fault detected,Active,BE3,
2025-09-28 10:43:34.445006,PV solder bond failure detected,Active,BE11,
2025-09-28 11:07:32.524182,Rack structure fault detected,Cleared,BE15,
2025-09-28 11:09:32.353797,PV solder bond failure detected,Cleared,BE11,
2025-09-28 11:55:36.754078,Encapsulant fault detected,Cleared,BE16,
2025-09-28 13:03:01.218580,PV cell breakage detected,Cleared,BE10,
2025-09-28 14:20:48.176127,PV shading detected,Cleared,BE9,
2025-09-28 15:18:03.132274,PV interconnect fault detected,Active,BE5,
2025-09-28 15:53:42.122655,PV solder bond failure detected,Cleared,BE11,
2025-09-28 16:48:38.840838,PV solder bond failure detected,Active,BE11,
2025-09-28 17:13:14.460138,Rack structure fault detected,Cleared,BE15,
2025-09-28 18:07:12.145378,MCB 1 fault detected,Cleared,BE3,
2025-09-28 18:55:03.535200,PV shading detected,Active,BE9,
2025-09-28 18:59:03.195924,PV cell breakage detected,Cleared,BE10,
2025-09-28 19:01:55.209490,PV cell breakage detected,Cleared,BE10,
2025-09-28 19:16:21.902949,Grounding system fault detected,Active,BE6,
2025-09-28 19:45:15.855674,PV cell breakage detected,Active,BE10,
2025-09-28 20:25:04.804511,PV solder bond failure detected,Active,BE11,
2025-09-28 20:39:41.666335,PV solder bond failure detected,Cleared,BE11,
2025-09-28 21:39:47.263297,PV solder bond failure detected,Cleared,BE11,
2025-09-29 00:06:24.230070,PV solder bond failure detected,Active,BE11,
2025-09-29 00:18:19.552507,PV interconnect fault detected,Cleared,BE5,
2025-09-29 00:50:51.930797,Encapsulant fault detected,Active,BE16,
2025-09-29 02:55:03.535200,PV shading detected,Cleared,BE9,
2025-09-29 03:36:51.589777,PV cell breakage detected,Active,BE10,
2025-09-29 06:01:49.413884,PV interconnect fault detected,Cleared,BE5,
2025-09-29 08:48:22.565324,MCB 2 fault detected,Active,BE4,
2025-09-29 09:40:12.994098,PV cell breakage detected,Cleared,BE10,
2025-09-29 10:26:44.758437,PV solder bond failure detected,Active,BE11,
2025-09-29 11:54:37.624470,PV solder bond failure detected,Active,BE11,
2025-09-29 13:18:29.868847,Encapsulant fault detected,Active,BE16,
2025-09-29 15:00:21.411908,PV shading detected,Active,BE9,
2025-09-29 15:18:03.132274,PV interconnect fault detected,Cleared,BE5,
2025-09-29 17:16:27.158489,PV cell breakage detected,Active,BE10,
2025-09-29 17:57:35.584947,Encapsulant fault detected,Active,BE16,
2025-09-29 18:48:22.565324,MCB 2 fault detected,Cleared,BE4,
2025-09-29 19:16:21.902949,Grounding system fault detected,Cleared,BE6,
2025-09-29 19:18:32.732645,PV interconnect fault detected,Active,BE5,
2025-09-29 19:47:42.175578,Rack structure fault detected,Active,BE15,
2025-09-29 20:41:32.406173,Encapsulant fault detected,Cleared,BE16,
2025-09-29 22:57:41.247231,PV cell breakage detected,Cleared,BE10,
2025-09-29 23:00:21.411908,PV shading detected,Cleared,BE9,
2025-09-29 23:27:06.678191,PV solder bond failure detected,Active,BE11,
2025-09-30 00:57:43.074882,PV solder bond failure detected,Cleared,BE11,
2025-09-30 02:53:46.930561,PV solder bond failure detected,Cleared,BE11,
2025-09-30 03:17:57.551372,MCB 2 fault detected,Active,BE4,
2025-09-30 03:24:31.586245,PV solder bond failure detected,Cleared,BE11,
2025-09-30 04:46:12.271561,Rack structure fault detected,Active,BE15,
2025-09-30 05:46:12.850859,PV cell breakage detected,Active,BE10,
2025-09-30 06:05:29.437116,PV cell breakage detected,Cleared,BE10,
2025-09-30 06:29:16.172677,PV solder bond failure detected,Active,BE11,
2025-09-30 06:42:29.976201,PV cell breakage detected,Cleared,BE10,
2025-09-30 06:52:43.766852,PV interconnect fault detected,Active,BE5,
2025-09-30 08:20:53.750505,PV interconnect fault detected,Active,BE5,
2025-09-30 10:08:20.954093,PV solder bond failure detected,Active,BE11,
2025-09-30 10:43:34.445006,PV solder bond failure detected,Cleared,BE11,
2025-09-30 13:17:57.551372,MCB 2 fault detected,Cleared,BE4,
2025-09-30 13:53:47.060808,Rack structure fault detected,Active,BE15,
2025-09-30 14:15:30.486557,PV solder bond failure detected,Active,BE11,
2025-09-30 15:00:12.836166,PV shading detected,Active,BE9,
2025-09-30 16:15:10.744052,PV solder bond failure detected,Active,BE11,
2025-09-30 16:48:38.840838,PV solder bond failure detected,Cleared,BE11,
2025-09-30 18:24:28.893288,Grounding system fault detected,Active,BE6,
2025-09-30 19:18:32.732645,PV interconnect fault detected,Cleared,BE5,
2025-09-30 19:45:15.855674,PV cell breakage detected,Cleared,BE10,
2025-09-30 20:20:25.079058,PV cell breakage detected,Active,BE10,
2025-09-30 20:25:04.804511,PV solder bond failure detected,Cleared,BE11,
2025-09-30 23:00:12.836166,PV shading detected,Cleared,BE9,
2025-10-01 00:06:24.230070,PV solder bond failure detected,Cleared,BE11,
2025-10-01 00:38:27.849955,PV shading detected,Active,BE9,
2025-10-01 00:50:51.930797,Encapsulant fault detected,Cleared,BE16,
2025-10-01 01:20:30.483006,Rack structure fault detected,Active,BE15,
2025-10-01 01:37:58.299997,PV solder bond failure detected,Active,BE11,
2025-10-01 02:42:17.351689,Encapsulant fault detected,Active,BE16,
2025-10-01 02:53:09.029204,PV cell breakage detected,Active,BE10,
2025-10-01 03:36:51.589777,PV cell breakage detected,Cleared,BE10,
2025-10-01 04:14:30.832860,PV cell breakage detected,Active,BE10,
2025-10-01 05:35:07.981551,Grounding system fault detected,Active,BE6,
2025-10-01 06:28:10.824211,PV solder bond failure detected,Active,BE11,
2025-10-01 06:52:43.766852,PV interconnect fault detected,Cleared,BE5,
2025-10-01 08:20:53.750505,PV interconnect fault detected,Cleared,BE5,
2025-10-01 08:38:27.849955,PV shading detected,Cleared,BE9,
2025-10-01 08:55:16.798077,PV shading detected,Active,BE9,
2025-10-01 09:04:18.085985,PV solder bond failure detected,Active,BE11,
2025-10-01 10:26:44.758437,PV solder bond failure detected,Cleared,BE11,
2025-10-01 11:54:37.624470,PV solder bond failure detected,Cleared,BE11,
2025-10-01 12:11:59.991051,Grounding system fault detected,Active,BE6,
2025-10-01 13:18:29.868847,Encapsulant fault detected,Cleared,BE16,
2025-10-01 14:12:59.663596,PV cell breakage detected,Active,BE10,
2025-10-01 15:10:03.425915,PV solder bond failure detected,Active,BE11,
2025-10-01 15:19:03.258890,PV shading detected,Active,BE9,
2025-10-01 16:00:11.905397,MCB 1 fault detected,Active,BE3,
2025-10-01 16:55:16.798077,PV shading detected,Cleared,BE9,
2025-10-01 17:16:27.158489,PV cell breakage detected,Cleared,BE10,
2025-10-01 17:34:14.460460,PV interconnect fault detected,Active,BE5,
2025-10-01 17:57:35.584947,Encapsulant fault detected,Cleared,BE16,
2025-10-01 18:24:28.893288,Grounding system fault detected,Cleared,BE6,
2025-10-01 19:38:57.076986,PV shading detected,Active,BE9,
2025-10-01 19:47:42.175578,Rack structure fault detected,Cleared,BE15,
2025-10-01 22:54:20.325345,PV cell breakage detected,Active,BE10,
2025-10-01 23:19:03.258890,PV shading detected,Cleared,BE9,
2025-10-01 23:27:06.678191,PV solder bond failure detected,Cleared,BE11,
2025-10-02 01:29:31.880175,Encapsulant fault detected,Active,BE16,
2025-10-02 02:00:11.905397,MCB 1 fault detected,Cleared,BE3,
2025-10-02 02:07:44.041572,PV shading detected,Active,BE9,
2025-10-02 03:38:57.076986,PV shading detected,Cleared,BE9,
2025-10-02 04:46:12.271561,Rack structure fault detected,Cleared,BE15,
2025-10-02 05:15:00.287223,PV interconnect fault detected,Active,BE5,
2025-10-02 05:35:07.981551,Grounding system fault detected,Cleared,BE6,
2025-10-02 05:46:12.850859,PV cell breakage detected,Cleared,BE10,
2025-10-02 06:29:16.172677,PV solder bond failure detected,Cleared,BE11,
2025-10-02 06:30:47.534704,Grounding system fault detected,Active,BE6,
2025-10-02 07:26:27.146670,MCB 2 fault detected,Active,BE4,
2025-10-02 07:55:29.482524,MCB 1 fault detected,Active,BE3,
2025-10-02 10:04:14.598523,PV interconnect fault detected,Active,BE5,
2025-10-02 10:07:44.041572,PV shading detected,Cleared,BE9,
2025-10-02 10:08:20.954093,PV solder bond failure detected,Cleared,BE11,
2025-10-02 11:03:54.308106,PV cell breakage detected,Active,BE10,
2025-10-02 11:26:34.891019,Rack structure fault detected,Active,BE15,
2025-10-02 11:50:36.590890,PV interconnect fault detected,Active,BE5,
2025-10-02 12:11:59.991051,Grounding system fault detected,Cleared,BE6,
2025-10-02 12:44:05.701829,PV cell breakage detected,Active,BE10,
2025-10-02 13:53:47.060808,Rack structure fault detected,Cleared,BE15,
2025-10-02 14:15:30.486557,PV solder bond failure detected,Cleared,BE11,
2025-10-02 14:40:48.176269,PV cell breakage detected,Active,BE10,
2025-10-02 16:00:39.082458,PV soiling detected,Active,BE8,
2025-10-02 16:15:10.744052,PV solder bond failure detected,Cleared,BE11,
2025-10-02 17:26:27.146670,MCB 2 fault detected,Cleared,BE4,
2025-10-02 17:34:14.460460,PV interconnect fault detected,Cleared,BE5,
2025-10-02 17:55:29.482524,MCB 1 fault detected,Cleared,BE3,
2025-10-02 19:01:23.093035,PV shading detected,Active,BE9,
2025-10-02 20:20:25.079058,PV cell breakage detected,Cleared,BE10,
2025-10-02 22:29:47.074936,MCB 2 fault detected,Active,BE4,
2025-10-03 00:00:39.082458,PV soiling detected,Cleared,BE8,
2025-10-03 01:20:30.483006,Rack structure fault detected,Cleared,BE15,
2025-10-03 01:37:58.299997,PV solder bond failure detected,Cleared,BE11,
2025-10-03 02:42:17.351689,Encapsulant fault detected,Cleared,BE16,
2025-10-03 02:53:09.029204,PV cell breakage detected,Cleared,BE10,
2025-10-03 03:01:23.093035,PV shading detected,Cleared,BE9,
2025-10-03 03:52:00.874941,PV solder bond failure detected,Active,BE11,
2025-10-03 04:14:30.832860,PV cell breakage detected,Cleared,BE10,
2025-10-03 05:15:00.287223,PV interconnect fault detected,Cleared,BE5,
2025-10-03 05:29:24.902901,PV shading detected,Active,BE9,
2025-10-03 06:28:10.824211,PV solder bond failure detected,Cleared,BE11,
2025-10-03 06:30:47.534704,Grounding system fault detected,Cleared,BE6,
2025-10-03 06:31:10.692833,PV interconnect fault detected,Active,BE5,
2025-10-03 07:42:34.216721,PV solder bond failure detected,Active,BE11,
2025-10-03 08:29:47.074936,MCB 2 fault detected,Cleared,BE4,
2025-10-03 09:04:18.085985,PV solder bond failure detected,Cleared,BE11,
2025-10-03 09:34:35.720683,Rack structure fault detected,Active,BE15,
2025-10-03 10:04:14.598523,PV interconnect fault detected,Cleared,BE5,
2025-10-03 10:30:34.876530,PV cell breakage detected,Active,BE10,
2025-10-03 11:50:36.590890,PV interconnect fault detected,Cleared,BE5,
2025-10-03 13:29:24.902901,PV shading detected,Cleared,BE9,
2025-10-03 14:12:59.663596,PV cell breakage detected,Cleared,BE10,
2025-10-03 15:10:03.425915,PV solder bond failure detected,Cleared,BE11,
2025-10-03 17:48:20.105219,Rack structure fault detected,Active,BE15,
2025-10-03 17:57:32.629325,PV interconnect fault detected,Active,BE5,
2025-10-03 22:54:20.325345,PV cell breakage detected,Cleared,BE10,
2025-10-03 22:56:31.289193,PV cell breakage detected,Active,BE10,
2025-10-04 00:45:11.791580,PV solder bond failure detected,Active,BE11,
2025-10-04 01:29:31.880175,Encapsulant fault detected,Cleared,BE16,
2025-10-04 02:58:15.772221,PV interconnect fault detected,Active,BE5,
2025-10-04 03:35:56.073440,PV solder bond failure detected,Active,BE11,
2025-10-04 03:58:38.784604,PV solder bond failure detected,Active,BE11,
2025-10-04 05:30:49.766818,PV solder bond failure detected,Active,BE11,
2025-10-04 06:31:10.692833,PV interconnect fault detected,Cleared,BE5,
2025-10-04 06:50:11.857222,PV shading detected,Active,BE9,
2025-10-04 08:11:52.869037,Grounding system fault detected,Active,BE6,
2025-10-04 09:09:43.107894,PV solder bond failure detected,Active,BE11,
2025-10-04 10:49:46.983770,PV solder bond failure detected,Active,BE11,
2025-10-04 10:49:52.480948,PV solder bond failure detected,Active,BE11,
2025-10-04 11:03:54.308106,PV cell breakage detected,Cleared,BE10,
2025-10-04 11:12:13.732581,Rack structure fault detected,Active,BE15,
2025-10-04 11:26:34.891019,Rack structure fault detected,Cleared,BE15,
2025-10-04 12:44:05.701829,PV cell breakage detected,Cleared,BE10,
2025-10-04 13:01:32.853449,Grounding system fault detected,Active,BE6,
2025-10-04 13:29:39.369564,PV shading detected,Active,BE9,
2025-10-04 14:40:48.176269,PV cell breakage detected,Cleared,BE10,
2025-10-04 14:50:11.857222,PV shading detected,Cleared,BE9,
2025-10-04 17:57:32.629325,PV interconnect fault detected,Cleared,BE5,
2025-10-04 18:08:36.707894,PV hot spot detected,Active,BE12,
2025-10-04 20:21:47.272244,PV cell breakage detected,Active,BE10,
2025-10-04 21:29:39.369564,PV shading detected,Cleared,BE9,
2025-10-04 22:48:17.661725,Encapsulant fault detected,Active,BE16,
2025-10-04 23:18:31.920465,Rack structure fault detected,Active,BE15,
2025-10-05 00:06:35.563468,PV shading detected,Active,BE9,
2025-10-05 00:37:25.316233,PV soiling detected,Active,BE8,
2025-10-05 01:46:26.417305,Encapsulant fault detected,Active,BE16,
2025-10-05 02:58:15.772221,PV interconnect fault detected,Cleared,BE5,
2025-10-05 03:24:32.639722,PV solder bond failure detected,Active,BE11,
2025-10-05 03:52:00.874941,PV solder bond failure detected,Cleared,BE11,
2025-10-05 05:29:15.488414,PV interconnect fault detected,Active,BE5,
2025-10-05 06:15:39.057981,Encapsulant fault detected,Active,BE16,
2025-10-05 07:42:34.216721,PV solder bond failure detected,Cleared,BE11,
2025-10-05 08:06:35.563468,PV shading detected,Cleared,BE9,
2025-10-05 08:11:52.869037,Grounding system fault detected,Cleared,BE6,
2025-10-05 08:36:33.235495,Rack structure fault detected,Active,BE15,
2025-10-05 08:37:25.316233,PV soiling detected,Cleared,BE8,
2025-10-05 08:55:56.470750,Grounding system fault detected,Active,BE6,
2025-10-05 09:06:52.205782,PV cell breakage detected,Active,BE10,
2025-10-05 09:34:35.720683,Rack structure fault detected,Cleared,BE15,
2025-10-05 10:26:10.704315,Encapsulant fault detected,Active,BE16,
2025-10-05 10:30:34.876530,PV cell breakage detected,Cleared,BE10,
2025-10-05 11:26:54.345910,PV shading detected,Active,BE9,
2025-10-05 11:32:20.598693,Rack structure fault detected,Active,BE15,
2025-10-05 13:01:32.853449,Grounding system fault detected,Cleared,BE6,
2025-10-05 15:53:53.336666,PV solder bond failure detected,Active,BE11,
2025-10-05 17:16:07.676611,PV cell breakage detected,Active,BE10,
2025-10-05 17:48:20.105219,Rack structure fault detected,Cleared,BE15,
2025-10-05 18:08:36.707894,PV hot spot detected,Cleared,BE12,
2025-10-05 19:26:54.345910,PV shading detected,Cleared,BE9,
2025-10-05 20:05:30.831459,Rack structure fault detected,Active,BE15,
2025-10-05 21:37:38.505801,PV shading detected,Active,BE9,
2025-10-05 22:56:31.289193,PV cell breakage detected,Cleared,BE10,
2025-10-05 23:51:22.723040,PV interconnect fault detected,Active,BE5,
2025-10-05 23:57:42.798824,Rack structure fault detected,Active,BE15,
2025-10-06 00:45:11.791580,PV solder bond failure detected,Cleared,BE11,
2025-10-06 01:01:00.131947,PV solder bond failure detected,Active,BE11,
2025-10-06 01:48:02.353683,PV interconnect fault detected,Active,BE5,
2025-10-06 02:15:07.476106,PV solder bond failure detected,Active,BE11,
2025-10-06 02:47:26.786549,PV cell breakage detected,Active,BE10,
2025-10-06 03:06:52.303288,PV solder bond failure detected,Active,BE11,
2025-10-06 03:35:06.953431,PV solder bond failure detected,Active,BE11,
2025-10-06 03:35:56.073440,PV solder bond failure detected,Cleared,BE11,
2025-10-06 03:58:38.784604,PV solder bond failure detected,Cleared,BE11,
2025-10-06 05:18:34.038113,Grounding system fault detected,Active,BE6,
2025-10-06 05:29:15.488414,PV interconnect fault detected,Cleared,BE5,
2025-10-06 05:30:49.766818,PV solder bond failure detected,Cleared,BE11,
2025-10-06 05:37:38.505801,PV shading detected,Cleared,BE9,
2025-10-06 06:12:58.632466,PV interconnect fault detected,Active,BE5,
2025-10-06 08:55:56.470750,Grounding system fault detected,Cleared,BE6,
2025-10-06 09:09:43.107894,PV solder bond failure detected,Cleared,BE11,
2025-10-06 09:35:34.786447,PV interconnect fault detected,Active,BE5,
2025-10-06 10:39:28.964377,PV hot spot detected,Active,BE12,
2025-10-06 10:49:46.983770,PV solder bond failure detected,Cleared,BE11,
2025-10-06 10:49:52.480948,PV solder bond failure detected,Cleared,BE11,
2025-10-06 11:12:13.732581,Rack structure fault detected,Cleared,BE15,
2025-10-06 11:24:32.675405,PV shading detected,Active,BE9,
2025-10-06 12:14:36.130506,PV solder bond failure detected,Active,BE11,
2025-10-06 14:01:46.426980,Encapsulant fault detected,Active,BE16,
2025-10-06 14:29:21.719394,PV shading detected,Active,BE9,
2025-10-06 17:39:34.436418,Encapsulant fault detected,Active,BE16,
2025-10-06 18:52:11.418291,Encapsulant fault detected,Active,BE16,
2025-10-06 19:24:32.675405,PV shading detected,Cleared,BE9,
2025-10-06 20:21:47.272244,PV cell breakage detected,Cleared,BE10,
2025-10-06 22:29:21.719394,PV shading detected,Cleared,BE9,
2025-10-06 22:30:58.100959,PV cell breakage detected,Active,BE10,
2025-10-06 22:39:02.039267,PV shading detected,Active,BE9,
2025-10-06 22:48:17.661725,Encapsulant fault detected,Cleared,BE16,
2025-10-06 23:18:31.920465,Rack structure fault detected,Cleared,BE15,
2025-10-06 23:51:22.723040,PV interconnect fault detected,Cleared,BE5,
2025-10-06 23:54:04.730818,PV shading detected,Active,BE9,
2025-10-07 01:41:47.895462,PV interconnect fault detected,Active,BE5,
2025-10-07 01:46:26.417305,Encapsulant fault detected,Cleared,BE16,
2025-10-07 01:48:02.353683,PV interconnect fault detected,Cleared,BE5,
2025-10-07 02:05:59.280137,PV interconnect fault detected,Active,BE5,
2025-10-07 03:24:32.639722,PV solder bond failure detected,Cleared,BE11,
2025-10-07 05:18:34.038113,Grounding system fault detected,Cleared,BE6,
2025-10-07 05:24:59.497352,PV shading detected,Active,BE9,
2025-10-07 06:00:47.531900,PV solder bond failure detected,Active,BE11,
2025-10-07 06:12:58.632466,PV interconnect fault detected,Cleared,BE5,
2025-10-07 06:15:39.057981,Encapsulant fault detected,Cleared,BE16,
2025-10-07 06:16:15.488643,PV cell breakage detected,Active,BE10,
2025-10-07 06:39:02.039267,PV shading detected,Cleared,BE9,
2025-10-07 07:54:04.730818,PV shading detected,Cleared,BE9,
2025-10-07 08:16:01.957592,Grounding system fault detected,Active,BE6,
2025-10-07 08:36:33.235495,Rack structure fault detected,Cleared,BE15,
2025-10-07 09:06:52.205782,PV cell breakage detected,Cleared,BE10,
2025-10-07 09:35:34.786447,PV interconnect fault detected,Cleared,BE5,
2025-10-07 09:45:04.709152,Rack structure fault detected,Active,BE15,
2025-10-07 09:47:59.097663,PV solder bond failure detected,Active,BE11,
2025-10-07 10:26:10.704315,Encapsulant fault detected,Cleared,BE16,
2025-10-07 10:39:10.290804,PV solder bond failure detected,Active,BE11,
2025-10-07 10:39:28.964377,PV hot spot detected,Cleared,BE12,
2025-10-07 11:08:45.963039,Grounding system fault detected,Active,BE6,
2025-10-07 11:32:20.598693,Rack structure fault detected,Cleared,BE15,
2025-10-07 12:04:21.984664,PV interconnect fault detected,Active,BE5,
2025-10-07 13:00:58.704071,PV shading detected,Active,BE9,
2025-10-07 13:24:59.497352,PV shading detected,Cleared,BE9,
2025-10-07 15:14:46.256683,PV cell breakage detected,Active,BE10,
2025-10-07 15:21:21.507924,Rack structure fault detected,Active,BE15,
2025-10-07 15:28:58.875660,PV solder bond failure detected,Active,BE11,
2025-10-07 15:53:53.336666,PV solder bond failure detected,Cleared,BE11,
2025-10-07 16:46:20.462818,PV cell breakage detected,Active,BE10,
2025-10-07 17:16:07.676611,PV cell breakage detected,Cleared,BE10,
2025-10-07 18:22:04.584257,PV solder bond failure detected,Active,BE11,
2025-10-07 20:05:30.831459,Rack structure fault detected,Cleared,BE15,
2025-10-07 21:00:58.704071,PV shading detected,Cleared,BE9,
2025-10-07 21:31:36.506051,PV solder bond failure detected,Active,BE11,
2025-10-07 22:31:58.539060,PV cell breakage detected,Active,BE10,
2025-10-07 23:57:42.798824,Rack structure fault detected,Cleared,BE15,
2025-10-08 01:01:00.131947,PV solder bond failure detected,Cleared,BE11,
2025-10-08 01:01:06.780790,PV shading detected,Active,BE9,
2025-10-08 01:41:47.895462,PV interconnect fault detected,Cleared,BE5,
2025-10-08 02:05:59.280137,PV interconnect fault detected,Cleared,BE5,
2025-10-08 02:15:07.476106,PV solder bond failure detected,Cleared,BE11,
2025-10-08 02:47:26.786549,PV cell breakage detected,Cleared,BE10,
2025-10-08 03:06:52.303288,PV solder bond failure detected,Cleared,BE11,
2025-10-08 03:35:06.953431,PV solder bond failure detected,Cleared,BE11,
2025-10-08 03:46:57.120466,PV soiling detected,Active,BE8,
2025-10-08 04:03:26.462540,PV solder bond failure detected,Active,BE11,
2025-10-08 05:03:48.525765,PV interconnect fault detected,Active,BE5,
2025-10-08 08:16:01.957592,Grounding system fault detected,Cleared,BE6,
2025-10-08 09:01:06.780790,PV shading detected,Cleared,BE9,
2025-10-08 09:50:05.974783,PV cell breakage detected,Active,BE10,
2025-10-08 10:57:47.607109,PV soiling detected,Active,BE8,
2025-10-08 11:08:45.963039,Grounding system fault detected,Cleared,BE6,
2025-10-08 11:46:57.120466,PV soiling detected,Cleared,BE8,
2025-10-08 12:04:21.984664,PV interconnect fault detected,Cleared,BE5,
2025-10-08 12:14:36.130506,PV solder bond failure detected,Cleared,BE11,
2025-10-08 12:35:14.146767,PV solder bond failure detected,Active,BE11,
2025-10-08 12:40:08.760514,PV cell breakage detected,Active,BE10,
2025-10-08 12:49:22.568608,Grounding system fault detected,Active,BE6,
2025-10-08 13:22:31.833992,PV solder bond failure detected,Active,BE11,
2025-10-08 13:37:09.173672,PV solder bond failure detected,Active,BE11,
2025-10-08 14:01:46.426980,Encapsulant fault detected,Cleared,BE16,
2025-10-08 14:41:44.499664,PV cell breakage detected,Active,BE10,
2025-10-08 17:39:34.436418,Encapsulant fault detected,Cleared,BE16,
2025-10-08 18:04:24.596355,PV cell breakage detected,Active,BE10,
2025-10-08 18:52:11.418291,Encapsulant fault detected,Cleared,BE16,
2025-10-08 18:57:47.607109,PV soiling detected,Cleared,BE8,
2025-10-08 20:03:56.337466,MCB 1 fault detected,Active,BE3,
2025-10-08 20:33:09.151596,PV cell breakage detected,Active,BE10,
2025-10-08 22:30:58.100959,PV cell breakage detected,Cleared,BE10,
2025-10-08 22:43:21.321974,PV cell breakage detected,Active,BE10,
2025-10-09 03:41:00.094397,PV cell breakage detected,Active,BE10,
2025-10-09 05:03:48.525765,PV interconnect fault detected,Cleared,BE5,
2025-10-09 05:48:40.753185,PV interconnect fault detected,Active,BE5,
2025-10-09 06:00:47.531900,PV solder bond failure detected,Cleared,BE11,
2025-10-09 06:03:56.337466,MCB 1 fault detected,Cleared,BE3,
2025-10-09 06:16:15.488643,PV cell breakage detected,Cleared,BE10,
2025-10-09 09:05:07.174750,Rack structure fault detected,Active,BE15,
2025-10-09 09:45:04.709152,Rack structure fault detected,Cleared,BE15,
2025-10-09 09:47:59.097663,PV solder bond failure detected,Cleared,BE11,
2025-10-09 10:39:10.290804,PV solder bond failure detected,Cleared,BE11,
2025-10-09 10:45:36.693336,PV interconnect fault detected,Active,BE5,
2025-10-09 11:10:56.286159,PV shading detected,Active,BE9,
2025-10-09 12:49:22.568608,Grounding system fault detected,Cleared,BE6,
2025-10-09 15:14:46.256683,PV cell breakage detected,Cleared,BE10,
2025-10-09 15:21:21.507924,Rack structure fault detected,Cleared,BE15,
2025-10-09 15:28:58.875660,PV solder bond failure detected,Cleared,BE11,
2025-10-09 16:46:20.462818,PV cell breakage detected,Cleared,BE10,
2025-10-09 18:22:04.584257,PV solder bond failure detected,Cleared,BE11,
2025-10-09 19:10:56.286159,PV shading detected,Cleared,BE9,
2025-10-09 19:31:54.306726,Rack structure fault detected,Active,BE15,
2025-10-09 21:31:36.506051,PV solder bond failure detected,Cleared,BE11,
2025-10-09 21:36:47.547609,PV shading detected,Active,BE9,
2025-10-09 22:31:58.539060,PV cell breakage detected,Cleared,BE10,
2025-10-10 00:24:17.353679,PV solder bond failure detected,Active,BE11,
2025-10-10 01:03:59.167441,PV cell breakage detected,Active,BE10,
2025-10-10 02:11:10.882398,PV solder bond failure detected,Active,BE11,
2025-10-10 02:33:30.498246,PV solder bond failure detected,Active,BE11,
2025-10-10 03:58:28.290193,PV solder bond failure detected,Active,BE11,
2025-10-10 04:03:26.462540,PV solder bond failure detected,Cleared,BE11,
2025-10-10 04:14:30.315908,PV solder bond failure detected,Active,BE11,
2025-10-10 05:36:47.547609,PV shading detected,Cleared,BE9,
2025-10-10 05:48:40.753185,PV interconnect fault detected,Cleared,BE5,
2025-10-10 07:06:45.117317,PV interconnect fault detected,Active,BE5,
2025-10-10 07:24:37.925812,PV cell breakage detected,Active,BE10,
2025-10-10 07:35:09.118197,PV solder bond failure detected,Active,BE11,
2025-10-10 08:29:54.218810,PV interconnect fault detected,Active,BE5,
2025-10-10 09:10:55.628271,PV hot spot detected,Active,BE12,
2025-10-10 09:13:39.739082,Rack structure fault detected,Active,BE15,
2025-10-10 09:16:38.686401,PV cell breakage detected,Active,BE10,
2025-10-10 09:50:05.974783,PV cell breakage detected,Cleared,BE10,
2025-10-10 09:59:44.724636,PV cell breakage detected,Active,BE10,
2025-10-10 10:45:36.693336,PV interconnect fault detected,Cleared,BE5,
2025-10-10 12:35:14.146767,PV solder bond failure detected,Cleared,BE11,
2025-10-10 12:40:08.760514,PV cell breakage detected,Cleared,BE10,
2025-10-10 13:04:44.526869,PV shading detected,Active,BE9,
2025-10-10 13:22:31.833992,PV solder bond failure detected,Cleared,BE11,
2025-10-10 13:37:09.173672,PV solder bond failure detected,Cleared,BE11,
2025-10-10 13:44:47.293968,Grounding system fault detected,Active,BE6,
2025-10-10 14:41:44.499664,PV cell breakage detected,Cleared,BE10,
2025-10-10 17:47:18.975984,Grounding system fault detected,Active,BE6,
2025-10-10 18:04:24.596355,PV cell breakage detected,Cleared,BE10,
2025-10-10 18:29:25.811456,PV solder bond failure detected,Active,BE11,
2025-10-10 19:58:03.520720,Rack structure fault detected,Active,BE15,
2025-10-10 20:33:09.151596,PV cell breakage detected,Cleared,BE10,
2025-10-10 20:40:46.328595,PV cell breakage detected,Active,BE10,
2025-10-10 21:04:44.526869,PV shading detected,Cleared,BE9,
2025-10-10 21:05:56.465049,PV shading detected,Active,BE9,
2025-10-10 21:17:51.056335,PV solder bond failure detected,Active,BE11,
2025-10-10 21:52:05.515097,Rack structure fault detected,Active,BE15,
2025-10-10 22:41:45.105816,PV glass breakage detected,Active,BE7,
2025-10-10 22:43:21.321974,PV cell breakage detected,Cleared,BE10,
2025-10-10 23:19:24.578639,Grounding system fault detected,Active,BE6,
2025-10-11 01:00:26.746208,PV cell breakage detected,Active,BE10,
2025-10-11 01:14:49.892027,PV solder bond failure detected,Active,BE11,
2025-10-11 03:41:00.094397,PV cell breakage detected,Cleared,BE10,
2025-10-11 04:20:00.499968,Rack structure fault detected,Active,BE15,
2025-10-11 05:05:56.465049,PV shading detected,Cleared,BE9,
2025-10-11 05:45:56.658058,Rack structure fault detected,Active,BE15,
2025-10-11 06:38:48.004224,PV interconnect fault detected,Active,BE5,
2025-10-11 07:06:45.117317,PV interconnect fault detected,Cleared,BE5,
2025-10-11 08:15:31.392757,PV interconnect fault detected,Active,BE5,
2025-10-11 08:29:54.218810,PV interconnect fault detected,Cleared,BE5,
2025-10-11 08:31:26.719697,PV shading detected,Active,BE9,
2025-10-11 08:49:03.784886,PV solder bond failure detected,Active,BE11,
2025-10-11 09:05:07.174750,Rack structure fault detected,Cleared,BE15,
2025-10-11 09:10:55.628271,PV hot spot detected,Cleared,BE12,
2025-10-11 09:21:36.547908,PV shading detected,Active,BE9,
2025-10-11 12:41:45.604794,PV shading detected,Active,BE9,
2025-10-11 13:35:59.276160,PV solder bond failure detected,Active,BE11,
2025-10-11 13:40:15.994158,Encapsulant fault detected,Active,BE16,
2025-10-11 13:44:47.293968,Grounding system fault detected,Cleared,BE6,
2025-10-11 14:06:43.174166,Encapsulant fault detected,Active,BE16,
2025-10-11 14:14:36.696212,PV interconnect fault detected,Active,BE5,
2025-10-11 16:28:42.538029,PV cell breakage detected,Active,BE10,
2025-10-11 16:31:26.719697,PV shading detected,Cleared,BE9,
2025-10-11 17:21:36.547908,PV shading detected,Cleared,BE9,
2025-10-11 17:47:18.975984,Grounding system fault detected,Cleared,BE6,
2025-10-11 17:48:01.426823,PV shading detected,Active,BE9,
2025-10-11 19:08:43.976588,Rack structure fault detected,Active,BE15,
2025-10-11 19:31:54.306726,Rack structure fault detected,Cleared,BE15,
2025-10-11 20:41:45.604794,PV shading detected,Cleared,BE9,
2025-10-11 22:41:45.105816,PV glass breakage detected,Cleared,BE7,
2025-10-11 23:19:24.578639,Grounding system fault detected,Cleared,BE6,
2025-10-12 00:24:17.353679,PV solder bond failure detected,Cleared,BE11,
2025-10-12 01:03:59.167441,PV cell breakage detected,Cleared,BE10,
2025-10-12 01:04:06.628410,PV shading detected,Active,BE9,
2025-10-12 01:35:58.043664,PV shading detected,Active,BE9,
2025-10-12 01:48:01.426823,PV shading detected,Cleared,BE9,
2025-10-12 02:08:27.635854,PV cell breakage detected,Active,BE10,
2025-10-12 02:11:10.882398,PV solder bond failure detected,Cleared,BE11,
2025-10-12 02:33:30.498246,PV solder bond failure detected,Cleared,BE11,
2025-10-12 02:53:29.809701,PV solder bond failure detected,Active,BE11,
2025-10-12 03:16:06.930080,Rack structure fault detected,Active,BE15,
2025-10-12 03:18:49.217277,PV shading detected,Active,BE9,
2025-10-12 03:58:28.290193,PV solder bond failure detected,Cleared,BE11,
2025-10-12 04:14:30.315908,PV solder bond failure detected,Cleared,BE11,
2025-10-12 06:38:48.004224,PV interconnect fault detected,Cleared,BE5,
2025-10-12 06:59:47.414036,PV shading detected,Active,BE9,
2025-10-12 07:24:37.925812,PV cell breakage detected,Cleared,BE10,
2025-10-12 07:35:09.118197,PV solder bond failure detected,Cleared,BE11,
2025-10-12 08:15:31.392757,PV interconnect fault detected,Cleared,BE5,
2025-10-12 09:04:06.628410,PV shading detected,Cleared,BE9,
2025-10-12 09:06:31.818056,PV interconnect fault detected,Active,BE5,
2025-10-12 09:13:39.739082,Rack structure fault detected,Cleared,BE15,
2025-10-12 09:16:38.686401,PV cell breakage detected,Cleared,BE10,
2025-10-12 09:35:58.043664,PV shading detected,Cleared,BE9,
2025-10-12 09:59:44.724636,PV cell breakage detected,Cleared,BE10,
2025-10-12 11:01:43.383585,PV interconnect fault detected,Active,BE5,
2025-10-12 11:18:49.217277,PV shading detected,Cleared,BE9,
2025-10-12 14:06:23.937731,PV interconnect fault detected,Active,BE5,
2025-10-12 14:14:36.696212,PV interconnect fault detected,Cleared,BE5,
2025-10-12 14:59:47.414036,PV shading detected,Cleared,BE9,
2025-10-12 16:24:30.420086,PV cell breakage detected,Active,BE10,
2025-10-12 16:24:35.944779,PV solder bond failure detected,Active,BE11,
2025-10-12 16:28:37.077799,PV solder bond failure detected,Active,BE11,
2025-10-12 16:52:43.282559,Short/open circuit fault detected,Active,BE14,
2025-10-12 18:29:25.811456,PV solder bond failure detected,Cleared,BE11,
2025-10-12 19:15:17.670335,PV cell breakage detected,Active,BE10,
2025-10-12 19:58:03.520720,Rack structure fault detected,Cleared,BE15,
2025-10-12 20:40:46.328595,PV cell breakage detected,Cleared,BE10,
2025-10-12 21:17:51.056335,PV solder bond failure detected,Cleared,BE11,
2025-10-12 21:44:55.177487,Encapsulant fault detected,Active,BE16,
2025-10-12 21:52:05.515097,Rack structure fault detected,Cleared,BE15,
2025-10-12 23:14:24.927614,PV soiling detected,Active,BE8,
2025-10-12 23:54:48.421625,Rack structure fault detected,Active,BE15,
2025-10-13 01:00:26.746208,PV cell breakage detected,Cleared,BE10,
2025-10-13 01:14:49.892027,PV solder bond failure detected,Cleared,BE11,
2025-10-13 02:35:59.790804,PV solder bond failure detected,Active,BE11,
2025-10-13 03:19:47.914072,Rack structure fault detected,Active,BE15,
2025-10-13 04:20:00.499968,Rack structure fault detected,Cleared,BE15,
2025-10-13 04:52:43.282559,Short/open circuit fault detected,Cleared,BE14,
2025-10-13 05:14:56.409971,PV interconnect fault detected,Active,BE5,
2025-10-13 05:43:33.586977,Encapsulant fault detected,Active,BE16,
2025-10-13 05:45:56.658058,Rack structure fault detected,Cleared,BE15,
2025-10-13 05:47:47.123880,Rack structure fault detected,Active,BE15,
2025-10-13 05:49:38.275084,PV cell breakage detected,Active,BE10,
2025-10-13 06:45:10.457215,PV solder bond failure detected,Active,BE11,
2025-10-13 07:14:24.927614,PV soiling detected,Cleared,BE8,
2025-10-13 08:34:37.770830,PV cell breakage detected,Active,BE10,
2025-10-13 08:49:03.784886,PV solder bond failure detected,Cleared,BE11,
2025-10-13 09:06:31.818056,PV interconnect fault detected,Cleared,BE5,
2025-10-13 09:45:02.958908,PV soiling detected,Active,BE8,
2025-10-13 11:01:43.383585,PV interconnect fault detected,Cleared,BE5,
2025-10-13 12:56:57.021534,Rack structure fault detected,Active,BE15,
2025-10-13 13:35:59.276160,PV solder bond failure detected,Cleared,BE11,
2025-10-13 13:40:15.994158,Encapsulant fault detected,Cleared,BE16,
2025-10-13 14:06:23.937731,PV interconnect fault detected,Cleared,BE5,
2025-10-13 14:06:43.174166,Encapsulant fault detected,Cleared,BE16,
2025-10-13 16:28:42.538029,PV cell breakage detected,Cleared,BE10,
2025-10-13 17:45:02.958908,PV soiling detected,Cleared,BE8,
2025-10-13 19:08:43.976588,Rack structure fault detected,Cleared,BE15,
2025-10-13 20:17:50.715163,PV interconnect fault detected,Active,BE5,
2025-10-13 23:26:22.823550,PV shading detected,Active,BE9,
2025-10-13 23:51:27.789657,Grounding system fault detected,Active,BE6,
2025-10-14 02:08:27.635854,PV cell breakage detected,Cleared,BE10,
2025-10-14 02:53:29.809701,PV solder bond failure detected,Cleared,BE11,
2025-10-14 03:16:06.930080,Rack structure fault detected,Cleared,BE15,
2025-10-14 03:55:55.442660,Grounding system fault detected,Active,BE6,
2025-10-14 04:00:48.325540,PV shading detected,Active,BE9,
2025-10-14 05:14:56.409971,PV interconnect fault detected,Cleared,BE5,
2025-10-14 07:26:22.823550,PV shading detected,Cleared,BE9,
2025-10-14 08:24:41.107024,PV interconnect fault detected,Active,BE5,
2025-10-14 09:40:16.934719,PV cell breakage detected,Active,BE10,
2025-10-14 11:29:20.751557,PV shading detected,Active,BE9,
2025-10-14 12:00:48.325540,PV shading detected,Cleared,BE9,
2025-10-14 12:59:04.917051,PV solder bond failure detected,Active,BE11,
2025-10-14 13:58:10.287711,PV shading detected,Active,BE9,
2025-10-14 14:03:16.496693,Encapsulant fault detected,Active,BE16,
2025-10-14 16:24:30.420086,PV cell breakage detected,Cleared,BE10,
2025-10-14 16:24:35.944779,PV solder bond failure detected,Cleared,BE11,
2025-10-14 16:28:37.077799,PV solder bond failure detected,Cleared,BE11,
2025-10-14 17:25:27.304550,PV solder bond failure detected,Active,BE11,
2025-10-14 18:44:39.434008,PV cell breakage detected,Active,BE10,
2025-10-14 19:15:17.670335,PV cell breakage detected,Cleared,BE10,
2025-10-14 19:29:20.751557,PV shading detected,Cleared,BE9,
2025-10-14 20:17:50.715163,PV interconnect fault detected,Cleared,BE5,
2025-10-14 21:44:55.177487,Encapsulant fault detected,Cleared,BE16,
2025-10-14 21:58:10.287711,PV shading detected,Cleared,BE9,
2025-10-14 22:15:46.254869,PV cell breakage detected,Active,BE10,
2025-10-14 22:24:24.158474,PV interconnect fault detected,Active,BE5,
2025-10-14 23:51:27.789657,Grounding system fault detected,Cleared,BE6,
2025-10-14 23:54:48.421625,Rack structure fault detected,Cleared,BE15,
2025-10-15 00:41:32.544649,PV shading detected,Active,BE9,
2025-10-15 00:46:26.514100,Rack structure fault detected,Active,BE15,
2025-10-15 01:04:45.736765,PV cell breakage detected,Active,BE10,
2025-10-15 02:35:59.790804,PV solder bond failure detected,Cleared,BE11,
2025-10-15 02:58:46.241033,PV cell breakage detected,Active,BE10,
2025-10-15 03:19:47.914072,Rack structure fault detected,Cleared,BE15,
2025-10-15 03:55:55.442660,Grounding system fault detected,Cleared,BE6,
2025-10-15 04:14:40.403948,Encapsulant fault detected,Active,BE16,
2025-10-15 04:26:10.184882,PV shading detected,Active,BE9,
2025-10-15 05:43:33.586977,Encapsulant fault detected,Cleared,BE16,
2025-10-15 05:47:47.123880,Rack structure fault detected,Cleared,BE15,
2025-10-15 05:49:38.275084,PV cell breakage detected,Cleared,BE10,
2025-10-15 06:45:10.457215,PV solder bond failure detected,Cleared,BE11,
2025-10-15 07:04:17.931641,PV shading detected,Active,BE9,
2025-10-15 07:39:20.715972,PV interconnect fault detected,Active,BE5,
2025-10-15 08:24:41.107024,PV interconnect fault detected,Cleared,BE5,
2025-10-15 08:34:37.770830,PV cell breakage detected,Cleared,BE10,
2025-10-15 08:41:32.544649,PV shading detected,Cleared,BE9,
2025-10-15 11:05:04.703175,PV interconnect fault detected,Active,BE5,
2025-10-15 12:26:10.184882,PV shading detected,Cleared,BE9,
2025-10-15 12:56:57.021534,Rack structure fault detected,Cleared,BE15,
2025-10-15 13:37:07.238690,PV cell breakage detected,Active,BE10,
2025-10-15 15:04:17.931641,PV shading detected,Cleared,BE9,
2025-10-15 15:19:52.875749,PV shading detected,Active,BE9,
2025-10-15 15:23:38.735328,PV shading detected,Active,BE9,
2025-10-15 15:28:53.471558,PV shading detected,Active,BE9,
2025-10-15 15:49:56.187826,PV cell breakage detected,Active,BE10,
2025-10-15 16:05:55.051847,PV interconnect fault detected,Active,BE5,
2025-10-15 17:46:27.993082,Rack structure fault detected,Active,BE15,
2025-10-15 18:17:28.990339,PV shading detected,Active,BE9,
2025-10-15 18:28:02.765656,PV interconnect fault detected,Active,BE5,
2025-10-15 18:42:59.504396,PV shading detected,Active,BE9,
2025-10-15 19:15:15.507230,Grounding system fault detected,Active,BE6,
2025-10-15 20:00:56.150634,PV shading detected,Active,BE9,
2025-10-15 22:24:24.158474,PV interconnect fault detected,Cleared,BE5,
2025-10-15 22:34:32.838535,PV solder bond failure detected,Active,BE11,
2025-10-15 23:19:52.875749,PV shading detected,Cleared,BE9,
2025-10-15 23:23:38.735328,PV shading detected,Cleared,BE9,
2025-10-15 23:28:53.471558,PV shading detected,Cleared,BE9,
2025-10-15 23:56:43.562442,PV cell breakage detected,Active,BE10,
2025-10-16 00:43:03.949683,PV shading detected,Active,BE9,
2025-10-16 01:13:16.540047,Rack structure fault detected,Active,BE15,
2025-10-16 02:17:28.990339,PV shading detected,Cleared,BE9,
2025-10-16 02:42:08.208430,PV cell breakage detected,Active,BE10,
2025-10-16 02:42:59.504396,PV shading detected,Cleared,BE9,
2025-10-16 04:00:56.150634,PV shading detected,Cleared,BE9,
2025-10-16 06:51:53.076351,MCB 1 fault detected,Active,BE3,
2025-10-16 07:39:20.715972,PV interconnect fault detected,Cleared,BE5,
2025-10-16 08:01:21.360709,PV solder bond failure detected,Active,BE11,
2025-10-16 08:43:03.949683,PV shading detected,Cleared,BE9,
2025-10-16 09:05:14.596887,Grounding system fault detected,Active,BE6,
2025-10-16 09:40:16.934719,PV cell breakage detected,Cleared,BE10,
2025-10-16 09:46:12.753654,MCB 2 fault detected,Active,BE4,
2025-10-16 09:56:41.099294,PV solder bond failure detected,Active,BE11,
2025-10-16 11:05:04.703175,PV interconnect fault detected,Cleared,BE5,
2025-10-16 11:12:42.084867,Rack structure fault detected,Active,BE15,
2025-10-16 12:25:06.355795,Rack structure fault detected,Active,BE15,
2025-10-16 12:25:47.249060,PV cell breakage detected,Active,BE10,
2025-10-16 12:59:04.917051,PV solder bond failure detected,Cleared,BE11,
2025-10-16 14:03:16.496693,Encapsulant fault detected,Cleared,BE16,
2025-10-16 14:52:59.680396,Grounding system fault detected,Active,BE6,
2025-10-16 15:08:36.395014,PV solder bond failure detected,Active,BE11,
2025-10-16 16:05:55.051847,PV interconnect fault detected,Cleared,BE5,
2025-10-16 16:22:20.195780,Fuse installation fault detected,Active,BE2,
2025-10-16 16:51:53.076351,MCB 1 fault detected,Cleared,BE3,
2025-10-16 17:25:27.304550,PV solder bond failure detected,Cleared,BE11,
2025-10-16 18:28:02.765656,PV interconnect fault detected,Cleared,BE5,
2025-10-16 18:44:39.434008,PV cell breakage detected,Cleared,BE10,
2025-10-16 19:09:16.929159,PV shading detected,Active,BE9,
2025-10-16 19:15:15.507230,Grounding system fault detected,Cleared,BE6,
2025-10-16 19:46:12.753654,MCB 2 fault detected,Cleared,BE4,
2025-10-16 20:22:20.195780,Fuse installation fault detected,Cleared,BE2,
2025-10-16 20:55:45.576461,Encapsulant fault detected,Active,BE16,
2025-10-16 22:15:46.254869,PV cell breakage detected,Cleared,BE10,
2025-10-16 22:43:42.175840,PV interconnect fault detected,Active,BE5,
2025-10-17 00:46:26.514100,Rack structure fault detected,Cleared,BE15,
2025-10-17 01:04:45.736765,PV cell breakage detected,Cleared,BE10,
2025-10-17 02:58:46.241033,PV cell breakage detected,Cleared,BE10,
2025-10-17 03:09:16.929159,PV shading detected,Cleared,BE9,
2025-10-17 03:33:37.790541,PV cell breakage detected,Active,BE10,
2025-10-17 04:14:40.403948,Encapsulant fault detected,Cleared,BE16,
2025-10-17 04:47:58.345901,PV shading detected,Active,BE9,
2025-10-17 09:04:42.135612,PV interconnect fault detected,Active,BE5,
2025-10-17 09:05:14.596887,Grounding system fault detected,Cleared,BE6,
2025-10-17 12:47:58.345901,PV shading detected,Cleared,BE9,
2025-10-17 12:58:04.172760,PV shading detected,Active,BE9,
2025-10-17 13:37:07.238690,PV cell breakage detected,Cleared,BE10,
2025-10-17 14:52:59.680396,Grounding system fault detected,Cleared,BE6,
2025-10-17 15:07:59.823249,PV interconnect fault detected,Active,BE5,
2025-10-17 15:49:56.187826,PV cell breakage detected,Cleared,BE10,
2025-10-17 16:09:15.125342,Fuse installation fault detected,Active,BE2,
2025-10-17 16:54:56.656002,PV shading detected,Active,BE9,
2025-10-17 17:03:35.905349,PV cell breakage detected,Active,BE10,
2025-10-17 17:46:27.993082,Rack structure fault detected,Cleared,BE15,
2025-10-17 20:09:15.125342,Fuse installation fault detected,Cleared,BE2,
2025-10-17 20:58:04.172760,PV shading detected,Cleared,BE9,
2025-10-17 22:27:38.866071,PV interconnect fault detected,Active,BE5,
2025-10-17 22:34:32.838535,PV solder bond failure detected,Cleared,BE11,
2025-10-17 22:43:42.175840,PV interconnect fault detected,Cleared,BE5,
2025-10-17 23:43:42.989429,PV solder bond failure detected,Active,BE11,
2025-10-17 23:56:43.562442,PV cell breakage detected,Cleared,BE10,
2025-10-18 00:54:56.656002,PV shading detected,Cleared,BE9,
2025-10-18 01:13:16.540047,Rack structure fault detected,Cleared,BE15,
2025-10-18 02:42:08.208430,PV cell breakage detected,Cleared,BE10,
2025-10-18 05:53:27.937160,PV cell breakage detected,Active,BE10,
2025-10-18 07:45:20.827531,PV cell breakage detected,Active,BE10,
2025-10-18 08:01:21.360709,PV solder bond failure detected,Cleared,BE11,
2025-10-18 08:35:08.584378,PV cell breakage detected,Active,BE10,
2025-10-18 08:38:18.488688,Grounding system fault detected,Active,BE6,
2025-10-18 09:04:42.135612,PV interconnect fault detected,Cleared,BE5,
2025-10-18 09:56:41.099294,PV solder bond failure detected,Cleared,BE11,
2025-10-18 11:12:42.084867,Rack structure fault detected,Cleared,BE15,
2025-10-18 12:25:06.355795,Rack structure fault detected,Cleared,BE15,
2025-10-18 12:25:47.249060,PV cell breakage detected,Cleared,BE10,
2025-10-18 12:49:58.921755,PV solder bond failure detected,Active,BE11,
2025-10-18 13:31:18.954094,PV solder bond failure detected,Active,BE11,
2025-10-18 15:07:59.823249,PV interconnect fault detected,Cleared,BE5,
2025-10-18 15:08:36.395014,PV solder bond failure detected,Cleared,BE11,
2025-10-18 18:39:14.093315,Encapsulant fault detected,Active,BE16,
2025-10-18 18:48:51.345262,Encapsulant fault detected,Active,BE16,
2025-10-18 19:21:08.316083,PV cell breakage detected,Active,BE10,
2025-10-18 20:11:23.381248,Encapsulant fault detected,Active,BE16,
2025-10-18 20:39:56.741178,Grounding system fault detected,Active,BE6,
2025-10-18 20:55:45.576461,Encapsulant fault detected,Cleared,BE16,
2025-10-18 21:38:42.347044,Rack structure fault detected,Active,BE15,
2025-10-18 21:45:46.672918,PV solder bond failure detected,Active,BE11,
2025-10-18 22:27:38.866071,PV interconnect fault detected,Cleared,BE5,
2025-10-18 23:25:22.524604,PV shading detected,Active,BE9,
2025-10-18 23:28:21.459841,PV cell breakage detected,Active,BE10,
2025-10-19 00:17:45.993198,PV soiling detected,Active,BE8,
2025-10-19 00:36:51.764218,PV solder bond failure detected,Active,BE11,
2025-10-19 00:39:41.396410,PV solder bond failure detected,Active,BE11,
2025-10-19 01:14:42.991331,Encapsulant fault detected,Active,BE16,
2025-10-19 03:33:37.790541,PV cell breakage detected,Cleared,BE10,
2025-10-19 04:08:09.257075,PV solder bond failure detected,Active,BE11,
2025-10-19 04:33:03.764403,PV cell breakage detected,Active,BE10,
2025-10-19 04:50:05.471572,PV cell breakage detected,Active,BE10,
2025-10-19 05:10:16.921145,PV shading detected,Active,BE9,
2025-10-19 05:56:06.799277,PV solder bond failure detected,Active,BE11,
2025-10-19 06:12:24.598832,PV shading detected,Active,BE9,
2025-10-19 07:25:22.524604,PV shading detected,Cleared,BE9,
2025-10-19 07:31:48.775665,PV cell breakage detected,Active,BE10,
2025-10-19 07:50:14.815619,PV cell breakage detected,Active,BE10,
2025-10-19 08:17:45.993198,PV soiling detected,Cleared,BE8,
2025-10-19 08:38:18.488688,Grounding system fault detected,Cleared,BE6,
2025-10-19 09:14:45.408071,PV interconnect fault detected,Active,BE5,
2025-10-19 11:12:49.218715,PV interconnect fault detected,Active,BE5,
2025-10-19 11:25:31.996867,Grounding system fault detected,Active,BE6,
2025-10-19 12:42:16.396689,Rack structure fault detected,Active,BE15,
2025-10-19 13:10:16.921145,PV shading detected,Cleared,BE9,
2025-10-19 14:12:24.598832,PV shading detected,Cleared,BE9,
2025-10-19 17:03:35.905349,PV cell breakage detected,Cleared,BE10,
2025-10-19 17:06:52.988768,PV shading detected,Active,BE9,
2025-10-19 17:07:59.000664,Short/open circuit fault detected,Active,BE14,
2025-10-19 17:18:50.867146,Rack structure fault detected,Active,BE15,
2025-10-19 17:25:30.151571,PV solder bond failure detected,Active,BE11,
2025-10-19 18:29:17.095603,PV shading detected,Active,BE9,
2025-10-19 20:11:31.985118,PV solder bond failure detected,Active,BE11,
2025-10-19 20:30:32.483664,Grounding system fault detected,Active,BE6,
2025-10-19 20:39:32.903591,Encapsulant fault detected,Active,BE16,
2025-10-19 20:39:56.741178,Grounding system fault detected,Cleared,BE6,
2025-10-19 21:38:40.053145,PV interconnect fault detected,Active,BE5,
2025-10-19 23:18:00.491043,PV shading detected,Active,BE9,
2025-10-19 23:43:42.989429,PV solder bond failure detected,Cleared,BE11,
2025-10-20 01:06:52.988768,PV shading detected,Cleared,BE9,
2025-10-20 02:29:17.095603,PV shading detected,Cleared,BE9,
2025-10-20 02:47:33.420158,PV cell breakage detected,Active,BE10,
2025-10-20 05:07:59.000664,Short/open circuit fault detected,Cleared,BE14,
2025-10-20 05:17:38.785708,PV cell breakage detected,Active,BE10,
2025-10-20 05:24:18.106470,Rack structure fault detected,Active,BE15,
2025-10-20 05:53:27.937160,PV cell breakage detected,Cleared,BE10,
2025-10-20 05:58:39.816583,PV interconnect fault detected,Active,BE5,
2025-10-20 06:59:44.149639,Rack structure fault detected,Active,BE15,
2025-10-20 07:18:00.491043,PV shading detected,Cleared,BE9,
2025-10-20 07:20:47.483168,PV shading detected,Active,BE9,
2025-10-20 07:45:20.827531,PV cell breakage detected,Cleared,BE10,
2025-10-20 08:00:40.629836,PV solder bond failure detected,Active,BE11,
2025-10-20 08:00:55.110156,PV solder bond failure detected,Active,BE11,
2025-10-20 08:35:08.584378,PV cell breakage detected,Cleared,BE10,
2025-10-20 09:14:45.408071,PV interconnect fault detected,Cleared,BE5,
2025-10-20 10:29:22.096363,PV solder bond failure detected,Active,BE11,
2025-10-20 11:12:49.218715,PV interconnect fault detected,Cleared,BE5,
2025-10-20 11:25:31.996867,Grounding system fault detected,Cleared,BE6,
2025-10-20 12:20:43.308981,PV solder bond failure detected,Active,BE11,
2025-10-20 12:36:10.972738,PV cell breakage detected,Active,BE10,
2025-10-20 12:49:58.921755,PV solder bond failure detected,Cleared,BE11,
2025-10-20 12:57:34.682748,PV cell breakage detected,Active,BE10,
2025-10-20 13:31:18.954094,PV solder bond failure detected,Cleared,BE11,
2025-10-20 13:51:02.449050,MCB 1 fault detected,Active,BE3,
2025-10-20 14:08:03.325640,PV solder bond failure detected,Active,BE11,
2025-10-20 14:36:33.088872,PV solder bond failure detected,Active,BE11,
2025-10-20 14:51:08.337412,Grounding system fault detected,Active,BE6,
2025-10-20 15:20:47.483168,PV shading detected,Cleared,BE9,
2025-10-20 16:00:08.807277,PV solder bond failure detected,Active,BE11,
2025-10-20 17:09:07.234370,PV interconnect fault detected,Active,BE5,
2025-10-20 17:22:04.944175,PV interconnect fault detected,Active,BE5,
2025-10-20 18:29:46.832747,Grounding system fault detected,Active,BE6,
2025-10-20 18:39:14.093315,Encapsulant fault detected,Cleared,BE16,
2025-10-20 18:48:51.345262,Encapsulant fault detected,Cleared,BE16,
2025-10-20 19:21:08.316083,PV cell breakage detected,Cleared,BE10,
2025-10-20 20:11:23.381248,Encapsulant fault detected,Cleared,BE16,
2025-10-20 20:30:32.483664,Grounding system fault detected,Cleared,BE6,
2025-10-20 21:27:20.954518,PV solder bond failure detected,Active,BE11,
2025-10-20 21:38:40.053145,PV interconnect fault detected,Cleared,BE5,
2025-10-20 21:38:42.347044,Rack structure fault detected,Cleared,BE15,
2025-10-20 21:45:46.672918,PV solder bond failure detected,Cleared,BE11,
2025-10-20 22:49:03.082699,PV cell breakage detected,Active,BE10,
2025-10-20 23:28:21.459841,PV cell breakage detected,Cleared,BE10,
2025-10-20 23:46:19.037571,PV solder bond failure detected,Active,BE11,
2025-10-20 23:51:02.449050,MCB 1 fault detected,Cleared,BE3,
2025-10-21 00:36:51.764218,PV solder bond failure detected,Cleared,BE11,
2025-10-21 00:39:41.396410,PV solder bond failure detected,Cleared,BE11,
2025-10-21 01:14:42.991331,Encapsulant fault detected,Cleared,BE16,
2025-10-21 02:18:59.027434,PV cell breakage detected,Active,BE10,
2025-10-21 03:24:18.282515,PV solder bond failure detected,Active,BE11,
2025-10-21 04:08:09.257075,PV solder bond failure detected,Cleared,BE11,
2025-10-21 04:11:42.095683,PV hot spot detected,Active,BE12,
2025-10-21 04:33:03.764403,PV cell breakage detected,Cleared,BE10,
2025-10-21 04:37:12.858521,Grounding system fault detected,Active,BE6,
2025-10-21 04:50:05.471572,PV cell breakage detected,Cleared,BE10,
2025-10-21 05:56:06.799277,PV solder bond failure detected,Cleared,BE11,
2025-10-21 05:58:39.816583,PV interconnect fault detected,Cleared,BE5,
2025-10-21 06:35:09.408192,PV solder bond failure detected,Active,BE11,
2025-10-21 06:54:21.887808,PV shading detected,Active,BE9,
2025-10-21 07:31:48.775665,PV cell breakage detected,Cleared,BE10,
2025-10-21 07:50:14.815619,PV cell breakage detected,Cleared,BE10,
2025-10-21 11:06:35.410436,Encapsulant fault detected,Active,BE16,
2025-10-21 12:42:16.396689,Rack structure fault detected,Cleared,BE15,
2025-10-21 14:38:13.280180,PV shading detected,Active,BE9,
2025-10-21 14:51:08.337412,Grounding system fault detected,Cleared,BE6,
2025-10-21 14:54:21.887808,PV shading detected,Cleared,BE9,
2025-10-21 17:09:07.234370,PV interconnect fault detected,Cleared,BE5,
2025-10-21 17:18:50.867146,Rack structure fault detected,Cleared,BE15,
2025-10-21 17:22:04.944175,PV interconnect fault detected,Cleared,BE5,
2025-10-21 17:25:30.151571,PV solder bond failure detected,Cleared,BE11,
2025-10-21 17:40:43.817474,PV interconnect fault detected,Active,BE5,
2025-10-21 18:29:46.832747,Grounding system fault detected,Cleared,BE6,
2025-10-21 20:11:31.985118,PV solder bond failure detected,Cleared,BE11,
2025-10-21 20:37:08.212387,PV solder bond failure detected,Active,BE11,
2025-10-21 20:39:32.903591,Encapsulant fault detected,Cleared,BE16,
2025-10-21 21:55:05.640811,Encapsulant fault detected,Active,BE16,
2025-10-21 22:38:13.280180,PV shading detected,Cleared,BE9,
2025-10-21 22:46:57.644302,PV cell breakage detected,Active,BE10,
2025-10-22 02:47:33.420158,PV cell breakage detected,Cleared,BE10,
2025-10-22 04:11:42.095683,PV hot spot detected,Cleared,BE12,
2025-10-22 04:24:15.892039,PV shading detected,Active,BE9,
2025-10-22 04:37:12.858521,Grounding system fault detected,Cleared,BE6,
2025-10-22 05:17:38.785708,PV cell breakage detected,Cleared,BE10,
2025-10-22 05:18:49.947045,Rack structure fault detected,Active,BE15,
2025-10-22 05:24:18.106470,Rack structure fault detected,Cleared,BE15,
2025-10-22 06:59:44.149639,Rack structure fault detected,Cleared,BE15,
2025-10-22 07:56:56.925112,Rack structure fault detected,Active,BE15,
2025-10-22 08:00:40.629836,PV solder bond failure detected,Cleared,BE11,
2025-10-22 08:00:55.110156,PV solder bond failure detected,Cleared,BE11,
2025-10-22 10:29:22.096363,PV solder bond failure detected,Cleared,BE11,
2025-10-22 12:20:43.308981,PV solder bond failure detected,Cleared,BE11,
2025-10-22 12:24:15.892039,PV shading detected,Cleared,BE9,
2025-10-22 12:28:11.497871,PV solder bond failure detected,Active,BE11,
2025-10-22 12:36:10.972738,PV cell breakage detected,Cleared,BE10,
2025-10-22 12:57:34.682748,PV cell breakage detected,Cleared,BE10,
2025-10-22 14:08:03.325640,PV solder bond failure detected,Cleared,BE11,
2025-10-22 14:18:07.362686,Encapsulant fault detected,Active,BE16,
2025-10-22 14:36:33.088872,PV solder bond failure detected,Cleared,BE11,
2025-10-22 16:00:08.807277,PV solder bond failure detected,Cleared,BE11,
2025-10-22 17:02:13.823881,PV solder bond failure detected,Active,BE11,
2025-10-22 17:40:43.817474,PV interconnect fault detected,Cleared,BE5,
2025-10-22 17:57:59.197041,Encapsulant fault detected,Active,BE16,
2025-10-22 18:25:36.245231,PV cell breakage detected,Active,BE10,
2025-10-22 19:43:54.948825,PV solder bond failure detected,Active,BE11,
2025-10-22 20:29:29.340015,PV solder bond failure detected,Active,BE11,
2025-10-22 21:27:20.954518,PV solder bond failure detected,Cleared,BE11,
2025-10-22 21:57:20.313532,PV cell breakage detected,Active,BE10,
2025-10-22 22:16:22.862787,Rack structure fault detected,Active,BE15,
2025-10-22 22:49:03.082699,PV cell breakage detected,Cleared,BE10,
2025-10-22 23:46:19.037571,PV solder bond failure detected,Cleared,BE11,
2025-10-23 01:28:31.414780,PV interconnect fault detected,Active,BE5,
2025-10-23 02:08:10.993558,Rack structure fault detected,Active,BE15,
2025-10-23 02:18:59.027434,PV cell breakage detected,Cleared,BE10,
2025-10-23 03:24:18.282515,PV solder bond failure detected,Cleared,BE11,
2025-10-23 06:35:09.408192,PV solder bond failure detected,Cleared,BE11,
2025-10-23 11:06:35.410436,Encapsulant fault detected,Cleared,BE16,
2025-10-23 11:19:06.115374,PV interconnect fault detected,Active,BE5,
2025-10-23 17:06:41.885440,PV solder bond failure detected,Active,BE11,
2025-10-23 17:31:45.723429,PV solder bond failure detected,Active,BE11,
2025-10-23 18:41:35.612632,PV cell breakage detected,Active,BE10,
2025-10-23 19:28:45.266927,Rack structure fault detected,Active,BE15,
2025-10-23 19:54:19.628931,PV solder bond failure detected,Active,BE11,
2025-10-23 20:37:08.212387,PV solder bond failure detected,Cleared,BE11,
2025-10-23 21:28:47.580987,PV soiling detected,Active,BE8,
2025-10-23 21:55:05.640811,Encapsulant fault detected,Cleared,BE16,
2025-10-23 22:17:07.875461,PV solder bond failure detected,Active,BE11,
2025-10-23 22:38:36.185603,Encapsulant fault detected,Active,BE16,
2025-10-23 22:46:57.644302,PV cell breakage detected,Cleared,BE10,
2025-10-24 00:52:58.985172,PV solder bond failure detected,Active,BE11,
2025-10-24 01:25:06.572417,PV interconnect fault detected,Active,BE5,
2025-10-24 01:28:31.414780,PV interconnect fault detected,Cleared,BE5,
2025-10-24 02:05:23.917381,PV solder bond failure detected,Active,BE11,
2025-10-24 03:47:12.224859,Grounding system fault detected,Active,BE6,
2025-10-24 05:18:49.947045,Rack structure fault detected,Cleared,BE15,
2025-10-24 05:28:47.580987,PV soiling detected,Cleared,BE8,
2025-10-24 07:56:56.925112,Rack structure fault detected,Cleared,BE15,
2025-10-24 09:52:49.146686,Grounding system fault detected,Active,BE6,
2025-10-24 11:19:06.115374,PV interconnect fault detected,Cleared,BE5,
2025-10-24 12:22:11.097239,PV solder bond failure detected,Active,BE11,
2025-10-24 12:28:11.497871,PV solder bond failure detected,Cleared,BE11,
2025-10-24 12:29:43.808756,PV shading detected,Active,BE9,
2025-10-24 13:14:54.736739,PV solder bond failure detected,Active,BE11,
2025-10-24 14:05:50.974634,PV shading detected,Active,BE9,
2025-10-24 14:18:07.362686,Encapsulant fault detected,Cleared,BE16,
2025-10-24 16:03:08.614306,Rack structure fault detected,Active,BE15,
2025-10-24 17:02:13.823881,PV solder bond failure detected,Cleared,BE11,
2025-10-24 17:44:51.522122,PV shading detected,Active,BE9,
2025-10-24 17:57:59.197041,Encapsulant fault detected,Cleared,BE16,
2025-10-24 18:25:36.245231,PV cell breakage detected,Cleared,BE10,
2025-10-24 19:43:54.948825,PV solder bond failure detected,Cleared,BE11,
2025-10-24 20:01:28.603768,PV solder bond failure detected,Active,BE11,
2025-10-24 20:29:29.340015,PV solder bond failure detected,Cleared,BE11,
2025-10-24 20:29:43.808756,PV shading detected,Cleared,BE9,
2025-10-24 20:54:49.467020,PV solder bond failure detected,Active,BE11,
2025-10-24 21:24:20.338085,PV solder bond failure detected,Active,BE11,
2025-10-24 21:57:20.313532,PV cell breakage detected,Cleared,BE10,
2025-10-24 22:05:50.974634,PV shading detected,Cleared,BE9,
2025-10-24 22:16:22.862787,Rack structure fault detected,Cleared,BE15,
2025-10-24 23:27:00.782502,PV shading detected,Active,BE9,
2025-10-25 01:25:06.572417,PV interconnect fault detected,Cleared,BE5,
2025-10-25 01:44:51.522122,PV shading detected,Cleared,BE9,
2025-10-25 02:08:10.993558,Rack structure fault detected,Cleared,BE15,
2025-10-25 03:47:12.224859,Grounding system fault detected,Cleared,BE6,
2025-10-25 05:40:34.226455,PV shading detected,Active,BE9,
2025-10-25 07:24:11.799848,Rack structure fault detected,Active,BE15,
2025-10-25 07:27:00.782502,PV shading detected,Cleared,BE9,
2025-10-25 07:38:55.055730,PV interconnect fault detected,Active,BE5,
2025-10-25 07:42:06.832079,Grounding system fault detected,Active,BE6,
2025-10-25 09:52:49.146686,Grounding system fault detected,Cleared,BE6,
2025-10-25 11:41:30.062349,PV shading detected,Active,BE9,
2025-10-25 13:33:23.286035,PV solder bond failure detected,Active,BE11,
2025-10-25 13:40:34.226455,PV shading detected,Cleared,BE9,
2025-10-25 14:58:28.652901,PV solder bond failure detected,Active,BE11,
2025-10-25 15:43:44.120565,Grounding system fault detected,Active,BE6,
2025-10-25 17:06:41.885440,PV solder bond failure detected,Cleared,BE11,
2025-10-25 17:31:45.723429,PV solder bond failure detected,Cleared,BE11,
2025-10-25 18:41:35.612632,PV cell breakage detected,Cleared,BE10,
2025-10-25 19:28:45.266927,Rack structure fault detected,Cleared,BE15,
2025-10-25 19:41:30.062349,PV shading detected,Cleared,BE9,
2025-10-25 19:54:19.628931,PV solder bond failure detected,Cleared,BE11,
2025-10-25 20:28:44.031248,Rack structure fault detected,Active,BE15,
2025-10-25 20:34:25.460616,PV cell breakage detected,Active,BE10,
2025-10-25 22:10:07.287789,PV interconnect fault detected,Active,BE5,
2025-10-25 22:17:07.875461,PV solder bond failure detected,Cleared,BE11,
2025-10-25 22:38:36.185603,Encapsulant fault detected,Cleared,BE16,
2025-10-26 00:07:30.288178,PV interconnect fault detected,Active,BE5,
2025-10-26 00:52:58.985172,PV solder bond failure detected,Cleared,BE11,
2025-10-26 02:05:23.917381,PV solder bond failure detected,Cleared,BE11,
2025-10-26 02:33:12.342635,PV solder bond failure detected,Active,BE11,
2025-10-26 07:38:55.055730,PV interconnect fault detected,Cleared,BE5,
2025-10-26 07:42:06.832079,Grounding system fault detected,Cleared,BE6,
2025-10-26 07:50:36.921653,PV solder bond failure detected,Active,BE11,
2025-10-26 08:23:19.235143,PV solder bond failure detected,Active,BE11,
2025-10-26 10:16:30.805193,PV interconnect fault detected,Active,BE5,
2025-10-26 10:39:54.516881,Encapsulant fault detected,Active,BE16,
2025-10-26 12:13:37.482806,PV cell breakage detected,Active,BE10,
2025-10-26 12:22:11.097239,PV solder bond failure detected,Cleared,BE11,
2025-10-26 13:14:54.736739,PV solder bond failure detected,Cleared,BE11,
2025-10-26 14:45:25.182551,PV shading detected,Active,BE9,
2025-10-26 15:43:44.120565,Grounding system fault detected,Cleared,BE6,
2025-10-26 16:03:08.614306,Rack structure fault detected,Cleared,BE15,
2025-10-26 16:09:09.884100,Encapsulant fault detected,Active,BE16,
2025-10-26 20:01:28.603768,PV solder bond failure detected,Cleared,BE11,
2025-10-26 20:54:49.467020,PV solder bond failure detected,Cleared,BE11,
2025-10-26 21:18:22.331024,PV interconnect fault detected,Active,BE5,
2025-10-26 21:24:20.338085,PV solder bond failure detected,Cleared,BE11,
2025-10-26 22:01:58.203964,Grounding system fault detected,Active,BE6,
2025-10-26 22:10:07.287789,PV interconnect fault detected,Cleared,BE5,
2025-10-26 22:45:25.182551,PV shading detected,Cleared,BE9,
2025-10-27 00:07:30.288178,PV interconnect fault detected,Cleared,BE5,
2025-10-27 00:53:43.518384,Grounding system fault detected,Active,BE6,
2025-10-27 03:04:06.350982,Rack structure fault detected,Active,BE15,
2025-10-27 03:49:46.352467,PV interconnect fault detected,Active,BE5,
2025-10-27 04:07:57.395181,Encapsulant fault detected,Active,BE16,
2025-10-27 04:11:30.302413,Rack structure fault detected,Active,BE15,
2025-10-27 04:56:24.314830,PV cell breakage detected,Active,BE10,
2025-10-27 04:58:58.357758,PV shading detected,Active,BE9,
2025-10-27 05:18:38.462492,PV solder bond failure detected,Active,BE11,
2025-10-27 05:42:44.874202,Encapsulant fault detected,Active,BE16,
2025-10-27 07:13:05.298627,PV solder bond failure detected,Active,BE11,
2025-10-27 07:24:11.799848,Rack structure fault detected,Cleared,BE15,
2025-10-27 07:30:30.059545,PV cell breakage detected,Active,BE10,
2025-10-27 08:03:42.921877,MCB 2 fault detected,Active,BE4,
2025-10-27 09:42:14.441749,Rack structure fault detected,Active,BE15,
2025-10-27 10:16:30.805193,PV interconnect fault detected,Cleared,BE5,
2025-10-27 12:58:58.357758,PV shading detected,Cleared,BE9,
2025-10-27 13:33:23.286035,PV solder bond failure detected,Cleared,BE11,
2025-10-27 13:37:08.333841,Rack structure fault detected,Active,BE15,
2025-10-27 14:58:28.652901,PV solder bond failure detected,Cleared,BE11,
2025-10-27 15:13:06.537344,PV cell breakage detected,Active,BE10,
2025-10-27 15:37:19.562343,PV shading detected,Active,BE9,
2025-10-27 15:50:34.500269,PV cell breakage detected,Active,BE10,
2025-10-27 16:44:14.471414,PV cell breakage detected,Active,BE10,
2025-10-27 18:03:42.921877,MCB 2 fault detected,Cleared,BE4,
2025-10-27 19:35:30.620718,PV interconnect fault detected,Active,BE5,
2025-10-27 19:49:42.266472,PV shading detected,Active,BE9,
2025-10-27 20:04:52.474001,Encapsulant fault detected,Active,BE16,
2025-10-27 20:22:07.446275,PV soiling detected,Active,BE8,
2025-10-27 20:25:23.281974,PV solder bond failure detected,Active,BE11,
2025-10-27 20:28:44.031248,Rack structure fault detected,Cleared,BE15,
2025-10-27 20:34:25.460616,PV cell breakage detected,Cleared,BE10,
2025-10-27 21:18:22.331024,PV interconnect fault detected,Cleared,BE5,
2025-10-27 21:39:59.601794,PV solder bond failure detected,Active,BE11,
2025-10-27 22:01:58.203964,Grounding system fault detected,Cleared,BE6,
2025-10-27 23:12:06.625120,PV soiling detected,Active,BE8,
2025-10-27 23:37:19.562343,PV shading detected,Cleared,BE9,
2025-10-28 00:53:43.518384,Grounding system fault detected,Cleared,BE6,
2025-10-28 02:33:12.342635,PV solder bond failure detected,Cleared,BE11,
2025-10-28 03:49:42.266472,PV shading detected,Cleared,BE9,
2025-10-28 03:49:46.352467,PV interconnect fault detected,Cleared,BE5,
2025-10-28 04:22:07.446275,PV soiling detected,Cleared,BE8,
2025-10-28 06:05:12.934074,MCB 1 fault detected,Active,BE3,
2025-10-28 07:12:06.625120,PV soiling detected,Cleared,BE8,
2025-10-28 07:50:36.921653,PV solder bond failure detected,Cleared,BE11,
2025-10-28 08:20:22.765608,Encapsulant fault detected,Active,BE16,
2025-10-28 08:23:19.235143,PV solder bond failure detected,Cleared,BE11,
2025-10-28 10:36:13.421943,PV solder bond failure detected,Active,BE11,
2025-10-28 10:39:54.516881,Encapsulant fault detected,Cleared,BE16,
2025-10-28 10:41:35.826348,PV solder bond failure detected,Active,BE11,
2025-10-28 11:04:35.077878,Encapsulant fault detected,Active,BE16,
2025-10-28 12:13:37.482806,PV cell breakage detected,Cleared,BE10,
2025-10-28 15:30:54.026246,PV solder bond failure detected,Active,BE11,
2025-10-28 15:33:23.761676,PV shading detected,Active,BE9,
2025-10-28 16:05:12.934074,MCB 1 fault detected,Cleared,BE3,
2025-10-28 16:09:09.884100,Encapsulant fault detected,Cleared,BE16,
2025-10-28 19:35:30.620718,PV interconnect fault detected,Cleared,BE5,
2025-10-28 21:18:48.655887,Encapsulant fault detected,Active,BE16,
2025-10-28 21:21:10.238404,MCB 2 fault detected,Active,BE4,
2025-10-28 23:33:23.761676,PV shading detected,Cleared,BE9,
2025-10-29 01:22:56.011477,PV solder bond failure detected,Active,BE11,
2025-10-29 02:58:58.513134,PV soiling detected,Active,BE8,
2025-10-29 03:04:06.350982,Rack structure fault detected,Cleared,BE15,
2025-10-29 03:47:11.764793,PV interconnect fault detected,Active,BE5,
2025-10-29 04:07:57.395181,Encapsulant fault detected,Cleared,BE16,
2025-10-29 04:11:30.302413,Rack structure fault detected,Cleared,BE15,
2025-10-29 04:26:50.093112,Encapsulant fault detected,Active,BE16,
2025-10-29 04:56:24.314830,PV cell breakage detected,Cleared,BE10,
2025-10-29 05:18:38.462492,PV solder bond failure detected,Cleared,BE11,
2025-10-29 05:42:44.874202,Encapsulant fault detected,Cleared,BE16,
2025-10-29 07:13:05.298627,PV solder bond failure detected,Cleared,BE11,
2025-10-29 07:21:10.238404,MCB 2 fault detected,Cleared,BE4,
2025-10-29 07:30:30.059545,PV cell breakage detected,Cleared,BE10,
2025-10-29 09:42:14.441749,Rack structure fault detected,Cleared,BE15,
2025-10-29 10:58:58.513134,PV soiling detected,Cleared,BE8,
2025-10-29 13:37:08.333841,Rack structure fault detected,Cleared,BE15,
2025-10-29 15:13:06.537344,PV cell breakage detected,Cleared,BE10,
2025-10-29 15:50:34.500269,PV cell breakage detected,Cleared,BE10,
2025-10-29 16:44:14.471414,PV cell breakage detected,Cleared,BE10,
2025-10-29 17:23:27.406273,Encapsulant fault detected,Active,BE16,
2025-10-29 19:44:34.312919,PV solder bond failure detected,Active,BE11,
2025-10-29 20:04:52.474001,Encapsulant fault detected,Cleared,BE16,
2025-10-29 20:25:23.281974,PV solder bond failure detected,Cleared,BE11,
2025-10-29 20:34:30.260447,Short/open circuit fault detected,Active,BE14,
2025-10-29 21:39:59.601794,PV solder bond failure detected,Cleared,BE11,
2025-10-30 00:20:11.225240,Grounding system fault detected,Active,BE6,
2025-10-30 02:18:18.102337,Rack structure fault detected,Active,BE15,
2025-10-30 02:28:08.705522,PV soiling detected,Active,BE8,
2025-10-30 02:48:41.695968,PV shading detected,Active,BE9,
2025-10-30 03:47:11.764793,PV interconnect fault detected,Cleared,BE5,
2025-10-30 05:46:31.730531,PV cell breakage detected,Active,BE10,
2025-10-30 08:20:22.765608,Encapsulant fault detected,Cleared,BE16,
2025-10-30 08:34:30.260447,Short/open circuit fault detected,Cleared,BE14,
2025-10-30 08:50:52.967217,Encapsulant fault detected,Active,BE16,
2025-10-30 08:59:51.822274,Encapsulant fault detected,Active,BE16,
2025-10-30 09:04:18.421381,Rack structure fault detected,Active,BE15,
2025-10-30 09:19:20.399714,PV cell breakage detected,Active,BE10,
2025-10-30 10:28:08.705522,PV soiling detected,Cleared,BE8,
2025-10-30 10:29:39.688752,PV interconnect fault detected,Active,BE5,
2025-10-30 10:36:13.421943,PV solder bond failure detected,Cleared,BE11,
2025-10-30 10:41:35.826348,PV solder bond failure detected,Cleared,BE11,
2025-10-30 10:48:41.695968,PV shading detected,Cleared,BE9,
2025-10-30 11:04:35.077878,Encapsulant fault detected,Cleared,BE16,
2025-10-30 11:52:36.560885,PV solder bond failure detected,Active,BE11,
2025-10-30 12:40:41.905235,Grounding system fault detected,Active,BE6,
2025-10-30 15:30:54.026246,PV solder bond failure detected,Cleared,BE11,
2025-10-30 17:34:44.552425,PV interconnect fault detected,Active,BE5,
2025-10-30 18:10:23.798227,Grounding system fault detected,Active,BE6,
2025-10-30 18:59:58.539853,PV interconnect fault detected,Active,BE5,
2025-10-30 19:34:33.567724,Cable insulation fault detected,Active,BE17,
2025-10-30 19:43:52.283966,Grounding system fault detected,Active,BE6,
2025-10-30 21:18:48.655887,Encapsulant fault detected,Cleared,BE16,
2025-10-30 21:41:25.983243,PV cell breakage detected,Active,BE10,
2025-10-30 22:22:25.788231,PV shading detected,Active,BE9,
2025-10-30 22:23:29.865418,PV shading detected,Active,BE9,
2025-10-30 23:23:41.117301,PV solder bond failure detected,Active,BE11,
2025-10-30 23:24:49.089178,Cable insulation fault detected,Active,BE17,
2025-10-30 23:31:40.377524,Grounding system fault detected,Active,BE6,
2025-10-30 23:34:33.567724,Cable insulation fault detected,Cleared,BE17,
2025-10-31 00:20:11.225240,Grounding system fault detected,Cleared,BE6,
2025-10-31 01:22:56.011477,PV solder bond failure detected,Cleared,BE11,
2025-10-31 03:09:57.043949,Rack structure fault detected,Active,BE15,
2025-10-31 03:24:49.089178,Cable insulation fault detected,Cleared,BE17,
2025-10-31 04:26:50.093112,Encapsulant fault detected,Cleared,BE16,
2025-10-31 06:22:25.788231,PV shading detected,Cleared,BE9,
2025-10-31 06:23:29.865418,PV shading detected,Cleared,BE9,
2025-10-31 09:53:17.784353,PV shading detected,Active,BE9,
2025-10-31 10:06:30.775577,Encapsulant fault detected,Active,BE16,
2025-10-31 10:29:05.067659,PV shading detected,Active,BE9,
2025-10-31 10:29:39.688752,PV interconnect fault detected,Cleared,BE5,
2025-10-31 12:25:44.207672,PV cell breakage detected,Active,BE10,
2025-10-31 12:40:41.905235,Grounding system fault detected,Cleared,BE6,
2025-10-31 12:48:54.931928,PV soiling detected,Active,BE8,
2025-10-31 13:52:10.937700,PV shading detected,Active,BE9,
2025-10-31 14:07:44.014763,PV solder bond failure detected,Active,BE11,
2025-10-31 14:29:50.051883,Grounding system fault detected,Active,BE6,
2025-10-31 14:34:01.524256,PV shading detected,Active,BE9,
2025-10-31 15:37:22.677052,PV solder bond failure detected,Active,BE11,
2025-10-31 17:23:27.406273,Encapsulant fault detected,Cleared,BE16,
2025-10-31 17:34:44.552425,PV interconnect fault detected,Cleared,BE5,
2025-10-31 17:52:16.807173,PV solder bond failure detected,Active,BE11,
2025-10-31 17:53:17.784353,PV shading detected,Cleared,BE9,
2025-10-31 18:10:23.798227,Grounding system fault detected,Cleared,BE6,
2025-10-31 18:29:05.067659,PV shading detected,Cleared,BE9,
2025-10-31 18:59:58.539853,PV interconnect fault detected,Cleared,BE5,
2025-10-31 19:00:00.032835,Rack structure fault detected,Active,BE15,
2025-10-31 19:11:19.563254,MCB 1 fault detected,Active,BE3,
2025-10-31 19:43:52.283966,Grounding system fault detected,Cleared,BE6,
2025-10-31 19:44:34.312919,PV solder bond failure detected,Cleared,BE11,
2025-10-31 19:52:15.324702,PV soiling detected,Active,BE8,
2025-10-31 20:09:53.289306,PV solder bond failure detected,Active,BE11,
2025-10-31 20:48:54.931928,PV soiling detected,Cleared,BE8,
2025-10-31 21:52:10.937700,PV shading detected,Cleared,BE9,
2025-10-31 22:16:10.911239,Rack structure fault detected,Active,BE15,
2025-10-31 22:34:01.524256,PV shading detected,Cleared,BE9,
2025-10-31 22:53:04.874072,Grounding system fault detected,Active,BE6,
2025-10-31 23:20:51.683320,PV solder bond failure detected,Active,BE11,
2025-10-31 23:31:40.377524,Grounding system fault detected,Cleared,BE6,
2025-11-01 01:05:16.169770,PV shading detected,Active,BE9,
2025-11-01 02:00:58.262981,Rack structure fault detected,Active,BE15,
2025-11-01 02:18:18.102337,Rack structure fault detected,Cleared,BE15,
2025-11-01 02:42:30.659066,PV solder bond failure detected,Active,BE11,
2025-11-01 03:52:15.324702,PV soiling detected,Cleared,BE8,
2025-11-01 05:11:19.563254,MCB 1 fault detected,Cleared,BE3,
2025-11-01 05:46:31.730531,PV cell breakage detected,Cleared,BE10,
2025-11-01 05:56:11.397040,PV cell breakage detected,Active,BE10,
2025-11-01 06:32:48.869226,Rack structure fault detected,Active,BE15,
2025-11-01 07:59:51.221969,PV solder bond failure detected,Active,BE11,
2025-11-01 08:00:32.219485,Encapsulant fault detected,Active,BE16,
2025-11-01 08:50:52.967217,Encapsulant fault detected,Cleared,BE16,
2025-11-01 08:59:51.822274,Encapsulant fault detected,Cleared,BE16,
2025-11-01 09:04:18.421381,Rack structure fault detected,Cleared,BE15,
2025-11-01 09:05:16.169770,PV shading detected,Cleared,BE9,
2025-11-01 09:10:08.820697,PV solder bond failure detected,Active,BE11,
2025-11-01 09:19:20.399714,PV cell breakage detected,Cleared,BE10,
2025-11-01 11:52:36.560885,PV solder bond failure detected,Cleared,BE11,
2025-11-01 13:48:39.250006,Rack structure fault detected,Active,BE15,
2025-11-01 14:16:20.646538,PV shading detected,Active,BE9,
2025-11-01 14:29:50.051883,Grounding system fault detected,Cleared,BE6,
2025-11-01 15:39:14.736325,PV shading detected,Active,BE9,
2025-11-01 16:00:42.207266,Encapsulant fault detected,Active,BE16,
2025-11-01 16:57:57.272837,Encapsulant fault detected,Active,BE16,
2025-11-01 17:04:20.504005,PV solder bond failure detected,Active,BE11,
2025-11-01 17:28:24.315043,Rack structure fault detected,Active,BE15,
2025-11-01 17:44:44.420756,Rack structure fault detected,Active,BE15,
2025-11-01 18:18:20.632820,PV solder bond failure detected,Active,BE11,
2025-11-01 20:31:01.262794,PV interconnect fault detected,Active,BE5,
2025-11-01 20:48:14.843208,PV solder bond failure detected,Active,BE11,
2025-11-01 21:09:24.832531,PV shading detected,Active,BE9,
2025-11-01 21:41:25.983243,PV cell breakage detected,Cleared,BE10,
2025-11-01 22:16:20.646538,PV shading detected,Cleared,BE9,
2025-11-01 22:53:04.874072,Grounding system fault detected,Cleared,BE6,
2025-11-01 23:23:41.117301,PV solder bond failure detected,Cleared,BE11,
2025-11-01 23:39:14.736325,PV shading detected,Cleared,BE9,
2025-11-02 01:30:38.324841,PV solder bond failure detected,Active,BE11,
2025-11-02 03:09:57.043949,Rack structure fault detected,Cleared,BE15,
2025-11-02 04:04:48.323313,PV shading detected,Active,BE9,
2025-11-02 05:09:24.832531,PV shading detected,Cleared,BE9,
2025-11-02 09:18:48.328009,PV shading detected,Active,BE9,
2025-11-02 10:06:30.775577,Encapsulant fault detected,Cleared,BE16,
2025-11-02 10:46:45.552613,PV shading detected,Active,BE9,
2025-11-02 10:54:48.457396,Grounding system fault detected,Active,BE6,
2025-11-02 12:04:48.323313,PV shading detected,Cleared,BE9,
2025-11-02 12:12:55.446891,PV solder bond failure detected,Active,BE11,
2025-11-02 12:25:44.207672,PV cell breakage detected,Cleared,BE10,
2025-11-02 14:03:10.292275,Short/open circuit fault detected,Active,BE14,
2025-11-02 14:07:44.014763,PV solder bond failure detected,Cleared,BE11,
2025-11-02 15:37:22.677052,PV solder bond failure detected,Cleared,BE11,
2025-11-02 16:56:55.697966,PV shading detected,Active,BE9,
2025-11-02 17:18:48.328009,PV shading detected,Cleared,BE9,
2025-11-02 17:38:11.278638,Encapsulant fault detected,Active,BE16,
2025-11-02 17:52:16.807173,PV solder bond failure detected,Cleared,BE11,
2025-11-02 18:05:51.395169,PV interconnect fault detected,Active,BE5,
2025-11-02 18:46:45.552613,PV shading detected,Cleared,BE9,
2025-11-02 19:00:00.032835,Rack structure fault detected,Cleared,BE15,
2025-11-02 19:40:17.180689,PV interconnect fault detected,Active,BE5,
2025-11-02 20:09:53.289306,PV solder bond failure detected,Cleared,BE11,
2025-11-02 20:31:01.262794,PV interconnect fault detected,Cleared,BE5,
2025-11-02 21:15:38.483511,PV solder bond failure detected,Active,BE11,
2025-11-02 22:16:10.911239,Rack structure fault detected,Cleared,BE15,
2025-11-02 22:25:01.475487,Grounding system fault detected,Active,BE6,
2025-11-02 22:45:39.651584,Rack structure fault detected,Active,BE15,
2025-11-02 23:20:51.683320,PV solder bond failure detected,Cleared,BE11,
2025-11-03 00:56:55.697966,PV shading detected,Cleared,BE9,
2025-11-03 02:00:58.262981,Rack structure fault detected,Cleared,BE15,
2025-11-03 02:03:10.292275,Short/open circuit fault detected,Cleared,BE14,
2025-11-03 02:42:30.659066,PV solder bond failure detected,Cleared,BE11,
2025-11-03 04:14:07.547870,PV solder bond failure detected,Active,BE11,
2025-11-03 04:15:11.460244,Grounding system fault detected,Active,BE6,
2025-11-03 05:22:27.097424,PV solder bond failure detected,Active,BE11,
2025-11-03 05:56:11.397040,PV cell breakage detected,Cleared,BE10,
2025-11-03 06:32:48.869226,Rack structure fault detected,Cleared,BE15,
2025-11-03 07:59:51.221969,PV solder bond failure detected,Cleared,BE11,
2025-11-03 08:00:32.219485,Encapsulant fault detected,Cleared,BE16,
2025-11-03 08:42:28.351662,Short/open circuit fault detected,Active,BE14,
2025-11-03 08:45:20.967091,PV shading detected,Active,BE9,
2025-11-03 09:10:08.820697,PV solder bond failure detected,Cleared,BE11,
2025-11-03 09:35:34.117612,PV shading detected,Active,BE9,
2025-11-03 10:32:33.188794,PV shading detected,Active,BE9,
2025-11-03 10:42:00.384130,PV solder bond failure detected,Active,BE11,
2025-11-03 10:54:48.457396,Grounding system fault detected,Cleared,BE6,
2025-11-03 11:18:55.789924,PV solder bond failure detected,Active,BE11,
2025-11-03 12:08:38.750132,PV cell breakage detected,Active,BE10,
2025-11-03 12:11:53.470974,MCB 2 fault detected,Active,BE4,
2025-11-03 13:48:39.250006,Rack structure fault detected,Cleared,BE15,
2025-11-03 14:30:06.205274,PV solder bond failure detected,Active,BE11,
2025-11-03 14:37:23.129029,PV cell breakage detected,Active,BE10,
2025-11-03 14:59:32.949849,PV cell breakage detected,Active,BE10,
2025-11-03 15:31:17.524924,PV shading detected,Active,BE9,
2025-11-03 16:00:42.207266,Encapsulant fault detected,Cleared,BE16,
2025-11-03 16:07:36.066423,PV hot spot detected,Active,BE12,
2025-11-03 16:45:20.967091,PV shading detected,Cleared,BE9,
2025-11-03 16:57:57.272837,Encapsulant fault detected,Cleared,BE16,
2025-11-03 17:04:20.504005,PV solder bond failure detected,Cleared,BE11,
2025-11-03 17:28:24.315043,Rack structure fault detected,Cleared,BE15,
2025-11-03 17:35:34.117612,PV shading detected,Cleared,BE9,
2025-11-03 17:44:44.420756,Rack structure fault detected,Cleared,BE15,
2025-11-03 18:05:24.825753,PV solder bond failure detected,Active,BE11,
2025-11-03 18:05:51.395169,PV interconnect fault detected,Cleared,BE5,
2025-11-03 18:18:20.632820,PV solder bond failure detected,Cleared,BE11,
2025-11-03 18:21:48.364070,PV solder bond failure detected,Active,BE11,
2025-11-03 18:32:33.188794,PV shading detected,Cleared,BE9,
2025-11-03 19:40:17.180689,PV interconnect fault detected,Cleared,BE5,
2025-11-03 19:44:33.896055,PV cell breakage detected,Active,BE10,
2025-11-03 20:31:00.078532,PV solder bond failure detected,Active,BE11,
2025-11-03 20:42:28.351662,Short/open circuit fault detected,Cleared,BE14,
2025-11-03 20:48:14.843208,PV solder bond failure detected,Cleared,BE11,
2025-11-03 20:59:33.243714,PV cell breakage detected,Active,BE10,
2025-11-03 21:11:45.550655,PV cell breakage detected,Active,BE10,
2025-11-03 22:11:53.470974,MCB 2 fault detected,Cleared,BE4,
2025-11-03 22:25:01.475487,Grounding system fault detected,Cleared,BE6,
2025-11-03 23:31:17.524924,PV shading detected,Cleared,BE9,
2025-11-03 23:50:49.339829,Grounding system fault detected,Active,BE6,
2025-11-04 01:12:16.360279,PV cell breakage detected,Active,BE10,
2025-11-04 01:30:38.324841,PV solder bond failure detected,Cleared,BE11,
2025-11-04 01:39:05.178177,PV interconnect fault detected,Active,BE5,
2025-11-04 04:15:11.460244,Grounding system fault detected,Cleared,BE6,
2025-11-04 12:12:55.446891,PV solder bond failure detected,Cleared,BE11,
2025-11-04 14:56:16.332437,PV cell breakage detected,Active,BE10,
2025-11-04 15:38:55.040704,MCB 1 fault detected,Active,BE3,
2025-11-04 16:07:36.066423,PV hot spot detected,Cleared,BE12,
2025-11-04 17:28:08.928631,PV solder bond failure detected,Active,BE11,
2025-11-04 17:38:11.278638,Encapsulant fault detected,Cleared,BE16,
2025-11-04 20:59:18.641777,Rack structure fault detected,Active,BE15,
2025-11-04 21:15:38.483511,PV solder bond failure detected,Cleared,BE11,
2025-11-04 22:25:40.079656,PV cell breakage detected,Active,BE10,
2025-11-04 22:45:39.651584,Rack structure fault detected,Cleared,BE15,
2025-11-04 23:49:25.473787,PV shading detected,Active,BE9,
2025-11-04 23:50:49.339829,Grounding system fault detected,Cleared,BE6,
2025-11-05 00:06:36.089561,Encapsulant fault detected,Active,BE16,
2025-11-05 00:53:03.245647,Grounding system fault detected,Active,BE6,
2025-11-05 01:38:55.040704,MCB 1 fault detected,Cleared,BE3,
2025-11-05 01:39:05.178177,PV interconnect fault detected,Cleared,BE5,
2025-11-05 01:45:29.175250,PV interconnect fault detected,Active,BE5,
2025-11-05 01:47:30.863198,PV cell breakage detected,Active,BE10,
2025-11-05 02:43:15.562936,Rack structure fault detected,Active,BE15,
2025-11-05 04:14:07.547870,PV solder bond failure detected,Cleared,BE11,
2025-11-05 04:36:51.388742,Grounding system fault detected,Active,BE6,
2025-11-05 04:55:41.542237,Encapsulant fault detected,Active,BE16,
2025-11-05 05:22:27.097424,PV solder bond failure detected,Cleared,BE11,
2025-11-05 07:49:25.473787,PV shading detected,Cleared,BE9,
2025-11-05 08:21:30.469813,Grounding system fault detected,Active,BE6,
2025-11-05 08:23:23.251588,Rack structure fault detected,Active,BE15,
2025-11-05 08:29:14.712290,Rack structure fault detected,Active,BE15,
2025-11-05 09:07:15.339626,Grounding system fault detected,Active,BE6,
2025-11-05 10:24:19.021462,PV interconnect fault detected,Active,BE5,
2025-11-05 10:42:00.384130,PV solder bond failure detected,Cleared,BE11,
2025-11-05 11:18:55.789924,PV solder bond failure detected,Cleared,BE11,
2025-11-05 11:19:09.514433,PV cell breakage detected,Active,BE10,
2025-11-05 11:47:07.387457,Encapsulant fault detected,Active,BE16,
2025-11-05 12:08:38.750132,PV cell breakage detected,Cleared,BE10,
2025-11-05 12:22:23.290830,PV shading detected,Active,BE9,
2025-11-05 13:41:12.933143,PV cell breakage detected,Active,BE10,
2025-11-05 13:49:00.638084,PV cell breakage detected,Active,BE10,
2025-11-05 14:07:21.126064,PV solder bond failure detected,Active,BE11,
2025-11-05 14:30:06.205274,PV solder bond failure detected,Cleared,BE11,
2025-11-05 14:37:23.129029,PV cell breakage detected,Cleared,BE10,
2025-11-05 14:59:32.949849,PV cell breakage detected,Cleared,BE10,
2025-11-05 15:20:55.491554,Encapsulant fault detected,Active,BE16,
2025-11-05 17:02:37.130935,PV solder bond failure detected,Active,BE11,
2025-11-05 17:20:23.730801,PV solder bond failure detected,Active,BE11,
2025-11-05 18:05:24.825753,PV solder bond failure detected,Cleared,BE11,
2025-11-05 18:21:48.364070,PV solder bond failure detected,Cleared,BE11,
2025-11-05 18:40:01.485566,PV solder bond failure detected,Active,BE11,
2025-11-05 19:44:33.896055,PV cell breakage detected,Cleared,BE10,
2025-11-05 20:22:23.290830,PV shading detected,Cleared,BE9,
2025-11-05 20:31:00.078532,PV solder bond failure detected,Cleared,BE11,
2025-11-05 20:58:51.948561,PV interconnect fault detected,Active,BE5,
2025-11-05 20:59:33.243714,PV cell breakage detected,Cleared,BE10,
2025-11-05 21:11:45.550655,PV cell breakage detected,Cleared,BE10,
2025-11-05 22:00:56.490453,PV solder bond failure detected,Active,BE11,
2025-11-06 00:07:41.773586,Rack structure fault detected,Active,BE15,
2025-11-06 00:53:03.245647,Grounding system fault detected,Cleared,BE6,
2025-11-06 01:12:16.360279,PV cell breakage detected,Cleared,BE10,
2025-11-06 01:16:26.829945,PV shading detected,Active,BE9,
2025-11-06 01:45:29.175250,PV interconnect fault detected,Cleared,BE5,
2025-11-06 02:46:48.971598,PV cell breakage detected,Active,BE10,
2025-11-06 02:59:58.537642,PV interconnect fault detected,Active,BE5,
2025-11-06 03:39:55.054631,PV interconnect fault detected,Active,BE5,
2025-11-06 03:49:14.562511,Fuse installation fault detected,Active,BE2,
2025-11-06 04:36:51.388742,Grounding system fault detected,Cleared,BE6,
2025-11-06 06:22:46.940744,PV shading detected,Active,BE9,
2025-11-06 06:26:25.940145,Encapsulant fault detected,Active,BE16,
2025-11-06 07:49:14.562511,Fuse installation fault detected,Cleared,BE2,
2025-11-06 08:21:30.469813,Grounding system fault detected,Cleared,BE6,
2025-11-06 08:29:28.028516,PV interconnect fault detected,Active,BE5,
2025-11-06 09:07:15.339626,Grounding system fault detected,Cleared,BE6,
2025-11-06 09:16:26.829945,PV shading detected,Cleared,BE9,
2025-11-06 09:23:31.054077,Encapsulant fault detected,Active,BE16,
2025-11-06 10:24:19.021462,PV interconnect fault detected,Cleared,BE5,
2025-11-06 11:32:48.963547,PV cell breakage detected,Active,BE10,
2025-11-06 12:19:54.287276,Grounding system fault detected,Active,BE6,
2025-11-06 14:22:46.940744,PV shading detected,Cleared,BE9,
2025-11-06 14:32:42.981490,PV hot spot detected,Active,BE12,
2025-11-06 14:56:16.332437,PV cell breakage detected,Cleared,BE10,
2025-11-06 16:36:48.317140,PV shading detected,Active,BE9,
2025-11-06 16:43:44.888430,PV shading detected,Active,BE9,
2025-11-06 17:07:03.122667,Encapsulant fault detected,Active,BE16,
2025-11-06 17:28:08.928631,PV solder bond failure detected,Cleared,BE11,
2025-11-06 17:52:10.748387,PV solder bond failure detected,Active,BE11,
2025-11-06 18:53:35.921496,PV solder bond failure detected,Active,BE11,
2025-11-06 20:58:51.948561,PV interconnect fault detected,Cleared,BE5,
2025-11-06 20:59:18.641777,Rack structure fault detected,Cleared,BE15,
2025-11-06 22:25:40.079656,PV cell breakage detected,Cleared,BE10,
2025-11-07 00:04:18.620977,Rack structure fault detected,Active,BE15,
2025-11-07 00:06:36.089561,Encapsulant fault detected,Cleared,BE16,
2025-11-07 00:25:57.528617,PV cell breakage detected,Active,BE10,
2025-11-07 00:36:48.317140,PV shading detected,Cleared,BE9,
2025-11-07 00:43:44.888430,PV shading detected,Cleared,BE9,
2025-11-07 00:47:19.850985,PV cell breakage detected,Active,BE10,
2025-11-07 01:47:30.863198,PV cell breakage detected,Cleared,BE10,
2025-11-07 02:14:47.590582,Rack structure fault detected,Active,BE15,
2025-11-07 02:43:15.562936,Rack structure fault detected,Cleared,BE15,
2025-11-07 02:59:58.537642,PV interconnect fault detected,Cleared,BE5,
2025-11-07 03:39:55.054631,PV interconnect fault detected,Cleared,BE5,
2025-11-07 03:41:06.237498,PV interconnect fault detected,Active,BE5,
2025-11-07 03:44:23.802777,PV interconnect fault detected,Active,BE5,
2025-11-07 04:12:58.469290,PV shading detected,Active,BE9,
2025-11-07 04:35:23.430816,PV solder bond failure detected,Active,BE11,
2025-11-07 04:37:58.023317,Rack structure fault detected,Active,BE15,
2025-11-07 04:55:41.542237,Encapsulant fault detected,Cleared,BE16,
2025-11-07 05:21:48.882226,PV solder bond failure detected,Active,BE11,
2025-11-07 08:23:23.251588,Rack structure fault detected,Cleared,BE15,
2025-11-07 08:29:14.712290,Rack structure fault detected,Cleared,BE15,
2025-11-07 08:29:28.028516,PV interconnect fault detected,Cleared,BE5,
2025-11-07 08:32:08.223909,PV interconnect fault detected,Active,BE5,
2025-11-07 10:34:40.513613,Grounding system fault detected,Active,BE6,
2025-11-07 11:19:09.514433,PV cell breakage detected,Cleared,BE10,
2025-11-07 11:47:07.387457,Encapsulant fault detected,Cleared,BE16,
2025-11-07 12:12:58.469290,PV shading detected,Cleared,BE9,
2025-11-07 12:19:54.287276,Grounding system fault detected,Cleared,BE6,
2025-11-07 13:22:31.427962,MCB 1 fault detected,Active,BE3,
2025-11-07 13:41:12.933143,PV cell breakage detected,Cleared,BE10,
2025-11-07 13:49:00.638084,PV cell breakage detected,Cleared,BE10,
2025-11-07 14:03:57.781068,Encapsulant fault detected,Active,BE16,
2025-11-07 14:07:21.126064,PV solder bond failure detected,Cleared,BE11,
2025-11-07 14:32:15.802413,PV interconnect fault detected,Active,BE5,
2025-11-07 14:32:42.981490,PV hot spot detected,Cleared,BE12,
2025-11-07 15:20:55.491554,Encapsulant fault detected,Cleared,BE16,
2025-11-07 16:35:37.926258,MCB 1 fault detected,Active,BE3,
2025-11-07 17:02:37.130935,PV solder bond failure detected,Cleared,BE11,
2025-11-07 17:03:52.329357,PV cell breakage detected,Active,BE10,
2025-11-07 17:20:23.730801,PV solder bond failure detected,Cleared,BE11,
2025-11-07 18:40:01.485566,PV solder bond failure detected,Cleared,BE11,
2025-11-07 22:00:56.490453,PV solder bond failure detected,Cleared,BE11,
2025-11-07 23:22:31.427962,MCB 1 fault detected,Cleared,BE3,
2025-11-07 23:38:59.335355,PV interconnect fault detected,Active,BE5,
2025-11-07 23:42:49.391382,Grounding system fault detected,Active,BE6,
2025-11-08 00:07:41.773586,Rack structure fault detected,Cleared,BE15,
2025-11-08 01:43:52.478768,PV cell breakage detected,Active,BE10,
2025-11-08 02:02:46.628517,Rack structure fault detected,Active,BE15,
2025-11-08 02:35:37.926258,MCB 1 fault detected,Cleared,BE3,
2025-11-08 02:46:48.971598,PV cell breakage detected,Cleared,BE10,
2025-11-08 03:41:06.237498,PV interconnect fault detected,Cleared,BE5,
2025-11-08 03:44:23.802777,PV interconnect fault detected,Cleared,BE5,
2025-11-08 04:28:25.834830,Encapsulant fault detected,Active,BE16,
2025-11-08 06:26:25.940145,Encapsulant fault detected,Cleared,BE16,
2025-11-08 06:27:32.046598,Short/open circuit fault detected,Active,BE14,
2025-11-08 06:51:53.272094,MCB 1 fault detected,Active,BE3,
2025-11-08 08:00:07.368090,PV shading detected,Active,BE9,
2025-11-08 08:06:30.500577,PV solder bond failure detected,Active,BE11,
2025-11-08 08:32:08.223909,PV interconnect fault detected,Cleared,BE5,
2025-11-08 09:09:49.589708,PV cell breakage detected,Active,BE10,
2025-11-08 09:23:31.054077,Encapsulant fault detected,Cleared,BE16,
2025-11-08 10:34:40.513613,Grounding system fault detected,Cleared,BE6,
2025-11-08 10:51:23.428676,MCB 1 fault detected,Active,BE3,
2025-11-08 11:20:26.864159,PV solder bond failure detected,Active,BE11,
2025-11-08 11:32:48.963547,PV cell breakage detected,Cleared,BE10,
2025-11-08 13:02:39.350421,Encapsulant fault detected,Active,BE16,
2025-11-08 14:32:15.802413,PV interconnect fault detected,Cleared,BE5,
2025-11-08 15:11:08.859151,Rack structure fault detected,Active,BE15,
2025-11-08 15:48:55.423902,Rack structure fault detected,Active,BE15,
2025-11-08 16:00:07.368090,PV shading detected,Cleared,BE9,
2025-11-08 16:51:53.272094,MCB 1 fault detected,Cleared,BE3,
2025-11-08 17:07:03.122667,Encapsulant fault detected,Cleared,BE16,
2025-11-08 17:52:10.748387,PV solder bond failure detected,Cleared,BE11,
2025-11-08 17:57:04.406552,PV cell breakage detected,Active,BE10,
2025-11-08 18:27:32.046598,Short/open circuit fault detected,Cleared,BE14,
2025-11-08 18:46:38.556249,PV shading detected,Active,BE9,
2025-11-08 18:53:35.921496,PV solder bond failure detected,Cleared,BE11,
2025-11-08 20:51:23.428676,MCB 1 fault detected,Cleared,BE3,
2025-11-08 21:22:44.807239,PV solder bond failure detected,Active,BE11,
2025-11-08 22:36:30.357748,Encapsulant fault detected,Active,BE16,
2025-11-08 23:38:59.335355,PV interconnect fault detected,Cleared,BE5,
2025-11-08 23:42:49.391382,Grounding system fault detected,Cleared,BE6,
2025-11-09 00:04:18.620977,Rack structure fault detected,Cleared,BE15,
2025-11-09 00:11:59.592664,PV solder bond failure detected,Active,BE11,
2025-11-09 00:25:57.528617,PV cell breakage detected,Cleared,BE10,
2025-11-09 00:47:19.850985,PV cell breakage detected,Cleared,BE10,
2025-11-09 02:14:47.590582,Rack structure fault detected,Cleared,BE15,
2025-11-09 02:14:48.771786,PV hot spot detected,Active,BE12,
2025-11-09 02:46:38.556249,PV shading detected,Cleared,BE9,
2025-11-09 04:35:23.430816,PV solder bond failure detected,Cleared,BE11,
2025-11-09 04:37:58.023317,Rack structure fault detected,Cleared,BE15,
2025-11-09 05:10:49.458277,Rack structure fault detected,Active,BE15,
2025-11-09 05:21:48.882226,PV solder bond failure detected,Cleared,BE11,
2025-11-09 05:29:00.419446,PV interconnect fault detected,Active,BE5,
2025-11-09 06:50:38.208263,PV solder bond failure detected,Active,BE11,
2025-11-09 08:16:40.059367,PV solder bond failure detected,Active,BE11,
2025-11-09 09:20:21.547690,PV solder bond failure detected,Active,BE11,
2025-11-09 10:14:56.193715,Rack structure fault detected,Active,BE15,
2025-11-09 10:30:33.062463,PV interconnect fault detected,Active,BE5,
2025-11-09 11:52:23.222884,PV cell breakage detected,Active,BE10,
2025-11-09 13:05:45.487684,Encapsulant fault detected,Active,BE16,
2025-11-09 13:11:56.981975,Encapsulant fault detected,Active,BE16,
2025-11-09 13:39:08.431513,Grounding system fault detected,Active,BE6,
2025-11-09 14:03:57.781068,Encapsulant fault detected,Cleared,BE16,
2025-11-09 14:38:00.974252,Encapsulant fault detected,Active,BE16,
2025-11-09 15:32:45.253355,PV interconnect fault detected,Active,BE5,
2025-11-09 16:28:57.223410,PV soiling detected,Active,BE8,
2025-11-09 16:33:32.931566,Rack structure fault detected,Active,BE15,
2025-11-09 17:03:52.329357,PV cell breakage detected,Cleared,BE10,
2025-11-09 18:17:22.906336,PV shading detected,Active,BE9,
2025-11-09 19:48:09.897848,PV cell breakage detected,Active,BE10,
2025-11-10 00:28:57.223410,PV soiling detected,Cleared,BE8,
2025-11-10 01:18:04.816070,Fuse installation fault detected,Active,BE2,
2025-11-10 01:43:52.478768,PV cell breakage detected,Cleared,BE10,
2025-11-10 02:02:46.628517,Rack structure fault detected,Cleared,BE15,
2025-11-10 02:14:48.771786,PV hot spot detected,Cleared,BE12,
2025-11-10 02:17:22.906336,PV shading detected,Cleared,BE9,
2025-11-10 03:36:12.026884,PV cell breakage detected,Active,BE10,
2025-11-10 04:02:44.932888,PV solder bond failure detected,Active,BE11,
2025-11-10 04:28:25.834830,Encapsulant fault detected,Cleared,BE16,
2025-11-10 05:18:04.816070,Fuse installation fault detected,Cleared,BE2,
2025-11-10 05:29:00.419446,PV interconnect fault detected,Cleared,BE5,
2025-11-10 07:21:20.527894,PV interconnect fault detected,Active,BE5,
2025-11-10 08:06:30.500577,PV solder bond failure detected,Cleared,BE11,
2025-11-10 08:55:03.411500,PV shading detected,Active,BE9,
2025-11-10 09:09:49.589708,PV cell breakage detected,Cleared,BE10,
2025-11-10 10:22:38.926197,PV shading detected,Active,BE9,
2025-11-10 10:30:33.062463,PV interconnect fault detected,Cleared,BE5,
2025-11-10 10:35:33.537437,PV hot spot detected,Active,BE12,
2025-11-10 11:20:26.864159,PV solder bond failure detected,Cleared,BE11,
2025-11-10 12:42:11.889828,Rack structure fault detected,Active,BE15,
2025-11-10 13:02:39.350421,Encapsulant fault detected,Cleared,BE16,
2025-11-10 13:39:08.431513,Grounding system fault detected,Cleared,BE6,
2025-11-10 14:28:12.348042,PV interconnect fault detected,Active,BE5,
2025-11-10 15:11:08.859151,Rack structure fault detected,Cleared,BE15,
2025-11-10 15:32:45.253355,PV interconnect fault detected,Cleared,BE5,
2025-11-10 15:48:55.423902,Rack structure fault detected,Cleared,BE15,
2025-11-10 16:55:03.411500,PV shading detected,Cleared,BE9,
2025-11-10 17:28:37.134157,PV interconnect fault detected,Active,BE5,
2025-11-10 17:57:04.406552,PV cell breakage detected,Cleared,BE10,
2025-11-10 18:22:38.926197,PV shading detected,Cleared,BE9,
2025-11-10 20:50:10.646161,PV solder bond failure detected,Active,BE11,
2025-11-10 21:22:44.807239,PV solder bond failure detected,Cleared,BE11,
2025-11-10 22:36:30.357748,Encapsulant fault detected,Cleared,BE16,
2025-11-10 23:05:05.859191,Grounding system fault detected,Active,BE6,
2025-11-11 00:11:59.592664,PV solder bond failure detected,Cleared,BE11,
2025-11-11 00:35:46.170352,PV interconnect fault detected,Active,BE5,
2025-11-11 02:23:26.592562,PV interconnect fault detected,Active,BE5,
2025-11-11 04:00:57.991774,Encapsulant fault detected,Active,BE16,
2025-11-11 04:41:04.230996,PV interconnect fault detected,Active,BE5,
2025-11-11 05:10:49.458277,Rack structure fault detected,Cleared,BE15,
2025-11-11 05:26:18.759085,Encapsulant fault detected,Active,BE16,
2025-11-11 06:50:38.208263,PV solder bond failure detected,Cleared,BE11,
2025-11-11 07:21:20.527894,PV interconnect fault detected,Cleared,BE5,
2025-11-11 07:23:10.352012,Cable insulation fault detected,Active,BE17,
2025-11-11 08:16:40.059367,PV solder bond failure detected,Cleared,BE11,
2025-11-11 09:20:21.547690,PV solder bond failure detected,Cleared,BE11,
2025-11-11 10:14:56.193715,Rack structure fault detected,Cleared,BE15,
2025-11-11 10:35:33.537437,PV hot spot detected,Cleared,BE12,
2025-11-11 10:55:59.891653,Fuse installation fault detected,Active,BE2,
2025-11-11 11:23:10.352012,Cable insulation fault detected,Cleared,BE17,
2025-11-11 11:31:37.624173,PV solder bond failure detected,Active,BE11,
2025-11-11 11:33:06.972633,Rack structure fault detected,Active,BE15,
2025-11-11 11:52:23.222884,PV cell breakage detected,Cleared,BE10,
2025-11-11 12:49:31.730942,PV shading detected,Active,BE9,
2025-11-11 12:50:21.168988,PV interconnect fault detected,Active,BE5,
2025-11-11 13:05:45.487684,Encapsulant fault detected,Cleared,BE16,
2025-11-11 13:11:56.981975,Encapsulant fault detected,Cleared,BE16,
2025-11-11 13:36:24.401197,PV shading detected,Active,BE9,
2025-11-11 14:28:12.348042,PV interconnect fault detected,Cleared,BE5,
2025-11-11 14:38:00.974252,Encapsulant fault detected,Cleared,BE16,
2025-11-11 14:55:59.891653,Fuse installation fault detected,Cleared,BE2,
2025-11-11 16:33:32.931566,Rack structure fault detected,Cleared,BE15,
2025-11-11 17:03:03.239785,Grounding system fault detected,Active,BE6,
2025-11-11 17:28:37.134157,PV interconnect fault detected,Cleared,BE5,
2025-11-11 18:07:51.321814,PV solder bond failure detected,Active,BE11,
2025-11-11 18:34:02.290092,Rack structure fault detected,Active,BE15,
2025-11-11 19:15:22.284573,PV interconnect fault detected,Active,BE5,
2025-11-11 19:48:09.897848,PV cell breakage detected,Cleared,BE10,
2025-11-11 20:49:31.730942,PV shading detected,Cleared,BE9,
2025-11-11 21:32:09.945797,PV cell breakage detected,Active,BE10,
2025-11-11 21:36:24.401197,PV shading detected,Cleared,BE9,
2025-11-11 22:16:58.485801,PV shading detected,Active,BE9,
2025-11-11 23:05:05.859191,Grounding system fault detected,Cleared,BE6,
2025-11-12 00:01:30.299855,PV shading detected,Active,BE9,
2025-11-12 00:09:32.031917,PV shading detected,Active,BE9,
2025-11-12 00:35:46.170352,PV interconnect fault detected,Cleared,BE5,
2025-11-12 02:23:26.592562,PV interconnect fault detected,Cleared,BE5,
2025-11-12 02:57:47.974312,Encapsulant fault detected,Active,BE16,
2025-11-12 03:36:12.026884,PV cell breakage detected,Cleared,BE10,
2025-11-12 04:02:44.932888,PV solder bond failure detected,Cleared,BE11,
2025-11-12 04:41:04.230996,PV interconnect fault detected,Cleared,BE5,
2025-11-12 05:14:17.657666,PV solder bond failure detected,Active,BE11,
2025-11-12 05:43:09.523416,PV solder bond failure detected,Active,BE11,
2025-11-12 06:16:58.485801,PV shading detected,Cleared,BE9,
2025-11-12 06:23:20.059966,PV shading detected,Active,BE9,
2025-11-12 06:33:32.213222,PV soiling detected,Active,BE8,
2025-11-12 06:55:59.748115,Short/open circuit fault detected,Active,BE14,
2025-11-12 08:01:30.299855,PV shading detected,Cleared,BE9,
2025-11-12 08:09:32.031917,PV shading detected,Cleared,BE9,
2025-11-12 08:27:38.681521,PV solder bond failure detected,Active,BE11,
2025-11-12 08:38:01.303662,MCB 2 fault detected,Active,BE4,
2025-11-12 10:12:50.326974,PV cell breakage detected,Active,BE10,
2025-11-12 10:21:42.500751,PV shading detected,Active,BE9,
2025-11-12 10:59:32.346185,PV solder bond failure detected,Active,BE11,
2025-11-12 12:42:11.889828,Rack structure fault detected,Cleared,BE15,
2025-11-12 12:50:21.168988,PV interconnect fault detected,Cleared,BE5,
2025-11-12 13:21:01.113924,Cable aging fault detected,Active,BE18,
2025-11-12 14:23:20.059966,PV shading detected,Cleared,BE9,
2025-11-12 14:33:32.213222,PV soiling detected,Cleared,BE8,
2025-11-12 15:27:03.445880,PV cell breakage detected,Active,BE10,
2025-11-12 17:03:03.239785,Grounding system fault detected,Cleared,BE6,
2025-11-12 17:21:01.113924,Cable aging fault detected,Cleared,BE18,
2025-11-12 17:46:55.244530,PV solder bond failure detected,Active,BE11,
2025-11-12 17:55:28.849696,PV shading detected,Active,BE9,
2025-11-12 18:21:42.500751,PV shading detected,Cleared,BE9,
2025-11-12 18:38:01.303662,MCB 2 fault detected,Cleared,BE4,
2025-11-12 18:55:59.748115,Short/open circuit fault detected,Cleared,BE14,
2025-11-12 19:15:22.284573,PV interconnect fault detected,Cleared,BE5,
2025-11-12 20:44:27.346407,PV solder bond failure detected,Active,BE11,
2025-11-12 20:50:10.646161,PV solder bond failure detected,Cleared,BE11,
2025-11-12 21:49:19.407441,PV solder bond failure detected,Active,BE11,
2025-11-13 00:22:23.252031,PV interconnect fault detected,Active,BE5,
2025-11-13 01:55:28.849696,PV shading detected,Cleared,BE9,
2025-11-13 02:28:22.178934,PV cell breakage detected,Active,BE10,
2025-11-13 03:42:25.676123,PV shading detected,Active,BE9,
2025-11-13 03:55:29.749806,PV solder bond failure detected,Active,BE11,
2025-11-13 04:00:57.991774,Encapsulant fault detected,Cleared,BE16,
2025-11-13 04:12:55.313379,PV shading detected,Active,BE9,
2025-11-13 05:26:18.759085,Encapsulant fault detected,Cleared,BE16,
2025-11-13 05:41:33.659820,PV interconnect fault detected,Active,BE5,
2025-11-13 05:42:24.715174,PV shading detected,Active,BE9,
2025-11-13 06:53:40.816981,PV cell breakage detected,Active,BE10,
2025-11-13 09:13:32.381181,PV cell breakage detected,Active,BE10,
2025-11-13 10:25:06.469489,Grounding system fault detected,Active,BE6,
2025-11-13 10:36:17.846992,PV soiling detected,Active,BE8,
2025-11-13 10:54:04.913390,Rack structure fault detected,Active,BE15,
2025-11-13 11:31:37.624173,PV solder bond failure detected,Cleared,BE11,
2025-11-13 11:33:06.972633,Rack structure fault detected,Cleared,BE15,
2025-11-13 11:42:25.676123,PV shading detected,Cleared,BE9,
2025-11-13 12:12:55.313379,PV shading detected,Cleared,BE9,
2025-11-13 13:42:24.715174,PV shading detected,Cleared,BE9,
2025-11-13 15:00:04.254072,PV shading detected,Active,BE9,
2025-11-13 15:07:19.095230,Grounding system fault detected,Active,BE6,
2025-11-13 15:15:00.895610,PV solder bond failure detected,Active,BE11,
2025-11-13 15:57:48.229343,PV interconnect fault detected,Active,BE5,
2025-11-13 17:19:21.726594,MCB 1 fault detected,Active,BE3,
2025-11-13 17:22:23.542081,PV cell breakage detected,Active,BE10,
2025-11-13 17:32:39.398843,Grounding system fault detected,Active,BE6,
2025-11-13 18:03:25.666458,Rack structure fault detected,Active,BE15,
2025-11-13 18:07:51.321814,PV solder bond failure detected,Cleared,BE11,
2025-11-13 18:29:17.116286,PV solder bond failure detected,Active,BE11,
2025-11-13 18:34:02.290092,Rack structure fault detected,Cleared,BE15,
2025-11-13 18:36:17.846992,PV soiling detected,Cleared,BE8,
2025-11-13 19:26:31.840500,PV solder bond failure detected,Active,BE11,
2025-11-13 19:46:39.409280,PV shading detected,Active,BE9,
2025-11-13 20:54:54.089561,PV solder bond failure detected,Active,BE11,
2025-11-13 21:32:09.945797,PV cell breakage detected,Cleared,BE10,
2025-11-13 22:44:18.118836,PV solder bond failure detected,Active,BE11,
2025-11-13 23:00:04.254072,PV shading detected,Cleared,BE9,
2025-11-13 23:16:57.814912,Encapsulant fault detected,Active,BE16,
2025-11-13 23:57:35.809060,Grounding system fault detected,Active,BE6,
2025-11-14 00:22:23.252031,PV interconnect fault detected,Cleared,BE5,
2025-11-14 01:08:09.612932,PV solder bond failure detected,Active,BE11,
2025-11-14 01:09:34.420983,Grounding system fault detected,Active,BE6,
2025-11-14 02:57:47.974312,Encapsulant fault detected,Cleared,BE16,
2025-11-14 03:19:21.726594,MCB 1 fault detected,Cleared,BE3,
2025-11-14 03:46:39.409280,PV shading detected,Cleared,BE9,
2025-11-14 03:47:18.049450,PV interconnect fault detected,Active,BE5,
2025-11-14 03:56:38.940719,PV interconnect fault detected,Active,BE5,
2025-11-14 04:49:13.454564,Encapsulant fault detected,Active,BE16,
2025-11-14 05:14:17.657666,PV solder bond failure detected,Cleared,BE11,
2025-11-14 05:41:33.659820,PV interconnect fault detected,Cleared,BE5,
2025-11-14 05:43:09.523416,PV solder bond failure detected,Cleared,BE11,
2025-11-14 08:03:32.304707,PV solder bond failure detected,Active,BE11,
2025-11-14 08:27:38.681521,PV solder bond failure detected,Cleared,BE11,
2025-11-14 10:12:50.326974,PV cell breakage detected,Cleared,BE10,
2025-11-14 10:25:06.469489,Grounding system fault detected,Cleared,BE6,
2025-11-14 10:37:18.007221,PV shading detected,Active,BE9,
2025-11-14 10:59:32.346185,PV solder bond failure detected,Cleared,BE11,
2025-11-14 12:56:23.927585,Encapsulant fault detected,Active,BE16,
2025-11-14 14:14:12.829713,PV solder bond failure detected,Active,BE11,
2025-11-14 14:19:38.049903,Rack structure fault detected,Active,BE15,
2025-11-14 15:07:19.095230,Grounding system fault detected,Cleared,BE6,
2025-11-14 15:27:03.445880,PV cell breakage detected,Cleared,BE10,
2025-11-14 15:57:48.229343,PV interconnect fault detected,Cleared,BE5,
2025-11-14 16:37:08.513925,Grounding system fault detected,Active,BE6,
2025-11-14 16:49:10.778891,PV interconnect fault detected,Active,BE5,
2025-11-14 16:59:35.267774,PV cell breakage detected,Active,BE10,
2025-11-14 17:32:39.398843,Grounding system fault detected,Cleared,BE6,
2025-11-14 17:46:55.244530,PV solder bond failure detected,Cleared,BE11,
2025-11-14 18:37:18.007221,PV shading detected,Cleared,BE9,
2025-11-14 19:08:13.699750,PV interconnect fault detected,Active,BE5,
2025-11-14 20:44:27.346407,PV solder bond failure detected,Cleared,BE11,
2025-11-14 21:49:19.407441,PV solder bond failure detected,Cleared,BE11,
2025-11-14 22:14:46.488977,PV solder bond failure detected,Active,BE11,
2025-11-14 22:37:34.011727,PV shading detected,Active,BE9,
2025-11-14 23:24:00.305825,Rack structure fault detected,Active,BE15,
2025-11-14 23:57:35.809060,Grounding system fault detected,Cleared,BE6,
2025-11-15 01:09:34.420983,Grounding system fault detected,Cleared,BE6,
2025-11-15 01:16:25.848855,PV solder bond failure detected,Active,BE11,
2025-11-15 01:30:47.597144,PV soiling detected,Active,BE8,
2025-11-15 02:28:22.178934,PV cell breakage detected,Cleared,BE10,
2025-11-15 03:42:09.076162,Encapsulant fault detected,Active,BE16,
2025-11-15 03:47:18.049450,PV interconnect fault detected,Cleared,BE5,
2025-11-15 03:55:29.749806,PV solder bond failure detected,Cleared,BE11,
2025-11-15 03:56:38.940719,PV interconnect fault detected,Cleared,BE5,
2025-11-15 06:37:34.011727,PV shading detected,Cleared,BE9,
2025-11-15 06:53:40.816981,PV cell breakage detected,Cleared,BE10,
2025-11-15 09:13:32.381181,PV cell breakage detected,Cleared,BE10,
2025-11-15 09:30:47.597144,PV soiling detected,Cleared,BE8,
2025-11-15 10:54:04.913390,Rack structure fault detected,Cleared,BE15,
2025-11-15 12:57:24.548201,PV solder bond failure detected,Active,BE11,
2025-11-15 14:29:30.832092,PV solder bond failure detected,Active,BE11,
2025-11-15 15:15:00.895610,PV solder bond failure detected,Cleared,BE11,
2025-11-15 16:29:50.245551,MCB 1 fault detected,Active,BE3,
2025-11-15 16:37:08.513925,Grounding system fault detected,Cleared,BE6,
2025-11-15 16:44:00.314062,PV cell breakage detected,Active,BE10,
2025-11-15 16:49:10.778891,PV interconnect fault detected,Cleared,BE5,
2025-11-15 17:22:23.542081,PV cell breakage detected,Cleared,BE10,
2025-11-15 18:03:25.666458,Rack structure fault detected,Cleared,BE15,
2025-11-15 18:29:17.116286,PV solder bond failure detected,Cleared,BE11,
2025-11-15 18:44:57.341795,PV solder bond failure detected,Active,BE11,
2025-11-15 19:08:13.699750,PV interconnect fault detected,Cleared,BE5,
2025-11-15 19:26:31.840500,PV solder bond failure detected,Cleared,BE11,
2025-11-15 19:51:21.884888,PV shading detected,Active,BE9,
2025-11-15 20:29:09.399744,PV cell breakage detected,Active,BE10,
2025-11-15 20:54:54.089561,PV solder bond failure detected,Cleared,BE11,
2025-11-15 22:44:18.118836,PV solder bond failure detected,Cleared,BE11,
2025-11-15 23:16:57.814912,Encapsulant fault detected,Cleared,BE16,
2025-11-16 01:08:09.612932,PV solder bond failure detected,Cleared,BE11,
2025-11-16 02:29:50.245551,MCB 1 fault detected,Cleared,BE3,
2025-11-16 03:12:47.655287,PV cell breakage detected,Active,BE10,
2025-11-16 03:51:21.884888,PV shading detected,Cleared,BE9,
2025-11-16 04:49:13.454564,Encapsulant fault detected,Cleared,BE16,
2025-11-16 05:20:45.349076,PV cell breakage detected,Active,BE10,
2025-11-16 05:36:15.440322,PV solder bond failure detected,Active,BE11,
2025-11-16 06:39:04.400188,Rack structure fault detected,Active,BE15,
2025-11-16 06:56:24.585910,PV solder bond failure detected,Active,BE11,
2025-11-16 07:43:22.125143,PV solder bond failure detected,Active,BE11,
2025-11-16 08:03:32.304707,PV solder bond failure detected,Cleared,BE11,
2025-11-16 09:15:24.211147,PV shading detected,Active,BE9,
2025-11-16 09:30:21.285804,PV interconnect fault detected,Active,BE5,
2025-11-16 11:24:30.090243,PV interconnect fault detected,Active,BE5,
2025-11-16 12:56:23.927585,Encapsulant fault detected,Cleared,BE16,
2025-11-16 13:54:00.865971,MCB 2 fault detected,Active,BE4,
2025-11-16 14:14:12.829713,PV solder bond failure detected,Cleared,BE11,
2025-11-16 14:19:38.049903,Rack structure fault detected,Cleared,BE15,
2025-11-16 15:38:35.038772,PV shading detected,Active,BE9,
2025-11-16 16:59:35.267774,PV cell breakage detected,Cleared,BE10,
2025-11-16 17:09:06.381341,Encapsulant fault detected,Active,BE16,
2025-11-16 17:15:24.211147,PV shading detected,Cleared,BE9,
2025-11-16 17:44:17.371713,PV interconnect fault detected,Active,BE5,
2025-11-16 18:47:33.688208,PV interconnect fault detected,Active,BE5,
2025-11-16 22:11:28.202838,PV solder bond failure detected,Active,BE11,
2025-11-16 22:14:46.488977,PV solder bond failure detected,Cleared,BE11,
2025-11-16 23:06:37.517765,PV soiling detected,Active,BE8,
2025-11-16 23:24:00.305825,Rack structure fault detected,Cleared,BE15,
2025-11-16 23:38:35.038772,PV shading detected,Cleared,BE9,
2025-11-16 23:54:00.865971,MCB 2 fault detected,Cleared,BE4,
2025-11-17 00:54:45.092281,Grounding system fault detected,Active,BE6,
2025-11-17 01:00:55.460059,PV solder bond failure detected,Active,BE11,
2025-11-17 01:16:25.848855,PV solder bond failure detected,Cleared,BE11,
2025-11-17 01:43:54.037161,Grounding system fault detected,Active,BE6,
2025-11-17 03:42:09.076162,Encapsulant fault detected,Cleared,BE16,
2025-11-17 04:20:38.844999,PV shading detected,Active,BE9,
2025-11-17 04:23:22.240588,Grounding system fault detected,Active,BE6,
2025-11-17 07:06:37.517765,PV soiling detected,Cleared,BE8,
2025-11-17 08:00:16.052634,PV shading detected,Active,BE9,
2025-11-17 08:45:35.539076,PV solder bond failure detected,Active,BE11,
2025-11-17 08:55:57.136205,PV solder bond failure detected,Active,BE11,
2025-11-17 09:30:21.285804,PV interconnect fault detected,Cleared,BE5,
2025-11-17 11:24:30.090243,PV interconnect fault detected,Cleared,BE5,
2025-11-17 12:09:37.945047,PV shading detected,Active,BE9,
2025-11-17 12:20:38.844999,PV shading detected,Cleared,BE9,
2025-11-17 12:57:24.548201,PV solder bond failure detected,Cleared,BE11,
2025-11-17 14:29:30.832092,PV solder bond failure detected,Cleared,BE11,
2025-11-17 15:20:41.925416,Rack structure fault detected,Active,BE15,
2025-11-17 16:00:16.052634,PV shading detected,Cleared,BE9,
2025-11-17 16:35:59.260143,Rack structure fault detected,Active,BE15,
2025-11-17 16:40:19.295565,Grounding system fault detected,Active,BE6,
2025-11-17 16:44:00.314062,PV cell breakage detected,Cleared,BE10,
2025-11-17 16:48:34.925614,PV solder bond failure detected,Active,BE11,
2025-11-17 17:44:17.371713,PV interconnect fault detected,Cleared,BE5,
2025-11-17 18:44:57.341795,PV solder bond failure detected,Cleared,BE11,
2025-11-17 18:47:33.688208,PV interconnect fault detected,Cleared,BE5,
2025-11-17 19:21:53.336906,PV solder bond failure detected,Active,BE11,
2025-11-17 19:45:01.882108,PV solder bond failure detected,Active,BE11,
2025-11-17 20:09:37.945047,PV shading detected,Cleared,BE9,
2025-11-17 20:29:09.399744,PV cell breakage detected,Cleared,BE10,
2025-11-18 00:54:45.092281,Grounding system fault detected,Cleared,BE6,
2025-11-18 01:43:54.037161,Grounding system fault detected,Cleared,BE6,
2025-11-18 02:04:46.433577,PV solder bond failure detected,Active,BE11,
2025-11-18 03:12:47.655287,PV cell breakage detected,Cleared,BE10,
2025-11-18 03:55:56.118911,PV solder bond failure detected,Active,BE11,
2025-11-18 04:23:22.240588,Grounding system fault detected,Cleared,BE6,
2025-11-18 05:20:45.349076,PV cell breakage detected,Cleared,BE10,
2025-11-18 05:36:15.440322,PV solder bond failure detected,Cleared,BE11,
2025-11-18 05:50:25.405696,PV shading detected,Active,BE9,
2025-11-18 06:04:28.544513,PV cell breakage detected,Active,BE10,
2025-11-18 06:39:04.400188,Rack structure fault detected,Cleared,BE15,
2025-11-18 06:56:24.585910,PV solder bond failure detected,Cleared,BE11,
2025-11-18 07:13:16.558672,PV solder bond failure detected,Active,BE11,
2025-11-18 07:43:22.125143,PV solder bond failure detected,Cleared,BE11,
2025-11-18 07:47:10.501198,PV solder bond failure detected,Active,BE11,
2025-11-18 08:51:24.392818,PV solder bond failure detected,Active,BE11,
2025-11-18 11:14:09.571101,PV solder bond failure detected,Active,BE11,
2025-11-18 11:52:06.418078,PV solder bond failure detected,Active,BE11,
2025-11-18 12:33:36.920061,PV shading detected,Active,BE9,
2025-11-18 13:50:25.405696,PV shading detected,Cleared,BE9,
2025-11-18 16:40:19.295565,Grounding system fault detected,Cleared,BE6,
2025-11-18 17:09:06.381341,Encapsulant fault detected,Cleared,BE16,
2025-11-18 19:04:33.904668,Encapsulant fault detected,Active,BE16,
2025-11-18 20:33:36.920061,PV shading detected,Cleared,BE9,
2025-11-18 22:11:28.202838,PV solder bond failure detected,Cleared,BE11,
2025-11-19 01:00:55.460059,PV solder bond failure detected,Cleared,BE11,
2025-11-19 04:07:25.634135,PV solder bond failure detected,Active,BE11,
2025-11-19 04:09:52.476382,PV solder bond failure detected,Active,BE11,
2025-11-19 06:24:48.166803,Rack structure fault detected,Active,BE15,
2025-11-19 06:45:27.602208,PV shading detected,Active,BE9,
2025-11-19 08:36:44.309358,PV solder bond failure detected,Active,BE11,
2025-11-19 08:45:35.539076,PV solder bond failure detected,Cleared,BE11,
2025-11-19 08:55:57.136205,PV solder bond failure detected,Cleared,BE11,
2025-11-19 09:18:06.975262,MCB 1 fault detected,Active,BE3,
2025-11-19 09:29:48.638657,PV solder bond failure detected,Active,BE11,
2025-11-19 11:58:10.726581,PV solder bond failure detected,Active,BE11,
2025-11-19 14:45:27.602208,PV shading detected,Cleared,BE9,
2025-11-19 14:58:23.969704,PV interconnect fault detected,Active,BE5,
2025-11-19 15:20:41.925416,Rack structure fault detected,Cleared,BE15,
2025-11-19 16:35:59.260143,Rack structure fault detected,Cleared,BE15,
2025-11-19 16:48:34.925614,PV solder bond failure detected,Cleared,BE11,
2025-11-19 17:40:33.107063,PV cell breakage detected,Active,BE10,
2025-11-19 18:40:46.235762,Encapsulant fault detected,Active,BE16,
2025-11-19 19:18:06.975262,MCB 1 fault detected,Cleared,BE3,
2025-11-19 19:21:53.336906,PV solder bond failure detected,Cleared,BE11,
2025-11-19 19:45:01.882108,PV solder bond failure detected,Cleared,BE11,
2025-11-19 20:16:08.531311,Encapsulant fault detected,Active,BE16,
2025-11-19 21:42:31.334134,PV soiling detected,Active,BE8,
2025-11-19 23:13:06.815051,PV interconnect fault detected,Active,BE5,
2025-11-20 00:06:17.482381,Grounding system fault detected,Active,BE6,
2025-11-20 02:04:46.433577,PV solder bond failure detected,Cleared,BE11,
2025-11-20 02:23:52.724517,PV shading detected,Active,BE9,
2025-11-20 03:04:43.440512,PV cell breakage detected,Active,BE10,
2025-11-20 03:55:56.118911,PV solder bond failure detected,Cleared,BE11,
2025-11-20 05:29:05.086636,PV solder bond failure detected,Active,BE11,
2025-11-20 05:42:31.334134,PV soiling detected,Cleared,BE8,
2025-11-20 06:04:28.544513,PV cell breakage detected,Cleared,BE10,
2025-11-20 06:21:51.881477,Rack structure fault detected,Active,BE15,
2025-11-20 06:40:15.038889,PV solder bond failure detected,Active,BE11,
2025-11-20 07:13:16.558672,PV solder bond failure detected,Cleared,BE11,
2025-11-20 07:47:10.501198,PV solder bond failure detected,Cleared,BE11,
2025-11-20 07:51:37.731356,Grounding system fault detected,Active,BE6,
2025-11-20 08:51:24.392818,PV solder bond failure detected,Cleared,BE11,
2025-11-20 09:54:49.765013,PV interconnect fault detected,Active,BE5,
2025-11-20 10:23:52.724517,PV shading detected,Cleared,BE9,
2025-11-20 10:44:04.320367,PV interconnect fault detected,Active,BE5,
2025-11-20 11:14:09.571101,PV solder bond failure detected,Cleared,BE11,
2025-11-20 11:52:06.418078,PV solder bond failure detected,Cleared,BE11,
2025-11-20 12:11:06.600558,MCB 2 fault detected,Active,BE4,
2025-11-20 14:58:23.969704,PV interconnect fault detected,Cleared,BE5,
2025-11-20 15:40:27.651655,Encapsulant fault detected,Active,BE16,
2025-11-20 17:42:47.919915,PV cell breakage detected,Active,BE10,
2025-11-20 19:04:33.904668,Encapsulant fault detected,Cleared,BE16,
2025-11-20 22:11:06.600558,MCB 2 fault detected,Cleared,BE4,
2025-11-20 22:18:13.670409,Grounding system fault detected,Active,BE6,
2025-11-20 23:10:13.307935,Grounding system fault detected,Active,BE6,
2025-11-20 23:13:06.815051,PV interconnect fault detected,Cleared,BE5,
2025-11-21 00:06:17.482381,Grounding system fault detected,Cleared,BE6,
2025-11-21 00:32:38.440382,PV shading detected,Active,BE9,
2025-11-21 00:56:24.345811,Encapsulant fault detected,Active,BE16,
2025-11-21 02:26:50.408850,Grounding system fault detected,Active,BE6,
2025-11-21 03:07:08.841866,PV interconnect fault detected,Active,BE5,
2025-11-21 03:51:30.094048,Rack structure fault detected,Active,BE15,
2025-11-21 04:07:25.634135,PV solder bond failure detected,Cleared,BE11,
2025-11-21 04:09:52.476382,PV solder bond failure detected,Cleared,BE11,
2025-11-21 04:58:28.039851,PV cell breakage detected,Active,BE10,
2025-11-21 05:22:38.888048,PV solder bond failure detected,Active,BE11,
2025-11-21 05:54:14.494557,PV interconnect fault detected,Active,BE5,
2025-11-21 06:24:48.166803,Rack structure fault detected,Cleared,BE15,
2025-11-21 06:55:37.142041,PV solder bond failure detected,Active,BE11,
2025-11-21 06:56:05.816284,Rack structure fault detected,Active,BE15,
2025-11-21 07:51:37.731356,Grounding system fault detected,Cleared,BE6,
2025-11-21 08:32:38.440382,PV shading detected,Cleared,BE9,
2025-11-21 08:36:44.309358,PV solder bond failure detected,Cleared,BE11,
2025-11-21 09:29:48.638657,PV solder bond failure detected,Cleared,BE11,
2025-11-21 09:54:49.765013,PV interconnect fault detected,Cleared,BE5,
2025-11-21 10:44:04.320367,PV interconnect fault detected,Cleared,BE5,
2025-11-21 11:58:10.726581,PV solder bond failure detected,Cleared,BE11,
2025-11-21 12:06:05.511397,Encapsulant fault detected,Active,BE16,
2025-11-21 12:59:08.496538,Encapsulant fault detected,Active,BE16,
2025-11-21 13:02:24.733028,PV cell breakage detected,Active,BE10,
2025-11-21 13:31:54.826437,PV cell breakage detected,Active,BE10,
2025-11-21 16:01:35.819131,PV solder bond failure detected,Active,BE11,
2025-11-21 16:42:20.065481,Encapsulant fault detected,Active,BE16,
2025-11-21 17:40:33.107063,PV cell breakage detected,Cleared,BE10,
2025-11-21 18:40:46.235762,Encapsulant fault detected,Cleared,BE16,
2025-11-21 18:58:18.089608,PV cell breakage detected,Active,BE10,
2025-11-21 20:16:08.531311,Encapsulant fault detected,Cleared,BE16,
2025-11-21 21:20:49.440406,PV solder bond failure detected,Active,BE11,
2025-11-21 22:18:13.670409,Grounding system fault detected,Cleared,BE6,
2025-11-21 22:45:45.729966,PV glass breakage detected,Active,BE7,
2025-11-21 22:47:41.271005,MCB 2 fault detected,Active,BE4,
2025-11-21 23:10:13.307935,Grounding system fault detected,Cleared,BE6,
2025-11-22 02:26:50.408850,Grounding system fault detected,Cleared,BE6,
2025-11-22 03:04:43.440512,PV cell breakage detected,Cleared,BE10,
2025-11-22 03:07:08.841866,PV interconnect fault detected,Cleared,BE5,
2025-11-22 04:46:38.285650,PV shading detected,Active,BE9,
2025-11-22 05:02:45.192849,PV cell breakage detected,Active,BE10,
2025-11-22 05:22:04.692052,Rack structure fault detected,Active,BE15,
2025-11-22 05:28:42.850085,PV soiling detected,Active,BE8,
2025-11-22 05:29:05.086636,PV solder bond failure detected,Cleared,BE11,
2025-11-22 05:54:14.494557,PV interconnect fault detected,Cleared,BE5,
2025-11-22 06:21:51.881477,Rack structure fault detected,Cleared,BE15,
2025-11-22 06:40:15.038889,PV solder bond failure detected,Cleared,BE11,
2025-11-22 08:47:41.271005,MCB 2 fault detected,Cleared,BE4,
2025-11-22 08:53:36.828889,PV interconnect fault detected,Active,BE5,
2025-11-22 11:00:38.034219,MCB 2 fault detected,Active,BE4,
2025-11-22 11:11:04.830360,PV shading detected,Active,BE9,
2025-11-22 11:36:26.566258,PV interconnect fault detected,Active,BE5,
2025-11-22 11:51:41.505783,PV solder bond failure detected,Active,BE11,
2025-11-22 12:46:38.285650,PV shading detected,Cleared,BE9,
2025-11-22 13:28:42.850085,PV soiling detected,Cleared,BE8,
2025-11-22 14:06:29.563271,PV interconnect fault detected,Active,BE5,
2025-11-22 14:32:54.003350,PV interconnect fault detected,Active,BE5,
2025-11-22 15:11:46.005678,PV cell breakage detected,Active,BE10,
2025-11-22 15:32:53.815894,PV shading detected,Active,BE9,
2025-11-22 15:40:27.651655,Encapsulant fault detected,Cleared,BE16,
2025-11-22 17:17:29.026547,PV solder bond failure detected,Active,BE11,
2025-11-22 17:42:47.919915,PV cell breakage detected,Cleared,BE10,
2025-11-22 19:11:04.830360,PV shading detected,Cleared,BE9,
2025-11-22 19:23:04.172100,PV cell breakage detected,Active,BE10,
2025-11-22 20:07:41.949323,Encapsulant fault detected,Active,BE16,
2025-11-22 21:00:38.034219,MCB 2 fault detected,Cleared,BE4,
2025-11-22 22:05:56.377533,PV interconnect fault detected,Active,BE5,
2025-11-22 22:26:03.979228,PV solder bond failure detected,Active,BE11,
2025-11-22 22:45:45.729966,PV glass breakage detected,Cleared,BE7,
2025-11-22 23:32:53.815894,PV shading detected,Cleared,BE9,
2025-11-22 23:53:49.181575,PV solder bond failure detected,Active,BE11,
2025-11-23 00:56:24.345811,Encapsulant fault detected,Cleared,BE16,
2025-11-23 01:07:10.452214,PV solder bond failure detected,Active,BE11,
2025-11-23 01:27:57.201660,PV shading detected,Active,BE9,
2025-11-23 03:51:30.094048,Rack structure fault detected,Cleared,BE15,
2025-11-23 04:58:28.039851,PV cell breakage detected,Cleared,BE10,
2025-11-23 05:22:38.888048,PV solder bond failure detected,Cleared,BE11,
2025-11-23 06:44:14.854600,PV shading detected,Active,BE9,
2025-11-23 06:44:36.322506,Encapsulant fault detected,Active,BE16,
2025-11-23 06:55:37.142041,PV solder bond failure detected,Cleared,BE11,
2025-11-23 06:56:05.816284,Rack structure fault detected,Cleared,BE15,
2025-11-23 07:24:13.347585,Rack structure fault detected,Active,BE15,
2025-11-23 07:56:02.509604,PV interconnect fault detected,Active,BE5,
2025-11-23 08:44:14.719825,PV interconnect fault detected,Active,BE5,
2025-11-23 08:53:36.828889,PV interconnect fault detected,Cleared,BE5,
2025-11-23 09:27:57.201660,PV shading detected,Cleared,BE9,
2025-11-23 11:23:07.124665,Cable aging fault detected,Active,BE18,
2025-11-23 11:36:26.566258,PV interconnect fault detected,Cleared,BE5,
2025-11-23 12:05:07.387703,Rack structure fault detected,Active,BE15,
2025-11-23 12:06:05.511397,Encapsulant fault detected,Cleared,BE16,
2025-11-23 12:59:08.496538,Encapsulant fault detected,Cleared,BE16,
2025-11-23 13:02:24.733028,PV cell breakage detected,Cleared,BE10,
2025-11-23 13:02:33.316111,Encapsulant fault detected,Active,BE16,
2025-11-23 13:31:54.826437,PV cell breakage detected,Cleared,BE10,
2025-11-23 14:06:29.563271,PV interconnect fault detected,Cleared,BE5,
2025-11-23 14:32:22.146090,PV hot spot detected,Active,BE12,
2025-11-23 14:32:54.003350,PV interconnect fault detected,Cleared,BE5,
2025-11-23 14:44:14.854600,PV shading detected,Cleared,BE9,
2025-11-23 15:23:07.124665,Cable aging fault detected,Cleared,BE18,
2025-11-23 16:01:35.819131,PV solder bond failure detected,Cleared,BE11,
2025-11-23 16:42:20.065481,Encapsulant fault detected,Cleared,BE16,
2025-11-23 17:10:49.481189,PV shading detected,Active,BE9,
2025-11-23 17:48:58.074431,PV solder bond failure detected,Active,BE11,
2025-11-23 18:58:18.089608,PV cell breakage detected,Cleared,BE10,
2025-11-23 20:29:15.574706,PV solder bond failure detected,Active,BE11,
2025-11-23 20:52:24.321713,PV cell breakage detected,Active,BE10,
2025-11-23 21:20:49.440406,PV solder bond failure detected,Cleared,BE11,
2025-11-23 21:32:35.796963,Encapsulant fault detected,Active,BE16,
2025-11-23 22:05:56.377533,PV interconnect fault detected,Cleared,BE5,
2025-11-23 22:30:57.695881,PV cell breakage detected,Active,BE10,
2025-11-23 23:37:01.519300,PV solder bond failure detected,Active,BE11,
2025-11-24 01:10:49.481189,PV shading detected,Cleared,BE9,
2025-11-24 02:23:49.298276,PV interconnect fault detected,Active,BE5,
2025-11-24 04:44:20.555016,PV cell breakage detected,Active,BE10,
2025-11-24 05:02:45.192849,PV cell breakage detected,Cleared,BE10,
2025-11-24 05:22:04.692052,Rack structure fault detected,Cleared,BE15,
2025-11-24 05:47:49.129324,PV hot spot detected,Active,BE12,
2025-11-24 07:04:31.803241,PV shading detected,Active,BE9,
2025-11-24 07:56:02.509604,PV interconnect fault detected,Cleared,BE5,
2025-11-24 08:44:14.719825,PV interconnect fault detected,Cleared,BE5,
2025-11-24 09:12:33.965353,PV solder bond failure detected,Active,BE11,
2025-11-24 09:32:04.389778,PV interconnect fault detected,Active,BE5,
2025-11-24 11:51:41.505783,PV solder bond failure detected,Cleared,BE11,
2025-11-24 11:59:30.400744,PV solder bond failure detected,Active,BE11,
2025-11-24 14:32:22.146090,PV hot spot detected,Cleared,BE12,
2025-11-24 15:04:31.803241,PV shading detected,Cleared,BE9,
2025-11-24 15:11:46.005678,PV cell breakage detected,Cleared,BE10,
2025-11-24 15:16:06.733775,PV cell breakage detected,Active,BE10,
2025-11-24 17:17:29.026547,PV solder bond failure detected,Cleared,BE11,
2025-11-24 18:19:08.119760,PV interconnect fault detected,Active,BE5,
2025-11-24 18:30:12.529346,Grounding system fault detected,Active,BE6,
2025-11-24 19:23:04.172100,PV cell breakage detected,Cleared,BE10,
2025-11-24 20:07:41.949323,Encapsulant fault detected,Cleared,BE16,
2025-11-24 20:19:33.892496,PV shading detected,Active,BE9,
2025-11-24 22:26:03.979228,PV solder bond failure detected,Cleared,BE11,
2025-11-24 23:53:49.181575,PV solder bond failure detected,Cleared,BE11,
2025-11-25 01:07:10.452214,PV solder bond failure detected,Cleared,BE11,
2025-11-25 01:11:19.246219,PV interconnect fault detected,Active,BE5,
2025-11-25 01:39:32.058578,PV shading detected,Active,BE9,
2025-11-25 01:58:52.606435,PV cell breakage detected,Active,BE10,
2025-11-25 02:23:49.298276,PV interconnect fault detected,Cleared,BE5,
2025-11-25 03:44:00.169634,PV shading detected,Active,BE9,
2025-11-25 04:19:33.892496,PV shading detected,Cleared,BE9,
2025-11-25 05:47:49.129324,PV hot spot detected,Cleared,BE12,
2025-11-25 05:48:48.982741,Rack structure fault detected,Active,BE15,
2025-11-25 06:30:54.715625,Rack structure fault detected,Active,BE15,
2025-11-25 06:44:36.322506,Encapsulant fault detected,Cleared,BE16,
2025-11-25 07:14:30.659039,PV interconnect fault detected,Active,BE5,
2025-11-25 07:20:54.037006,Encapsulant fault detected,Active,BE16,
2025-11-25 07:24:13.347585,Rack structure fault detected,Cleared,BE15,
2025-11-25 08:25:16.345009,PV solder bond failure detected,Active,BE11,
2025-11-25 08:44:35.069912,Rack structure fault detected,Active,BE15,
2025-11-25 09:32:04.389778,PV interconnect fault detected,Cleared,BE5,
2025-11-25 09:39:32.058578,PV shading detected,Cleared,BE9,
2025-11-25 10:07:53.952008,PV shading detected,Active,BE9,
2025-11-25 11:21:42.897875,PV cell breakage detected,Active,BE10,
2025-11-25 11:44:00.169634,PV shading detected,Cleared,BE9,
2025-11-25 11:52:47.565894,PV shading detected,Active,BE9,
2025-11-25 12:05:07.387703,Rack structure fault detected,Cleared,BE15,
2025-11-25 13:02:33.316111,Encapsulant fault detected,Cleared,BE16,
2025-11-25 14:14:58.704693,PV cell breakage detected,Active,BE10,
2025-11-25 15:46:22.572230,PV cell breakage detected,Active,BE10,
2025-11-25 16:56:11.231684,PV interconnect fault detected,Active,BE5,
2025-11-25 17:25:36.563170,PV solder bond failure detected,Active,BE11,
2025-11-25 17:48:58.074431,PV solder bond failure detected,Cleared,BE11,
2025-11-25 18:07:53.952008,PV shading detected,Cleared,BE9,
2025-11-25 18:19:08.119760,PV interconnect fault detected,Cleared,BE5,
2025-11-25 18:30:12.529346,Grounding system fault detected,Cleared,BE6,
2025-11-25 18:55:50.083035,PV interconnect fault detected,Active,BE5,
2025-11-25 19:19:23.177124,Rack structure fault detected,Active,BE15,
2025-11-25 19:52:47.565894,PV shading detected,Cleared,BE9,
2025-11-25 20:29:15.574706,PV solder bond failure detected,Cleared,BE11,
2025-11-25 20:52:24.321713,PV cell breakage detected,Cleared,BE10,
2025-11-25 21:18:14.980321,PV interconnect fault detected,Active,BE5,
2025-11-25 21:32:35.796963,Encapsulant fault detected,Cleared,BE16,
2025-11-25 22:30:57.695881,PV cell breakage detected,Cleared,BE10,
2025-11-25 23:32:44.699349,PV solder bond failure detected,Active,BE11,
2025-11-25 23:37:01.519300,PV solder bond failure detected,Cleared,BE11,
2025-11-26 00:50:06.562857,PV cell breakage detected,Active,BE10,
2025-11-26 01:11:19.246219,PV interconnect fault detected,Cleared,BE5,
2025-11-26 04:44:20.555016,PV cell breakage detected,Cleared,BE10,
2025-11-26 07:05:10.460511,Rack structure fault detected,Active,BE15,
2025-11-26 07:14:30.659039,PV interconnect fault detected,Cleared,BE5,
2025-11-26 07:35:57.095436,Encapsulant fault detected,Active,BE16,
2025-11-26 09:02:14.555259,PV cell breakage detected,Active,BE10,
2025-11-26 09:12:33.965353,PV solder bond failure detected,Cleared,BE11,
2025-11-26 10:48:36.593081,PV cell breakage detected,Active,BE10,
2025-11-26 11:59:30.400744,PV solder bond failure detected,Cleared,BE11,
2025-11-26 12:58:21.279371,PV shading detected,Active,BE9,
2025-11-26 13:10:34.204649,Encapsulant fault detected,Active,BE16,
2025-11-26 13:51:17.168829,PV solder bond failure detected,Active,BE11,
2025-11-26 14:11:48.929216,PV solder bond failure detected,Active,BE11,
2025-11-26 15:16:06.733775,PV cell breakage detected,Cleared,BE10,
2025-11-26 15:22:08.851517,Encapsulant fault detected,Active,BE16,
2025-11-26 16:11:42.722180,PV solder bond failure detected,Active,BE11,
2025-11-26 16:56:11.231684,PV interconnect fault detected,Cleared,BE5,
2025-11-26 17:47:45.575669,PV shading detected,Active,BE9,
2025-11-26 18:55:50.083035,PV interconnect fault detected,Cleared,BE5,
2025-11-26 19:42:09.282631,PV shading detected,Active,BE9,
2025-11-26 19:59:43.802584,PV shading detected,Active,BE9,
2025-11-26 20:24:07.330221,PV solder bond failure detected,Active,BE11,
2025-11-26 20:27:46.741424,Encapsulant fault detected,Active,BE16,
2025-11-26 20:41:45.590035,PV interconnect fault detected,Active,BE5,
2025-11-26 20:58:21.279371,PV shading detected,Cleared,BE9,
2025-11-26 21:17:53.934524,Rack structure fault detected,Active,BE15,
2025-11-26 21:18:14.980321,PV interconnect fault detected,Cleared,BE5,
2025-11-26 21:31:59.107599,Rack structure fault detected,Active,BE15,
2025-11-26 21:45:47.141689,PV cell breakage detected,Active,BE10,
2025-11-26 22:08:00.110889,PV solder bond failure detected,Active,BE11,
2025-11-27 01:47:45.575669,PV shading detected,Cleared,BE9,
2025-11-27 01:58:52.606435,PV cell breakage detected,Cleared,BE10,
2025-11-27 03:12:34.553483,PV cell breakage detected,Active,BE10,
2025-11-27 03:42:09.282631,PV shading detected,Cleared,BE9,
2025-11-27 03:59:43.802584,PV shading detected,Cleared,BE9,
2025-11-27 05:48:48.982741,Rack structure fault detected,Cleared,BE15,
2025-11-27 06:30:54.715625,Rack structure fault detected,Cleared,BE15,
2025-11-27 07:17:38.908115,PV solder bond failure detected,Active,BE11,
2025-11-27 07:20:54.037006,Encapsulant fault detected,Cleared,BE16,
2025-11-27 07:47:25.669957,PV shading detected,Active,BE9,
2025-11-27 08:25:16.345009,PV solder bond failure detected,Cleared,BE11,
2025-11-27 08:44:35.069912,Rack structure fault detected,Cleared,BE15,
2025-11-27 11:21:42.897875,PV cell breakage detected,Cleared,BE10,
2025-11-27 13:05:31.576417,PV cell breakage detected,Active,BE10,
2025-11-27 14:14:58.704693,PV cell breakage detected,Cleared,BE10,
2025-11-27 14:59:21.417268,Grounding system fault detected,Active,BE6,
2025-11-27 15:05:25.254058,Grounding system fault detected,Active,BE6,
2025-11-27 15:46:22.572230,PV cell breakage detected,Cleared,BE10,
2025-11-27 15:47:25.669957,PV shading detected,Cleared,BE9,
2025-11-27 17:25:36.563170,PV solder bond failure detected,Cleared,BE11,
2025-11-27 19:18:09.990171,PV shading detected,Active,BE9,
2025-11-27 19:19:23.177124,Rack structure fault detected,Cleared,BE15,
2025-11-27 19:38:52.650442,PV hot spot detected,Active,BE12,
2025-11-27 20:41:45.590035,PV interconnect fault detected,Cleared,BE5,
2025-11-27 23:32:44.699349,PV solder bond failure detected,Cleared,BE11,
2025-11-28 00:02:05.814734,PV shading detected,Active,BE9,
2025-11-28 00:12:47.850720,PV solder bond failure detected,Active,BE11,
2025-11-28 00:50:06.562857,PV cell breakage detected,Cleared,BE10,
2025-11-28 00:52:49.988225,PV shading detected,Active,BE9,
2025-11-28 03:18:09.990171,PV shading detected,Cleared,BE9,
2025-11-28 03:55:13.479248,PV solder bond failure detected,Active,BE11,
2025-11-28 05:22:53.143298,PV cell breakage detected,Active,BE10,
2025-11-28 06:44:11.386419,PV solder bond failure detected,Active,BE11,
2025-11-28 06:52:09.240648,PV shading detected,Active,BE9,
2025-11-28 07:02:58.603155,PV cell breakage detected,Active,BE10,
2025-11-28 07:05:10.460511,Rack structure fault detected,Cleared,BE15,
2025-11-28 07:13:19.705323,PV interconnect fault detected,Active,BE5,
2025-11-28 07:13:22.727055,PV cell breakage detected,Active,BE10,
2025-11-28 07:35:57.095436,Encapsulant fault detected,Cleared,BE16,
2025-11-28 08:02:05.814734,PV shading detected,Cleared,BE9,
2025-11-28 08:52:49.988225,PV shading detected,Cleared,BE9,
2025-11-28 09:02:14.555259,PV cell breakage detected,Cleared,BE10,
2025-11-28 10:48:36.593081,PV cell breakage detected,Cleared,BE10,
2025-11-28 10:58:58.884294,Short/open circuit fault detected,Active,BE14,
2025-11-28 11:06:21.365783,PV shading detected,Active,BE9,
2025-11-28 12:44:44.904790,PV interconnect fault detected,Active,BE5,
2025-11-28 13:10:34.204649,Encapsulant fault detected,Cleared,BE16,
2025-11-28 13:51:17.168829,PV solder bond failure detected,Cleared,BE11,
2025-11-28 14:11:48.929216,PV solder bond failure detected,Cleared,BE11,
2025-11-28 14:52:09.240648,PV shading detected,Cleared,BE9,
2025-11-28 14:59:21.417268,Grounding system fault detected,Cleared,BE6,
2025-11-28 15:05:25.254058,Grounding system fault detected,Cleared,BE6,
2025-11-28 15:22:08.851517,Encapsulant fault detected,Cleared,BE16,
2025-11-28 16:11:42.722180,PV solder bond failure detected,Cleared,BE11,
2025-11-28 16:28:40.282054,PV interconnect fault detected,Active,BE5,
2025-11-28 16:56:26.484847,Encapsulant fault detected,Active,BE16,
2025-11-28 17:48:50.835392,Rack structure fault detected,Active,BE15,
2025-11-28 18:26:23.315145,Rack structure fault detected,Active,BE15,
2025-11-28 19:06:21.365783,PV shading detected,Cleared,BE9,
2025-11-28 19:38:52.650442,PV hot spot detected,Cleared,BE12,
2025-11-28 20:24:07.330221,PV solder bond failure detected,Cleared,BE11,
2025-11-28 20:27:46.741424,Encapsulant fault detected,Cleared,BE16,
2025-11-28 20:33:27.495551,Rack structure fault detected,Active,BE15,
2025-11-28 20:45:04.465829,Rack structure fault detected,Active,BE15,
2025-11-28 20:45:57.926673,PV cell breakage detected,Active,BE10,
2025-11-28 21:17:53.934524,Rack structure fault detected,Cleared,BE15,
2025-11-28 21:31:59.107599,Rack structure fault detected,Cleared,BE15,
2025-11-28 21:45:47.141689,PV cell breakage detected,Cleared,BE10,
2025-11-28 22:08:00.110889,PV solder bond failure detected,Cleared,BE11,
2025-11-28 22:58:58.884294,Short/open circuit fault detected,Cleared,BE14,
2025-11-28 23:57:08.132640,PV shading detected,Active,BE9,
2025-11-29 03:12:34.553483,PV cell breakage detected,Cleared,BE10,
2025-11-29 04:31:27.958860,PV hot spot detected,Active,BE12,
2025-11-29 04:38:57.037046,PV solder bond failure detected,Active,BE11,
2025-11-29 04:41:10.208228,PV interconnect fault detected,Active,BE5,
2025-11-29 05:12:14.597775,PV cell breakage detected,Active,BE10,
2025-11-29 07:13:19.705323,PV interconnect fault detected,Cleared,BE5,
2025-11-29 07:17:38.908115,PV solder bond failure detected,Cleared,BE11,
2025-11-29 07:57:08.132640,PV shading detected,Cleared,BE9,
2025-11-29 08:13:35.370430,Encapsulant fault detected,Active,BE16,
2025-11-29 08:13:42.523139,Rack structure fault detected,Active,BE15,
2025-11-29 08:36:25.031193,PV solder bond failure detected,Active,BE11,
2025-11-29 10:31:48.124522,PV shading detected,Active,BE9,
2025-11-29 10:53:51.466424,PV interconnect fault detected,Active,BE5,
2025-11-29 11:12:05.685519,PV interconnect fault detected,Active,BE5,
2025-11-29 12:44:44.904790,PV interconnect fault detected,Cleared,BE5,
2025-11-29 13:05:31.576417,PV cell breakage detected,Cleared,BE10,
2025-11-29 13:07:21.450005,PV solder bond failure detected,Active,BE11,
2025-11-29 13:12:30.519702,PV interconnect fault detected,Active,BE5,
2025-11-29 15:41:00.016245,PV shading detected,Active,BE9,
2025-11-29 15:59:28.494879,PV cell breakage detected,Active,BE10,
2025-11-29 16:02:12.155244,PV solder bond failure detected,Active,BE11,
2025-11-29 16:28:40.282054,PV interconnect fault detected,Cleared,BE5,
2025-11-29 18:28:33.963258,PV shading detected,Active,BE9,
2025-11-29 18:31:48.124522,PV shading detected,Cleared,BE9,
2025-11-29 21:36:10.412616,Encapsulant fault detected,Active,BE16,
2025-11-29 23:41:00.016245,PV shading detected,Cleared,BE9,
2025-11-30 00:12:47.850720,PV solder bond failure detected,Cleared,BE11,
2025-11-30 02:28:33.963258,PV shading detected,Cleared,BE9,
2025-11-30 03:55:13.479248,PV solder bond failure detected,Cleared,BE11,
2025-11-30 04:05:11.509483,PV interconnect fault detected,Active,BE5,
2025-11-30 04:31:27.958860,PV hot spot detected,Cleared,BE12,
2025-11-30 04:41:10.208228,PV interconnect fault detected,Cleared,BE5,
2025-11-30 04:58:51.516818,Grounding system fault detected,Active,BE6,
2025-11-30 05:22:53.143298,PV cell breakage detected,Cleared,BE10,
2025-11-30 06:44:11.386419,PV solder bond failure detected,Cleared,BE11,
2025-11-30 07:02:58.603155,PV cell breakage detected,Cleared,BE10,
2025-11-30 07:10:58.647582,PV soiling detected,Active,BE8,
2025-11-30 07:13:22.727055,PV cell breakage detected,Cleared,BE10,
2025-11-30 08:11:46.925026,PV solder bond failure detected,Active,BE11,
2025-11-30 08:19:26.860211,PV cell breakage detected,Active,BE10,
2025-11-30 10:53:51.466424,PV interconnect fault detected,Cleared,BE5,
2025-11-30 11:12:05.685519,PV interconnect fault detected,Cleared,BE5,
2025-11-30 12:48:16.571531,Cable aging fault detected,Active,BE18,
2025-11-30 12:54:47.909810,PV hot spot detected,Active,BE12,
2025-11-30 13:12:30.519702,PV interconnect fault detected,Cleared,BE5,
2025-11-30 13:31:14.526253,Encapsulant fault detected,Active,BE16,
2025-11-30 13:51:20.550217,PV solder bond failure detected,Active,BE11,
2025-11-30 15:10:58.647582,PV soiling detected,Cleared,BE8,
2025-11-30 16:46:22.668988,Short/open circuit fault detected,Active,BE14,
2025-11-30 16:48:03.840645,PV interconnect fault detected,Active,BE5,
2025-11-30 16:48:16.571531,Cable aging fault detected,Cleared,BE18,
2025-11-30 16:56:26.484847,Encapsulant fault detected,Cleared,BE16,
2025-11-30 17:07:32.770768,PV interconnect fault detected,Active,BE5,
2025-11-30 17:48:50.835392,Rack structure fault detected,Cleared,BE15,
2025-11-30 18:26:23.315145,Rack structure fault detected,Cleared,BE15,
2025-11-30 20:05:33.322848,PV interconnect fault detected,Active,BE5,
2025-11-30 20:33:27.495551,Rack structure fault detected,Cleared,BE15,
2025-11-30 20:45:04.465829,Rack structure fault detected,Cleared,BE15,
2025-11-30 20:45:57.926673,PV cell breakage detected,Cleared,BE10,
2025-11-30 21:09:29.686568,Rack structure fault detected,Active,BE15,
2025-11-30 21:30:58.794173,Encapsulant fault detected,Active,BE16,
2025-11-30 22:53:07.777158,PV cell breakage detected,Active,BE10,
2025-11-30 23:11:54.666633,PV interconnect fault detected,Active,BE5,
2025-11-30 23:30:51.137726,PV solder bond failure detected,Active,BE11,
2025-12-01 01:46:52.223121,Grounding system fault detected,Active,BE6,
2025-12-01 04:05:11.509483,PV interconnect fault detected,Cleared,BE5,
2025-12-01 04:38:57.037046,PV solder bond failure detected,Cleared,BE11,
2025-12-01 04:46:22.668988,Short/open circuit fault detected,Cleared,BE14,
2025-12-01 04:58:51.516818,Grounding system fault detected,Cleared,BE6,
2025-12-01 05:12:14.597775,PV cell breakage detected,Cleared,BE10,
2025-12-01 08:13:35.370430,Encapsulant fault detected,Cleared,BE16,
2025-12-01 08:13:42.523139,Rack structure fault detected,Cleared,BE15,
2025-12-01 08:36:25.031193,PV solder bond failure detected,Cleared,BE11,
2025-12-01 10:44:48.452464,PV solder bond failure detected,Active,BE11,
2025-12-01 12:11:55.667464,Rack structure fault detected,Active,BE15,
2025-12-01 12:22:16.569732,PV interconnect fault detected,Active,BE5,
2025-12-01 12:36:23.692340,PV interconnect fault detected,Active,BE5,
2025-12-01 12:54:47.909810,PV hot spot detected,Cleared,BE12,
2025-12-01 13:07:21.450005,PV solder bond failure detected,Cleared,BE11,
2025-12-01 13:33:35.926814,PV solder bond failure detected,Active,BE11,
2025-12-01 13:54:21.822493,PV interconnect fault detected,Active,BE5,
2025-12-01 15:59:28.494879,PV cell breakage detected,Cleared,BE10,
2025-12-01 16:02:12.155244,PV solder bond failure detected,Cleared,BE11,
2025-12-01 16:48:03.840645,PV interconnect fault detected,Cleared,BE5,
2025-12-01 17:07:32.770768,PV interconnect fault detected,Cleared,BE5,
2025-12-01 17:23:02.145140,PV solder bond failure detected,Active,BE11,
2025-12-01 18:57:36.463692,MCB 1 fault detected,Active,BE3,
2025-12-01 20:05:33.322848,PV interconnect fault detected,Cleared,BE5,
2025-12-01 20:46:11.475914,PV shading detected,Active,BE9,
2025-12-01 21:36:10.412616,Encapsulant fault detected,Cleared,BE16,
2025-12-01 23:11:54.666633,PV interconnect fault detected,Cleared,BE5,
2025-12-02 01:46:52.223121,Grounding system fault detected,Cleared,BE6,
2025-12-02 02:23:12.673329,Encapsulant fault detected,Active,BE16,
2025-12-02 03:38:47.173424,PV shading detected,Active,BE9,
2025-12-02 03:57:47.001924,PV cell breakage detected,Active,BE10,
2025-12-02 04:46:11.475914,PV shading detected,Cleared,BE9,
2025-12-02 04:57:36.463692,MCB 1 fault detected,Cleared,BE3,
2025-12-02 06:04:25.669752,PV solder bond failure detected,Active,BE11,
2025-12-02 08:11:46.925026,PV solder bond failure detected,Cleared,BE11,
2025-12-02 08:19:26.860211,PV cell breakage detected,Cleared,BE10,
2025-12-02 08:55:30.691740,PV interconnect fault detected,Active,BE5,
2025-12-02 09:06:33.656648,PV solder bond failure detected,Active,BE11,
2025-12-02 10:50:54.723475,PV cell breakage detected,Active,BE10,
2025-12-02 11:14:59.955972,PV interconnect fault detected,Active,BE5,
2025-12-02 11:38:47.173424,PV shading detected,Cleared,BE9,
2025-12-02 11:55:31.579078,Rack structure fault detected,Active,BE15,
2025-12-02 12:02:10.420391,PV soiling detected,Active,BE8,
2025-12-02 12:06:31.835245,Rack structure fault detected,Active,BE15,
2025-12-02 12:22:16.569732,PV interconnect fault detected,Cleared,BE5,
2025-12-02 12:36:23.692340,PV interconnect fault detected,Cleared,BE5,
2025-12-02 13:31:14.526253,Encapsulant fault detected,Cleared,BE16,
2025-12-02 13:51:20.550217,PV solder bond failure detected,Cleared,BE11,
2025-12-02 13:54:21.822493,PV interconnect fault detected,Cleared,BE5,
2025-12-02 15:23:02.509429,Encapsulant fault detected,Active,BE16,
2025-12-02 16:18:48.294940,PV hot spot detected,Active,BE12,
2025-12-02 16:51:39.897997,PV cell breakage detected,Active,BE10,
2025-12-02 16:53:32.095909,PV shading detected,Active,BE9,
2025-12-02 17:33:43.222164,Encapsulant fault detected,Active,BE16,
2025-12-02 18:36:48.435631,PV shading detected,Active,BE9,
2025-12-02 19:05:38.844368,Grounding system fault detected,Active,BE6,
2025-12-02 19:43:54.620905,PV solder bond failure detected,Active,BE11,
2025-12-02 19:59:10.890065,Encapsulant fault detected,Active,BE16,
2025-12-02 20:02:10.420391,PV soiling detected,Cleared,BE8,
2025-12-02 21:09:29.686568,Rack structure fault detected,Cleared,BE15,
2025-12-02 21:28:14.636024,PV cell breakage detected,Active,BE10,
2025-12-02 21:30:58.794173,Encapsulant fault detected,Cleared,BE16,
2025-12-02 22:49:15.761083,Rack structure fault detected,Active,BE15,
2025-12-02 22:53:07.777158,PV cell breakage detected,Cleared,BE10,
2025-12-02 22:58:02.392422,PV cell breakage detected,Active,BE10,
2025-12-02 23:30:51.137726,PV solder bond failure detected,Cleared,BE11,
2025-12-02 23:45:08.427841,PV interconnect fault detected,Active,BE5,
2025-12-03 00:53:32.095909,PV shading detected,Cleared,BE9,
2025-12-03 02:10:02.102633,PV shading detected,Active,BE9,
2025-12-03 02:29:04.405641,PV shading detected,Active,BE9,
2025-12-03 02:36:48.435631,PV shading detected,Cleared,BE9,
2025-12-03 02:58:04.964956,PV interconnect fault detected,Active,BE5,
2025-12-03 04:12:21.987658,PV interconnect fault detected,Active,BE5,
2025-12-03 06:35:28.012989,PV cell breakage detected,Active,BE10,
2025-12-03 06:48:08.934035,MCB 1 fault detected,Active,BE3,
2025-12-03 07:15:44.756926,Rack structure fault detected,Active,BE15,
2025-12-03 07:28:17.460056,Grounding system fault detected,Active,BE6,
2025-12-03 07:29:58.137292,PV interconnect fault detected,Active,BE5,
2025-12-03 08:55:30.691740,PV interconnect fault detected,Cleared,BE5,
2025-12-03 09:29:25.040714,Encapsulant fault detected,Active,BE16,
2025-12-03 09:30:00.731975,PV cell breakage detected,Active,BE10,
2025-12-03 10:10:02.102633,PV shading detected,Cleared,BE9,
2025-12-03 10:29:04.405641,PV shading detected,Cleared,BE9,
2025-12-03 10:29:09.207120,PV shading detected,Active,BE9,
2025-12-03 10:44:48.452464,PV solder bond failure detected,Cleared,BE11,
2025-12-03 11:14:59.955972,PV interconnect fault detected,Cleared,BE5,
2025-12-03 12:11:55.667464,Rack structure fault detected,Cleared,BE15,
2025-12-03 13:33:35.926814,PV solder bond failure detected,Cleared,BE11,
2025-12-03 14:45:50.530680,PV solder bond failure detected,Active,BE11,
2025-12-03 16:18:48.294940,PV hot spot detected,Cleared,BE12,
2025-12-03 16:44:32.420943,Rack structure fault detected,Active,BE15,
2025-12-03 16:48:08.934035,MCB 1 fault detected,Cleared,BE3,
2025-12-03 17:23:02.145140,PV solder bond failure detected,Cleared,BE11,
2025-12-03 17:46:13.818384,Rack structure fault detected,Active,BE15,
2025-12-03 18:29:09.207120,PV shading detected,Cleared,BE9,
2025-12-03 19:05:38.844368,Grounding system fault detected,Cleared,BE6,
2025-12-03 21:19:40.966173,PV solder bond failure detected,Active,BE11,
2025-12-03 22:15:50.722246,Grounding system fault detected,Active,BE6,
2025-12-03 22:38:32.810190,PV interconnect fault detected,Active,BE5,
2025-12-03 23:45:08.427841,PV interconnect fault detected,Cleared,BE5,
2025-12-04 02:23:12.673329,Encapsulant fault detected,Cleared,BE16,
2025-12-04 02:58:04.964956,PV interconnect fault detected,Cleared,BE5,
2025-12-04 03:57:47.001924,PV cell breakage detected,Cleared,BE10,
2025-12-04 04:12:21.987658,PV interconnect fault detected,Cleared,BE5,
2025-12-04 06:04:25.669752,PV solder bond failure detected,Cleared,BE11,
2025-12-04 06:25:45.375126,PV solder bond failure detected,Active,BE11,
2025-12-04 07:24:03.485556,MCB 2 fault detected,Active,BE4,
2025-12-04 07:28:17.460056,Grounding system fault detected,Cleared,BE6,
2025-12-04 07:29:58.137292,PV interconnect fault detected,Cleared,BE5,
2025-12-04 08:18:00.976772,PV cell breakage detected,Active,BE10,
2025-12-04 09:06:33.656648,PV solder bond failure detected,Cleared,BE11,
2025-12-04 09:35:31.435185,Rack structure fault detected,Active,BE15,
2025-12-04 10:50:54.723475,PV cell breakage detected,Cleared,BE10,
2025-12-04 11:55:31.579078,Rack structure fault detected,Cleared,BE15,
2025-12-04 11:57:34.963027,Grounding system fault detected,Active,BE6,
2025-12-04 12:06:31.835245,Rack structure fault detected,Cleared,BE15,
2025-12-04 15:23:02.509429,Encapsulant fault detected,Cleared,BE16,
2025-12-04 16:08:56.189453,PV cell breakage detected,Active,BE10,
2025-12-04 16:51:39.897997,PV cell breakage detected,Cleared,BE10,
2025-12-04 17:24:03.485556,MCB 2 fault detected,Cleared,BE4,
2025-12-04 17:25:34.598878,PV solder bond failure detected,Active,BE11,
2025-12-04 17:32:19.837270,PV glass breakage detected,Active,BE7,
2025-12-04 17:33:43.222164,Encapsulant fault detected,Cleared,BE16,
2025-12-04 19:11:20.019971,Rack structure fault detected,Active,BE15,
2025-12-04 19:43:54.620905,PV solder bond failure detected,Cleared,BE11,
2025-12-04 19:59:10.890065,Encapsulant fault detected,Cleared,BE16,
2025-12-04 21:28:14.636024,PV cell breakage detected,Cleared,BE10,
2025-12-04 21:31:28.824550,PV interconnect fault detected,Active,BE5,
2025-12-04 22:15:50.722246,Grounding system fault detected,Cleared,BE6,
2025-12-04 22:38:32.810190,PV interconnect fault detected,Cleared,BE5,
2025-12-04 22:49:15.761083,Rack structure fault detected,Cleared,BE15,
2025-12-04 22:58:02.392422,PV cell breakage detected,Cleared,BE10,
2025-12-05 00:12:27.652928,PV cell breakage detected,Active,BE10,
2025-12-05 00:16:00.479377,PV shading detected,Active,BE9,
2025-12-05 04:08:21.889619,PV cell breakage detected,Active,BE10,
2025-12-05 04:37:05.677609,PV cell breakage detected,Active,BE10,
2025-12-05 04:54:27.208349,PV cell breakage detected,Active,BE10,
2025-12-05 05:46:35.004391,PV shading detected,Active,BE9,
2025-12-05 05:57:55.887236,PV solder bond failure detected,Active,BE11,
2025-12-05 06:13:42.233878,PV shading detected,Active,BE9,
2025-12-05 06:35:08.622071,PV shading detected,Active,BE9,
2025-12-05 06:35:28.012989,PV cell breakage detected,Cleared,BE10,
2025-12-05 07:15:44.756926,Rack structure fault detected,Cleared,BE15,
2025-12-05 07:22:06.829253,Fuse aging fault detected,Active,BE1,
2025-12-05 08:16:00.479377,PV shading detected,Cleared,BE9,
2025-12-05 09:20:44.104799,PV solder bond failure detected,Active,BE11,
2025-12-05 09:29:25.040714,Encapsulant fault detected,Cleared,BE16,
2025-12-05 09:30:00.731975,PV cell breakage detected,Cleared,BE10,
2025-12-05 09:41:58.125591,PV solder bond failure detected,Active,BE11,
2025-12-05 09:50:41.006314,PV cell breakage detected,Active,BE10,
2025-12-05 09:52:23.258482,Encapsulant fault detected,Active,BE16,
2025-12-05 10:23:32.898811,Grounding system fault detected,Active,BE6,
2025-12-05 10:38:13.766741,PV cell breakage detected,Active,BE10,
2025-12-05 11:22:06.829253,Fuse aging fault detected,Cleared,BE1,
2025-12-05 11:57:34.963027,Grounding system fault detected,Cleared,BE6,
2025-12-05 12:09:55.041451,PV shading detected,Active,BE9,
2025-12-05 13:09:20.946786,PV solder bond failure detected,Active,BE11,
2025-12-05 13:27:43.977079,Grounding system fault detected,Active,BE6,
2025-12-05 13:46:35.004391,PV shading detected,Cleared,BE9,
2025-12-05 14:04:59.796086,Grounding system fault detected,Active,BE6,
2025-12-05 14:08:48.894472,PV shading detected,Active,BE9,
2025-12-05 14:13:42.233878,PV shading detected,Cleared,BE9,
2025-12-05 14:24:55.538535,PV shading detected,Active,BE9,
2025-12-05 14:35:08.622071,PV shading detected,Cleared,BE9,
2025-12-05 14:45:50.530680,PV solder bond failure detected,Cleared,BE11,
2025-12-05 15:03:45.865363,Rack structure fault detected,Active,BE15,
2025-12-05 16:20:28.203696,Encapsulant fault detected,Active,BE16,
2025-12-05 16:44:32.420943,Rack structure fault detected,Cleared,BE15,
2025-12-05 17:32:19.837270,PV glass breakage detected,Cleared,BE7,
2025-12-05 17:46:13.818384,Rack structure fault detected,Cleared,BE15,
2025-12-05 18:29:06.313910,PV interconnect fault detected,Active,BE5,
2025-12-05 19:00:35.495355,PV cell breakage detected,Active,BE10,
2025-12-05 20:09:55.041451,PV shading detected,Cleared,BE9,
2025-12-05 20:41:18.616566,PV solder bond failure detected,Active,BE11,
2025-12-05 21:19:40.966173,PV solder bond failure detected,Cleared,BE11,
2025-12-05 21:31:28.824550,PV interconnect fault detected,Cleared,BE5,
2025-12-05 21:35:41.533164,Grounding system fault detected,Active,BE6,
2025-12-05 22:08:48.894472,PV shading detected,Cleared,BE9,
2025-12-05 22:24:55.538535,PV shading detected,Cleared,BE9,
2025-12-06 00:10:23.538233,Rack structure fault detected,Active,BE15,
2025-12-06 00:28:04.292186,PV interconnect fault detected,Active,BE5,
2025-12-06 00:42:47.569948,PV solder bond failure detected,Active,BE11,
2025-12-06 00:50:15.822732,MCB 1 fault detected,Active,BE3,
2025-12-06 02:23:33.252168,Rack structure fault detected,Active,BE15,
2025-12-06 06:25:45.375126,PV solder bond failure detected,Cleared,BE11,
2025-12-06 06:27:17.202795,PV shading detected,Active,BE9,
2025-12-06 08:18:00.976772,PV cell breakage detected,Cleared,BE10,
2025-12-06 09:35:31.435185,Rack structure fault detected,Cleared,BE15,
2025-12-06 10:00:29.304640,PV solder bond failure detected,Active,BE11,
2025-12-06 10:23:32.898811,Grounding system fault detected,Cleared,BE6,
2025-12-06 10:50:15.822732,MCB 1 fault detected,Cleared,BE3,
2025-12-06 12:58:39.954440,PV solder bond failure detected,Active,BE11,
2025-12-06 13:25:33.077068,PV shading detected,Active,BE9,
2025-12-06 13:27:43.977079,Grounding system fault detected,Cleared,BE6,
2025-12-06 13:30:15.218926,PV interconnect fault detected,Active,BE5,
2025-12-06 14:04:59.796086,Grounding system fault detected,Cleared,BE6,
2025-12-06 14:05:55.297020,PV cell breakage detected,Active,BE10,
2025-12-06 14:27:17.202795,PV shading detected,Cleared,BE9,
2025-12-06 16:08:56.189453,PV cell breakage detected,Cleared,BE10,
2025-12-06 16:12:56.640643,PV interconnect fault detected,Active,BE5,
2025-12-06 16:43:30.998002,Rack structure fault detected,Active,BE15,
2025-12-06 17:18:20.552320,PV shading detected,Active,BE9,
2025-12-06 17:25:34.598878,PV solder bond failure detected,Cleared,BE11,
2025-12-06 18:29:06.313910,PV interconnect fault detected,Cleared,BE5,
2025-12-06 19:11:20.019971,Rack structure fault detected,Cleared,BE15,
2025-12-06 19:19:14.645132,Rack structure fault detected,Active,BE15,
2025-12-06 19:45:03.047081,PV solder bond failure detected,Active,BE11,
2025-12-06 20:18:59.772073,PV interconnect fault detected,Active,BE5,
2025-12-06 21:08:17.793526,PV solder bond failure detected,Active,BE11,
2025-12-06 21:25:33.077068,PV shading detected,Cleared,BE9,
2025-12-06 21:35:41.533164,Grounding system fault detected,Cleared,BE6,
2025-12-06 22:29:12.024004,Grounding system fault detected,Active,BE6,
2025-12-07 00:12:27.652928,PV cell breakage detected,Cleared,BE10,
2025-12-07 00:28:04.292186,PV interconnect fault detected,Cleared,BE5,
2025-12-07 01:18:20.552320,PV shading detected,Cleared,BE9,
2025-12-07 03:05:16.656575,Grounding system fault detected,Active,BE6,
2025-12-07 04:04:21.734570,Encapsulant fault detected,Active,BE16,
2025-12-07 04:08:21.889619,PV cell breakage detected,Cleared,BE10,
2025-12-07 04:37:05.677609,PV cell breakage detected,Cleared,BE10,
2025-12-07 04:54:27.208349,PV cell breakage detected,Cleared,BE10,
2025-12-07 05:57:55.887236,PV solder bond failure detected,Cleared,BE11,
2025-12-07 06:26:38.741877,PV solder bond failure detected,Active,BE11,
2025-12-07 09:20:06.173814,PV cell breakage detected,Active,BE10,
2025-12-07 09:20:44.104799,PV solder bond failure detected,Cleared,BE11,
2025-12-07 09:41:58.125591,PV solder bond failure detected,Cleared,BE11,
2025-12-07 09:50:41.006314,PV cell breakage detected,Cleared,BE10,
2025-12-07 09:52:23.258482,Encapsulant fault detected,Cleared,BE16,
2025-12-07 10:38:13.766741,PV cell breakage detected,Cleared,BE10,
2025-12-07 11:45:00.013418,PV solder bond failure detected,Active,BE11,
2025-12-07 13:09:20.946786,PV solder bond failure detected,Cleared,BE11,
2025-12-07 13:17:05.589421,PV solder bond failure detected,Active,BE11,
2025-12-07 13:30:15.218926,PV interconnect fault detected,Cleared,BE5,
2025-12-07 15:03:45.865363,Rack structure fault detected,Cleared,BE15,
2025-12-07 15:36:22.473316,PV solder bond failure detected,Active,BE11,
2025-12-07 16:12:56.640643,PV interconnect fault detected,Cleared,BE5,
2025-12-07 16:20:28.203696,Encapsulant fault detected,Cleared,BE16,
2025-12-07 18:59:07.174004,PV cell breakage detected,Active,BE10,
2025-12-07 19:00:35.495355,PV cell breakage detected,Cleared,BE10,
2025-12-07 19:28:51.258793,PV shading detected,Active,BE9,
2025-12-07 20:18:59.772073,PV interconnect fault detected,Cleared,BE5,
2025-12-07 20:41:18.616566,PV solder bond failure detected,Cleared,BE11,
2025-12-07 20:53:01.707936,PV shading detected,Active,BE9,
2025-12-07 21:06:48.323699,PV cell breakage detected,Active,BE10,
2025-12-07 22:29:12.024004,Grounding system fault detected,Cleared,BE6,
2025-12-07 23:06:30.777547,PV interconnect fault detected,Active,BE5,
2025-12-07 23:15:47.679180,PV interconnect fault detected,Active,BE5,
2025-12-07 23:33:44.388443,Rack structure fault detected,Active,BE15,
2025-12-08 00:10:23.538233,Rack structure fault detected,Cleared,BE15,
2025-12-08 00:19:11.387250,PV interconnect fault detected,Active,BE5,
2025-12-08 00:42:47.569948,PV solder bond failure detected,Cleared,BE11,
2025-12-08 00:53:30.049950,PV solder bond failure detected,Active,BE11,
2025-12-08 01:55:37.600934,Grounding system fault detected,Active,BE6,
2025-12-08 02:23:33.252168,Rack structure fault detected,Cleared,BE15,
2025-12-08 03:04:28.420452,PV interconnect fault detected,Active,BE5,
2025-12-08 03:05:16.656575,Grounding system fault detected,Cleared,BE6,
2025-12-08 03:23:32.698546,PV interconnect fault detected,Active,BE5,
2025-12-08 03:28:51.258793,PV shading detected,Cleared,BE9,
2025-12-08 04:53:01.707936,PV shading detected,Cleared,BE9,
2025-12-08 05:19:22.901536,PV solder bond failure detected,Active,BE11,
2025-12-08 05:24:42.487236,Encapsulant fault detected,Active,BE16,
2025-12-08 05:45:31.975282,PV interconnect fault detected,Active,BE5,
2025-12-08 06:57:35.241167,PV solder bond failure detected,Active,BE11,
2025-12-08 10:00:29.304640,PV solder bond failure detected,Cleared,BE11,
2025-12-08 10:24:27.934085,Encapsulant fault detected,Active,BE16,
2025-12-08 11:03:25.882730,Encapsulant fault detected,Active,BE16,
2025-12-08 12:35:19.745995,Rack structure fault detected,Active,BE15,
2025-12-08 12:56:29.996948,Encapsulant fault detected,Active,BE16,
2025-12-08 12:58:39.954440,PV solder bond failure detected,Cleared,BE11,
2025-12-08 14:05:55.297020,PV cell breakage detected,Cleared,BE10,
2025-12-08 14:56:05.682043,Rack structure fault detected,Active,BE15,
2025-12-08 14:56:26.838575,PV cell breakage detected,Active,BE10,
2025-12-08 16:05:56.176505,PV interconnect fault detected,Active,BE5,
2025-12-08 16:43:30.998002,Rack structure fault detected,Cleared,BE15,
2025-12-08 19:19:14.645132,Rack structure fault detected,Cleared,BE15,
2025-12-08 19:45:03.047081,PV solder bond failure detected,Cleared,BE11,
2025-12-08 21:08:17.793526,PV solder bond failure detected,Cleared,BE11,
2025-12-08 22:34:00.700691,PV interconnect fault detected,Active,BE5,
2025-12-08 23:06:30.777547,PV interconnect fault detected,Cleared,BE5,
2025-12-08 23:15:47.679180,PV interconnect fault detected,Cleared,BE5,
2025-12-09 00:19:11.387250,PV interconnect fault detected,Cleared,BE5,
2025-12-09 01:55:37.600934,Grounding system fault detected,Cleared,BE6,
2025-12-09 03:04:28.420452,PV interconnect fault detected,Cleared,BE5,
2025-12-09 03:23:32.698546,PV interconnect fault detected,Cleared,BE5,
2025-12-09 04:04:21.734570,Encapsulant fault detected,Cleared,BE16,
2025-12-09 05:45:31.975282,PV interconnect fault detected,Cleared,BE5,
2025-12-09 05:57:20.704636,PV solder bond failure detected,Active,BE11,
2025-12-09 06:26:38.741877,PV solder bond failure detected,Cleared,BE11,
2025-12-09 08:21:28.539451,PV shading detected,Active,BE9,
2025-12-09 09:20:06.173814,PV cell breakage detected,Cleared,BE10,
2025-12-09 10:25:26.357757,PV cell breakage detected,Active,BE10,
2025-12-09 11:45:00.013418,PV solder bond failure detected,Cleared,BE11,
2025-12-09 11:48:53.415690,Encapsulant fault detected,Active,BE16,
2025-12-09 12:23:16.217176,PV cell breakage detected,Active,BE10,
2025-12-09 12:38:24.276812,PV shading detected,Active,BE9,
2025-12-09 13:17:05.589421,PV solder bond failure detected,Cleared,BE11,
2025-12-09 14:24:01.091318,PV solder bond failure detected,Active,BE11,
2025-12-09 15:36:22.473316,PV solder bond failure detected,Cleared,BE11,
2025-12-09 15:43:20.624683,Encapsulant fault detected,Active,BE16,
2025-12-09 16:05:56.176505,PV interconnect fault detected,Cleared,BE5,
2025-12-09 16:21:28.539451,PV shading detected,Cleared,BE9,
2025-12-09 18:59:07.174004,PV cell breakage detected,Cleared,BE10,
2025-12-09 20:38:24.276812,PV shading detected,Cleared,BE9,
2025-12-09 21:06:48.323699,PV cell breakage detected,Cleared,BE10,
2025-12-09 22:34:00.700691,PV interconnect fault detected,Cleared,BE5,
2025-12-09 23:33:44.388443,Rack structure fault detected,Cleared,BE15,
2025-12-09 23:51:49.350870,Encapsulant fault detected,Active,BE16,
2025-12-10 00:22:51.119157,PV cell breakage detected,Active,BE10,
2025-12-10 00:53:30.049950,PV solder bond failure detected,Cleared,BE11,
2025-12-10 00:56:53.595194,PV interconnect fault detected,Active,BE5,
2025-12-10 03:24:31.216627,PV cell breakage detected,Active,BE10,
2025-12-10 05:19:22.901536,PV solder bond failure detected,Cleared,BE11,
2025-12-10 05:24:42.487236,Encapsulant fault detected,Cleared,BE16,
2025-12-10 06:57:35.241167,PV solder bond failure detected,Cleared,BE11,
2025-12-10 10:24:27.934085,Encapsulant fault detected,Cleared,BE16,
2025-12-10 11:03:25.882730,Encapsulant fault detected,Cleared,BE16,
2025-12-10 11:34:54.653044,PV solder bond failure detected,Active,BE11,
2025-12-10 11:54:56.801878,Rack structure fault detected,Active,BE15,
2025-12-10 12:05:02.064555,Encapsulant fault detected,Active,BE16,
2025-12-10 12:35:19.745995,Rack structure fault detected,Cleared,BE15,
2025-12-10 12:56:29.996948,Encapsulant fault detected,Cleared,BE16,
2025-12-10 13:33:32.477812,PV shading detected,Active,BE9,
2025-12-10 14:56:05.682043,Rack structure fault detected,Cleared,BE15,
2025-12-10 14:56:26.838575,PV cell breakage detected,Cleared,BE10,
2025-12-10 15:19:40.802711,PV solder bond failure detected,Active,BE11,
2025-12-10 17:57:44.208572,PV cell breakage detected,Active,BE10,
2025-12-10 19:39:45.196626,PV solder bond failure detected,Active,BE11,
2025-12-10 21:03:03.633620,PV interconnect fault detected,Active,BE5,
2025-12-10 21:33:32.477812,PV shading detected,Cleared,BE9,
2025-12-10 21:56:14.316704,Rack structure fault detected,Active,BE15,
2025-12-10 22:58:32.201865,Rack structure fault detected,Active,BE15,
2025-12-11 00:03:19.187295,PV shading detected,Active,BE9,
2025-12-11 00:56:53.595194,PV interconnect fault detected,Cleared,BE5,
2025-12-11 01:25:47.180624,Grounding system fault detected,Active,BE6,
2025-12-11 01:59:42.476394,PV interconnect fault detected,Active,BE5,
2025-12-11 03:26:31.732000,Grounding system fault detected,Active,BE6,
2025-12-11 05:32:42.316910,PV interconnect fault detected,Active,BE5,
2025-12-11 05:57:20.704636,PV solder bond failure detected,Cleared,BE11,
2025-12-11 08:03:19.187295,PV shading detected,Cleared,BE9,
2025-12-11 10:25:26.357757,PV cell breakage detected,Cleared,BE10,
2025-12-11 10:45:45.521155,Encapsulant fault detected,Active,BE16,
2025-12-11 11:00:40.318470,PV solder bond failure detected,Active,BE11,
2025-12-11 11:11:23.159809,PV interconnect fault detected,Active,BE5,
2025-12-11 11:48:53.415690,Encapsulant fault detected,Cleared,BE16,
2025-12-11 12:23:16.217176,PV cell breakage detected,Cleared,BE10,
2025-12-11 12:29:50.176295,Rack structure fault detected,Active,BE15,
2025-12-11 12:52:15.269203,Encapsulant fault detected,Active,BE16,
2025-12-11 14:24:01.091318,PV solder bond failure detected,Cleared,BE11,
2025-12-11 15:43:20.624683,Encapsulant fault detected,Cleared,BE16,
2025-12-11 16:01:05.602104,PV solder bond failure detected,Active,BE11,
2025-12-11 16:30:07.776480,Rack structure fault detected,Active,BE15,
2025-12-11 19:58:23.559851,PV shading detected,Active,BE9,
2025-12-11 21:03:03.633620,PV interconnect fault detected,Cleared,BE5,
2025-12-11 21:44:14.127900,PV interconnect fault detected,Active,BE5,
2025-12-11 22:01:11.668815,Encapsulant fault detected,Active,BE16,
2025-12-11 23:51:49.350870,Encapsulant fault detected,Cleared,BE16,
2025-12-12 00:16:48.212379,PV solder bond failure detected,Active,BE11,
2025-12-12 00:22:51.119157,PV cell breakage detected,Cleared,BE10,
2025-12-12 01:25:33.349594,PV interconnect fault detected,Active,BE5,
2025-12-12 01:25:47.180624,Grounding system fault detected,Cleared,BE6,
2025-12-12 01:59:42.476394,PV interconnect fault detected,Cleared,BE5,
2025-12-12 02:13:46.113674,Grounding system fault detected,Active,BE6,
2025-12-12 02:14:03.184878,PV solder bond failure detected,Active,BE11,
2025-12-12 03:24:31.216627,PV cell breakage detected,Cleared,BE10,
2025-12-12 03:26:31.732000,Grounding system fault detected,Cleared,BE6,
2025-12-12 03:58:23.559851,PV shading detected,Cleared,BE9,
2025-12-12 05:32:42.316910,PV interconnect fault detected,Cleared,BE5,
2025-12-12 06:12:53.043420,PV solder bond failure detected,Active,BE11,
2025-12-12 07:06:02.962459,PV solder bond failure detected,Active,BE11,
2025-12-12 08:39:06.876565,PV solder bond failure detected,Active,BE11,
2025-12-12 08:39:29.727258,PV solder bond failure detected,Active,BE11,
2025-12-12 08:55:39.493084,PV solder bond failure detected,Active,BE11,
2025-12-12 09:39:51.455730,Encapsulant fault detected,Active,BE16,
2025-12-12 11:11:23.159809,PV interconnect fault detected,Cleared,BE5,
2025-12-12 11:34:54.653044,PV solder bond failure detected,Cleared,BE11,
2025-12-12 11:54:56.801878,Rack structure fault detected,Cleared,BE15,
2025-12-12 12:05:02.064555,Encapsulant fault detected,Cleared,BE16,
2025-12-12 12:59:34.296213,PV interconnect fault detected,Active,BE5,
2025-12-12 14:11:58.689657,Grounding system fault detected,Active,BE6,
2025-12-12 14:50:06.681198,Rack structure fault detected,Active,BE15,
2025-12-12 15:19:40.802711,PV solder bond failure detected,Cleared,BE11,
2025-12-12 17:57:44.208572,PV cell breakage detected,Cleared,BE10,
2025-12-12 19:13:04.340438,PV interconnect fault detected,Active,BE5,
2025-12-12 19:39:45.196626,PV solder bond failure detected,Cleared,BE11,
2025-12-12 21:44:14.127900,PV interconnect fault detected,Cleared,BE5,
2025-12-12 21:56:14.316704,Rack structure fault detected,Cleared,BE15,
2025-12-12 22:48:11.565906,PV cell breakage detected,Active,BE10,
2025-12-12 22:58:32.201865,Rack structure fault detected,Cleared,BE15,
2025-12-12 23:04:35.867815,PV cell breakage detected,Active,BE10,
2025-12-12 23:19:09.037178,Encapsulant fault detected,Active,BE16,
2025-12-13 01:25:33.349594,PV interconnect fault detected,Cleared,BE5,
2025-12-13 02:13:46.113674,Grounding system fault detected,Cleared,BE6,
2025-12-13 04:42:37.419864,PV interconnect fault detected,Active,BE5,
2025-12-13 08:55:52.939125,MCB 1 fault detected,Active,BE3,
2025-12-13 10:22:45.859611,PV solder bond failure detected,Active,BE11,
2025-12-13 10:45:45.521155,Encapsulant fault detected,Cleared,BE16,
2025-12-13 11:00:40.318470,PV solder bond failure detected,Cleared,BE11,
2025-12-13 11:28:57.223910,PV interconnect fault detected,Active,BE5,
2025-12-13 12:14:45.019171,PV solder bond failure detected,Active,BE11,
2025-12-13 12:29:50.176295,Rack structure fault detected,Cleared,BE15,
2025-12-13 12:52:15.269203,Encapsulant fault detected,Cleared,BE16,
2025-12-13 12:59:34.296213,PV interconnect fault detected,Cleared,BE5,
2025-12-13 14:11:34.160294,Rack structure fault detected,Active,BE15,
2025-12-13 14:11:58.689657,Grounding system fault detected,Cleared,BE6,
2025-12-13 15:36:19.776049,PV interconnect fault detected,Active,BE5,
2025-12-13 16:01:05.602104,PV solder bond failure detected,Cleared,BE11,
2025-12-13 16:30:07.776480,Rack structure fault detected,Cleared,BE15,
2025-12-13 18:55:52.939125,MCB 1 fault detected,Cleared,BE3,
2025-12-13 18:58:23.134233,PV shading detected,Active,BE9,
2025-12-13 19:13:04.340438,PV interconnect fault detected,Cleared,BE5,
2025-12-13 19:29:39.948121,PV cell breakage detected,Active,BE10,
2025-12-13 19:33:59.700665,PV solder bond failure detected,Active,BE11,
2025-12-13 22:01:11.668815,Encapsulant fault detected,Cleared,BE16,
2025-12-13 22:50:22.328251,PV shading detected,Active,BE9,
2025-12-14 00:16:48.212379,PV solder bond failure detected,Cleared,BE11,
2025-12-14 02:14:03.184878,PV solder bond failure detected,Cleared,BE11,
2025-12-14 02:58:23.134233,PV shading detected,Cleared,BE9,
2025-12-14 04:14:04.611763,PV cell breakage detected,Active,BE10,
2025-12-14 04:42:37.419864,PV interconnect fault detected,Cleared,BE5,
2025-12-14 05:14:39.485845,Encapsulant fault detected,Active,BE16,
2025-12-14 06:12:53.043420,PV solder bond failure detected,Cleared,BE11,
2025-12-14 06:50:22.328251,PV shading detected,Cleared,BE9,
2025-12-14 07:06:02.962459,PV solder bond failure detected,Cleared,BE11,
2025-12-14 07:32:49.992512,Grounding system fault detected,Active,BE6,
2025-12-14 07:51:10.321182,PV solder bond failure detected,Active,BE11,
2025-12-14 08:32:55.499326,Encapsulant fault detected,Active,BE16,
2025-12-14 08:39:06.876565,PV solder bond failure detected,Cleared,BE11,
2025-12-14 08:39:29.727258,PV solder bond failure detected,Cleared,BE11,
2025-12-14 08:55:39.493084,PV solder bond failure detected,Cleared,BE11,
2025-12-14 09:39:51.455730,Encapsulant fault detected,Cleared,BE16,
2025-12-14 11:28:57.223910,PV interconnect fault detected,Cleared,BE5,
2025-12-14 11:31:35.134483,Grounding system fault detected,Active,BE6,
2025-12-14 13:13:57.606060,PV solder bond failure detected,Active,BE11,
2025-12-14 14:21:01.887997,PV solder bond failure detected,Active,BE11,
2025-12-14 14:50:06.681198,Rack structure fault detected,Cleared,BE15,
2025-12-14 15:36:19.776049,PV interconnect fault detected,Cleared,BE5,
2025-12-14 17:24:25.259737,MCB 1 fault detected,Active,BE3,
2025-12-14 22:48:11.565906,PV cell breakage detected,Cleared,BE10,
2025-12-14 23:04:35.867815,PV cell breakage detected,Cleared,BE10,
2025-12-14 23:06:32.304796,PV solder bond failure detected,Active,BE11,
2025-12-14 23:19:09.037178,Encapsulant fault detected,Cleared,BE16,
2025-12-15 02:39:21.359928,PV interconnect fault detected,Active,BE5,
2025-12-15 03:24:25.259737,MCB 1 fault detected,Cleared,BE3,
2025-12-15 03:25:12.185085,MCB 1 fault detected,Active,BE3,
2025-12-15 05:16:30.758307,PV solder bond failure detected,Active,BE11,
2025-12-15 07:32:49.992512,Grounding system fault detected,Cleared,BE6,
2025-12-15 10:22:45.859611,PV solder bond failure detected,Cleared,BE11,
2025-12-15 11:31:35.134483,Grounding system fault detected,Cleared,BE6,
2025-12-15 11:36:06.227442,Grounding system fault detected,Active,BE6,
2025-12-15 11:44:41.705495,PV shading detected,Active,BE9,
2025-12-15 12:14:45.019171,PV solder bond failure detected,Cleared,BE11,
2025-12-15 12:45:23.419855,PV cell breakage detected,Active,BE10,
2025-12-15 13:25:12.185085,MCB 1 fault detected,Cleared,BE3,
2025-12-15 13:29:07.021661,Encapsulant fault detected,Active,BE16,
2025-12-15 14:06:41.876080,PV solder bond failure detected,Active,BE11,
2025-12-15 14:11:34.160294,Rack structure fault detected,Cleared,BE15,
2025-12-15 17:21:08.187164,PV shading detected,Active,BE9,
2025-12-15 18:21:59.139668,PV cell breakage detected,Active,BE10,
2025-12-15 19:09:07.449881,Rack structure fault detected,Active,BE15,
2025-12-15 19:29:39.948121,PV cell breakage detected,Cleared,BE10,
2025-12-15 19:33:59.700665,PV solder bond failure detected,Cleared,BE11,
2025-12-15 19:42:13.892002,PV interconnect fault detected,Active,BE5,
2025-12-15 19:44:41.705495,PV shading detected,Cleared,BE9,
2025-12-15 21:29:17.487667,PV interconnect fault detected,Active,BE5,
2025-12-15 22:53:09.512205,PV shading detected,Active,BE9,
2025-12-15 23:59:15.808642,PV solder bond failure detected,Active,BE11,
2025-12-16 01:21:08.187164,PV shading detected,Cleared,BE9,
2025-12-16 02:39:21.359928,PV interconnect fault detected,Cleared,BE5,
2025-12-16 03:36:51.872381,PV shading detected,Active,BE9,
2025-12-16 04:14:04.611763,PV cell breakage detected,Cleared,BE10,
2025-12-16 04:42:41.931381,Rack structure fault detected,Active,BE15,
2025-12-16 05:14:39.485845,Encapsulant fault detected,Cleared,BE16,
2025-12-16 06:53:09.512205,PV shading detected,Cleared,BE9,
2025-12-16 07:44:51.977998,MCB 2 fault detected,Active,BE4,
2025-12-16 07:51:10.321182,PV solder bond failure detected,Cleared,BE11,
2025-12-16 08:32:55.499326,Encapsulant fault detected,Cleared,BE16,
2025-12-16 10:11:45.649585,Encapsulant fault detected,Active,BE16,
2025-12-16 11:13:34.044214,PV cell breakage detected,Active,BE10,
2025-12-16 11:36:06.227442,Grounding system fault detected,Cleared,BE6,
2025-12-16 11:36:51.872381,PV shading detected,Cleared,BE9,
2025-12-16 11:48:14.151142,PV cell breakage detected,Active,BE10,
2025-12-16 12:28:24.333617,PV shading detected,Active,BE9,
2025-12-16 13:02:11.826081,Rack structure fault detected,Active,BE15,
2025-12-16 13:13:57.606060,PV solder bond failure detected,Cleared,BE11,
2025-12-16 14:21:01.887997,PV solder bond failure detected,Cleared,BE11,
2025-12-16 14:22:32.817341,PV shading detected,Active,BE9,
2025-12-16 15:27:59.771071,PV cell breakage detected,Active,BE10,
2025-12-16 16:05:19.449036,PV cell breakage detected,Active,BE10,
2025-12-16 17:44:51.977998,MCB 2 fault detected,Cleared,BE4,
2025-12-16 19:42:13.892002,PV interconnect fault detected,Cleared,BE5,
2025-12-16 20:28:24.333617,PV shading detected,Cleared,BE9,
2025-12-16 21:27:56.846293,PV interconnect fault detected,Active,BE5,
2025-12-16 21:29:17.487667,PV interconnect fault detected,Cleared,BE5,
2025-12-16 22:11:15.321834,MCB 1 fault detected,Active,BE3,
2025-12-16 22:22:32.817341,PV shading detected,Cleared,BE9,
2025-12-16 23:06:32.304796,PV solder bond failure detected,Cleared,BE11,
2025-12-16 23:32:37.848162,PV shading detected,Active,BE9,
2025-12-17 00:26:07.110628,Encapsulant fault detected,Active,BE16,
2025-12-17 00:45:44.494825,Grounding system fault detected,Active,BE6,
2025-12-17 00:54:23.605224,PV solder bond failure detected,Active,BE11,
2025-12-17 05:16:30.758307,PV solder bond failure detected,Cleared,BE11,
2025-12-17 05:21:56.009257,PV interconnect fault detected,Active,BE5,
2025-12-17 06:38:17.422688,PV solder bond failure detected,Active,BE11,
2025-12-17 07:32:37.848162,PV shading detected,Cleared,BE9,
2025-12-17 08:11:15.321834,MCB 1 fault detected,Cleared,BE3,
2025-12-17 08:14:42.163202,Rack structure fault detected,Active,BE15,
2025-12-17 08:24:36.830402,PV shading detected,Active,BE9,
2025-12-17 09:26:57.249652,PV solder bond failure detected,Active,BE11,
2025-12-17 10:11:39.740594,Rack structure fault detected,Active,BE15,
2025-12-17 12:45:23.419855,PV cell breakage detected,Cleared,BE10,
2025-12-17 12:53:26.340611,Cable aging fault detected,Active,BE18,
2025-12-17 13:29:07.021661,Encapsulant fault detected,Cleared,BE16,
2025-12-17 14:06:41.876080,PV solder bond failure detected,Cleared,BE11,
2025-12-17 16:24:36.830402,PV shading detected,Cleared,BE9,
2025-12-17 16:28:47.276957,PV solder bond failure detected,Active,BE11,
2025-12-17 16:53:26.340611,Cable aging fault detected,Cleared,BE18,
2025-12-17 16:57:23.642690,PV solder bond failure detected,Active,BE11,
2025-12-17 18:21:59.139668,PV cell breakage detected,Cleared,BE10,
2025-12-17 19:09:07.449881,Rack structure fault detected,Cleared,BE15,
2025-12-17 20:09:49.083159,MCB 1 fault detected,Active,BE3,
2025-12-17 21:03:14.884649,Rack structure fault detected,Active,BE15,
2025-12-17 21:27:56.846293,PV interconnect fault detected,Cleared,BE5,
2025-12-17 21:31:48.180696,Encapsulant fault detected,Active,BE16,
2025-12-17 23:59:15.808642,PV solder bond failure detected,Cleared,BE11,
2025-12-18 00:43:04.326969,PV shading detected,Active,BE9,
2025-12-18 00:45:44.494825,Grounding system fault detected,Cleared,BE6,
2025-12-18 00:58:46.401568,PV soiling detected,Active,BE8,
2025-12-18 01:17:48.502702,PV cell breakage detected,Active,BE10,
2025-12-18 04:42:41.931381,Rack structure fault detected,Cleared,BE15,
2025-12-18 05:21:56.009257,PV interconnect fault detected,Cleared,BE5,
2025-12-18 06:09:49.083159,MCB 1 fault detected,Cleared,BE3,
2025-12-18 06:50:48.717527,Encapsulant fault detected,Active,BE16,
2025-12-18 07:53:37.284869,Rack structure fault detected,Active,BE15,
2025-12-18 07:57:21.093950,PV interconnect fault detected,Active,BE5,
2025-12-18 08:16:06.765446,PV solder bond failure detected,Active,BE11,
2025-12-18 08:43:04.326969,PV shading detected,Cleared,BE9,
2025-12-18 08:58:46.401568,PV soiling detected,Cleared,BE8,
2025-12-18 09:07:24.565050,PV solder bond failure detected,Active,BE11,
2025-12-18 09:10:46.018750,Rack structure fault detected,Active,BE15,
2025-12-18 09:27:36.802875,Encapsulant fault detected,Active,BE16,
2025-12-18 10:11:45.649585,Encapsulant fault detected,Cleared,BE16,
2025-12-18 10:45:12.706601,Diode fault detected,Active,BE13,
2025-12-18 11:13:34.044214,PV cell breakage detected,Cleared,BE10,
2025-12-18 11:47:42.232414,PV solder bond failure detected,Active,BE11,
2025-12-18 11:48:14.151142,PV cell breakage detected,Cleared,BE10,
2025-12-18 13:02:11.826081,Rack structure fault detected,Cleared,BE15,
2025-12-18 15:27:59.771071,PV cell breakage detected,Cleared,BE10,
2025-12-18 16:05:19.449036,PV cell breakage detected,Cleared,BE10,
2025-12-18 16:31:35.907106,PV cell breakage detected,Active,BE10,
2025-12-18 16:36:14.783547,Rack structure fault detected,Active,BE15,
2025-12-18 21:06:01.369830,PV shading detected,Active,BE9,
2025-12-18 23:10:11.607244,PV solder bond failure detected,Active,BE11,
2025-12-19 00:26:07.110628,Encapsulant fault detected,Cleared,BE16,
2025-12-19 00:54:23.605224,PV solder bond failure detected,Cleared,BE11,
2025-12-19 02:58:17.028160,PV interconnect fault detected,Active,BE5,
2025-12-19 03:41:53.471575,PV shading detected,Active,BE9,
2025-12-19 04:41:12.276103,Encapsulant fault detected,Active,BE16,
2025-12-19 05:06:01.369830,PV shading detected,Cleared,BE9,
2025-12-19 05:17:12.716456,PV solder bond failure detected,Active,BE11,
2025-12-19 06:38:17.422688,PV solder bond failure detected,Cleared,BE11,
2025-12-19 07:47:21.305772,PV shading detected,Active,BE9,
2025-12-19 07:57:21.093950,PV interconnect fault detected,Cleared,BE5,
2025-12-19 08:14:42.163202,Rack structure fault detected,Cleared,BE15,
2025-12-19 08:39:04.259692,PV solder bond failure detected,Active,BE11,
2025-12-19 09:26:57.249652,PV solder bond failure detected,Cleared,BE11,
2025-12-19 09:31:01.139618,PV interconnect fault detected,Active,BE5,
2025-12-19 09:41:41.244842,PV cell breakage detected,Active,BE10,
2025-12-19 09:47:08.185979,PV interconnect fault detected,Active,BE5,
2025-12-19 10:11:39.740594,Rack structure fault detected,Cleared,BE15,
2025-12-19 10:45:12.706601,Diode fault detected,Cleared,BE13,
2025-12-19 11:12:02.489324,PV shading detected,Active,BE9,
2025-12-19 11:41:53.471575,PV shading detected,Cleared,BE9,
2025-12-19 11:48:43.200836,Grounding system fault detected,Active,BE6,
2025-12-19 12:57:51.995413,PV solder bond failure detected,Active,BE11,
2025-12-19 13:29:03.102905,PV interconnect fault detected,Active,BE5,
2025-12-19 13:39:37.091342,PV shading detected,Active,BE9,
2025-12-19 14:20:06.107798,PV shading detected,Active,BE9,
2025-12-19 15:47:21.305772,PV shading detected,Cleared,BE9,
2025-12-19 16:28:47.276957,PV solder bond failure detected,Cleared,BE11,
2025-12-19 16:57:23.642690,PV solder bond failure detected,Cleared,BE11,
2025-12-19 17:44:06.012870,Encapsulant fault detected,Active,BE16,
2025-12-19 18:55:53.152763,Rack structure fault detected,Active,BE15,
2025-12-19 19:05:56.483188,PV shading detected,Active,BE9,
2025-12-19 19:12:02.489324,PV shading detected,Cleared,BE9,
2025-12-19 21:03:14.884649,Rack structure fault detected,Cleared,BE15,
2025-12-19 21:31:48.180696,Encapsulant fault detected,Cleared,BE16,
2025-12-19 21:39:37.091342,PV shading detected,Cleared,BE9,
2025-12-19 22:20:06.107798,PV shading detected,Cleared,BE9,
2025-12-19 22:40:44.896644,PV shading detected,Active,BE9,
2025-12-19 22:42:18.326551,PV interconnect fault detected,Active,BE5,
2025-12-20 01:17:48.502702,PV cell breakage detected,Cleared,BE10,
2025-12-20 01:55:46.224726,PV solder bond failure detected,Active,BE11,
2025-12-20 02:58:17.028160,PV interconnect fault detected,Cleared,BE5,
2025-12-20 03:05:56.483188,PV shading detected,Cleared,BE9,
2025-12-20 04:43:25.939066,PV solder bond failure detected,Active,BE11,
2025-12-20 06:40:44.896644,PV shading detected,Cleared,BE9,
2025-12-20 06:50:48.717527,Encapsulant fault detected,Cleared,BE16,
2025-12-20 07:53:37.284869,Rack structure fault detected,Cleared,BE15,
2025-12-20 08:16:06.765446,PV solder bond failure detected,Cleared,BE11,
2025-12-20 09:07:24.565050,PV solder bond failure detected,Cleared,BE11,
2025-12-20 09:10:46.018750,Rack structure fault detected,Cleared,BE15,
2025-12-20 09:27:36.802875,Encapsulant fault detected,Cleared,BE16,
2025-12-20 09:31:01.139618,PV interconnect fault detected,Cleared,BE5,
2025-12-20 09:47:08.185979,PV interconnect fault detected,Cleared,BE5,
2025-12-20 10:34:08.851315,PV interconnect fault detected,Active,BE5,
2025-12-20 10:37:41.038241,PV cell breakage detected,Active,BE10,
2025-12-20 11:16:26.271162,Grounding system fault detected,Active,BE6,
2025-12-20 11:25:32.783092,PV cell breakage detected,Active,BE10,
2025-12-20 11:37:41.765837,Encapsulant fault detected,Active,BE16,
2025-12-20 11:47:42.232414,PV solder bond failure detected,Cleared,BE11,
2025-12-20 11:48:43.200836,Grounding system fault detected,Cleared,BE6,
2025-12-20 13:29:03.102905,PV interconnect fault detected,Cleared,BE5,
2025-12-20 14:05:40.539822,PV interconnect fault detected,Active,BE5,
2025-12-20 15:47:39.945813,PV cell breakage detected,Active,BE10,
2025-12-20 15:52:06.685304,PV interconnect fault detected,Active,BE5,
2025-12-20 16:27:18.983902,PV cell breakage detected,Active,BE10,
2025-12-20 16:31:35.907106,PV cell breakage detected,Cleared,BE10,
2025-12-20 16:36:14.783547,Rack structure fault detected,Cleared,BE15,
2025-12-20 18:25:34.163640,PV solder bond failure detected,Active,BE11,
2025-12-20 18:34:42.179863,PV cell breakage detected,Active,BE10,
2025-12-20 18:51:53.632049,Encapsulant fault detected,Active,BE16,
2025-12-20 19:02:47.826907,PV solder bond failure detected,Active,BE11,
2025-12-20 20:54:54.280071,PV cell breakage detected,Active,BE10,
2025-12-20 21:31:46.701813,Rack structure fault detected,Active,BE15,
2025-12-20 22:42:18.326551,PV interconnect fault detected,Cleared,BE5,
2025-12-20 22:57:47.878861,Rack structure fault detected,Active,BE15,
2025-12-20 23:10:11.607244,PV solder bond failure detected,Cleared,BE11,
2025-12-21 00:16:04.331811,Rack structure fault detected,Active,BE15,
2025-12-21 01:18:17.401884,Grounding system fault detected,Active,BE6,
2025-12-21 02:35:38.250078,PV cell breakage detected,Active,BE10,
2025-12-21 04:26:53.925859,Rack structure fault detected,Active,BE15,
2025-12-21 04:41:12.276103,Encapsulant fault detected,Cleared,BE16,
2025-12-21 05:07:54.808536,PV solder bond failure detected,Active,BE11,
2025-12-21 05:17:12.716456,PV solder bond failure detected,Cleared,BE11,
2025-12-21 05:23:55.783479,PV cell breakage detected,Active,BE10,
2025-12-21 06:21:12.666091,PV cell breakage detected,Active,BE10,
2025-12-21 07:59:51.238936,PV cell breakage detected,Active,BE10,
2025-12-21 08:39:04.259692,PV solder bond failure detected,Cleared,BE11,
2025-12-21 09:25:35.165476,PV cell breakage detected,Active,BE10,
2025-12-21 09:41:41.244842,PV cell breakage detected,Cleared,BE10,
2025-12-21 10:34:08.851315,PV interconnect fault detected,Cleared,BE5,
2025-12-21 11:16:26.271162,Grounding system fault detected,Cleared,BE6,
2025-12-21 12:57:51.995413,PV solder bond failure detected,Cleared,BE11,
2025-12-21 13:04:53.441765,MCB 2 fault detected,Active,BE4,
2025-12-21 13:09:41.454971,PV interconnect fault detected,Active,BE5,
2025-12-21 13:14:39.992289,PV shading detected,Active,BE9,
2025-12-21 14:05:40.539822,PV interconnect fault detected,Cleared,BE5,
2025-12-21 15:52:06.685304,PV interconnect fault detected,Cleared,BE5,
2025-12-21 17:44:06.012870,Encapsulant fault detected,Cleared,BE16,
2025-12-21 17:46:51.130571,PV solder bond failure detected,Active,BE11,
2025-12-21 18:55:53.152763,Rack structure fault detected,Cleared,BE15,
2025-12-21 19:07:49.316019,PV solder bond failure detected,Active,BE11,
2025-12-21 20:56:10.166782,Grounding system fault detected,Active,BE6,
2025-12-21 21:14:39.992289,PV shading detected,Cleared,BE9,
2025-12-21 22:30:53.090684,PV shading detected,Active,BE9,
2025-12-21 22:54:52.835834,PV solder bond failure detected,Active,BE11,
2025-12-21 23:04:53.441765,MCB 2 fault detected,Cleared,BE4,
2025-12-22 00:07:52.931040,PV solder bond failure detected,Active,BE11,
2025-12-22 01:18:17.401884,Grounding system fault detected,Cleared,BE6,
2025-12-22 01:55:46.224726,PV solder bond failure detected,Cleared,BE11,
2025-12-22 03:21:45.010955,PV shading detected,Active,BE9,
2025-12-22 04:43:25.939066,PV solder bond failure detected,Cleared,BE11,
2025-12-22 06:30:53.090684,PV shading detected,Cleared,BE9,
2025-12-22 08:22:39.796881,PV solder bond failure detected,Active,BE11,
2025-12-22 08:56:50.063695,Rack structure fault detected,Active,BE15,
2025-12-22 10:37:41.038241,PV cell breakage detected,Cleared,BE10,
2025-12-22 10:50:24.950893,Rack structure fault detected,Active,BE15,
2025-12-22 11:21:45.010955,PV shading detected,Cleared,BE9,
2025-12-22 11:25:32.783092,PV cell breakage detected,Cleared,BE10,
2025-12-22 11:37:41.765837,Encapsulant fault detected,Cleared,BE16,
2025-12-22 12:30:32.926472,Encapsulant fault detected,Active,BE16,
2025-12-22 13:09:41.454971,PV interconnect fault detected,Cleared,BE5,
2025-12-22 13:13:59.241467,PV shading detected,Active,BE9,
2025-12-22 13:31:55.800576,PV solder bond failure detected,Active,BE11,
2025-12-22 14:56:11.074728,PV shading detected,Active,BE9,
2025-12-22 15:47:39.945813,PV cell breakage detected,Cleared,BE10,
2025-12-22 16:27:18.983902,PV cell breakage detected,Cleared,BE10,
2025-12-22 17:50:45.126004,PV cell breakage detected,Active,BE10,
2025-12-22 18:25:34.163640,PV solder bond failure detected,Cleared,BE11,
2025-12-22 18:34:42.179863,PV cell breakage detected,Cleared,BE10,
2025-12-22 18:51:53.632049,Encapsulant fault detected,Cleared,BE16,
2025-12-22 19:02:47.826907,PV solder bond failure detected,Cleared,BE11,
2025-12-22 20:18:57.314483,PV solder bond failure detected,Active,BE11,
2025-12-22 20:54:54.280071,PV cell breakage detected,Cleared,BE10,
2025-12-22 20:56:10.166782,Grounding system fault detected,Cleared,BE6,
2025-12-22 21:13:59.241467,PV shading detected,Cleared,BE9,
2025-12-22 21:31:46.701813,Rack structure fault detected,Cleared,BE15,
2025-12-22 21:36:27.397733,PV shading detected,Active,BE9,
2025-12-22 21:47:13.499721,PV solder bond failure detected,Active,BE11,
2025-12-22 22:56:11.074728,PV shading detected,Cleared,BE9,
2025-12-22 22:57:47.878861,Rack structure fault detected,Cleared,BE15,
2025-12-22 23:23:13.856357,PV solder bond failure detected,Active,BE11,
2025-12-22 23:40:19.939305,PV solder bond failure detected,Active,BE11,
2025-12-23 00:16:04.331811,Rack structure fault detected,Cleared,BE15,
2025-12-23 02:17:10.479853,PV solder bond failure detected,Active,BE11,
2025-12-23 02:35:38.250078,PV cell breakage detected,Cleared,BE10,
2025-12-23 04:02:20.525599,Encapsulant fault detected,Active,BE16,
2025-12-23 04:18:06.889495,Rack structure fault detected,Active,BE15,
2025-12-23 04:26:53.925859,Rack structure fault detected,Cleared,BE15,
2025-12-23 05:07:54.808536,PV solder bond failure detected,Cleared,BE11,
2025-12-23 05:23:55.783479,PV cell breakage detected,Cleared,BE10,
2025-12-23 05:36:18.705642,Encapsulant fault detected,Active,BE16,
2025-12-23 05:36:27.397733,PV shading detected,Cleared,BE9,
2025-12-23 05:45:53.876556,Rack structure fault detected,Active,BE15,
2025-12-23 06:21:12.666091,PV cell breakage detected,Cleared,BE10,
2025-12-23 06:37:07.386950,PV cell breakage detected,Active,BE10,
2025-12-23 07:48:12.224701,PV solder bond failure detected,Active,BE11,
2025-12-23 07:59:51.238936,PV cell breakage detected,Cleared,BE10,
2025-12-23 08:47:27.106151,PV shading detected,Active,BE9,
2025-12-23 09:25:35.165476,PV cell breakage detected,Cleared,BE10,
2025-12-23 14:20:29.291702,PV interconnect fault detected,Active,BE5,
2025-12-23 14:24:07.686654,Grounding system fault detected,Active,BE6,
2025-12-23 16:05:14.327771,Encapsulant fault detected,Active,BE16,
2025-12-23 16:25:04.705873,PV shading detected,Active,BE9,
2025-12-23 16:47:27.106151,PV shading detected,Cleared,BE9,
2025-12-23 16:50:14.371180,MCB 2 fault detected,Active,BE4,
2025-12-23 17:46:51.130571,PV solder bond failure detected,Cleared,BE11,
2025-12-23 19:07:49.316019,PV solder bond failure detected,Cleared,BE11,
2025-12-23 19:09:05.274986,Rack structure fault detected,Active,BE15,
2025-12-23 20:55:36.958442,PV solder bond failure detected,Active,BE11,
2025-12-23 22:15:23.579753,PV shading detected,Active,BE9,
2025-12-23 22:54:52.835834,PV solder bond failure detected,Cleared,BE11,
2025-12-23 23:09:29.485190,PV interconnect fault detected,Active,BE5,
2025-12-24 00:07:52.931040,PV solder bond failure detected,Cleared,BE11,
2025-12-24 00:25:04.705873,PV shading detected,Cleared,BE9,
2025-12-24 01:11:21.623632,Rack structure fault detected,Active,BE15,
2025-12-24 01:23:04.585772,PV interconnect fault detected,Active,BE5,
2025-12-24 02:50:14.371180,MCB 2 fault detected,Cleared,BE4,
2025-12-24 03:38:45.971413,PV soiling detected,Active,BE8,
2025-12-24 04:19:13.110251,PV solder bond failure detected,Active,BE11,
2025-12-24 05:08:31.244143,PV interconnect fault detected,Active,BE5,
2025-12-24 05:21:41.111693,PV interconnect fault detected,Active,BE5,
2025-12-24 06:15:23.579753,PV shading detected,Cleared,BE9,
2025-12-24 07:39:17.905663,Grounding system fault detected,Active,BE6,
2025-12-24 08:09:52.199053,PV solder bond failure detected,Active,BE11,
2025-12-24 08:17:05.047374,Grounding system fault detected,Active,BE6,
2025-12-24 08:22:39.796881,PV solder bond failure detected,Cleared,BE11,
2025-12-24 08:56:50.063695,Rack structure fault detected,Cleared,BE15,
2025-12-24 10:50:24.950893,Rack structure fault detected,Cleared,BE15,
2025-12-24 11:38:45.971413,PV soiling detected,Cleared,BE8,
2025-12-24 12:30:32.926472,Encapsulant fault detected,Cleared,BE16,
2025-12-24 13:25:20.069643,PV cell breakage detected,Active,BE10,
2025-12-24 13:31:55.800576,PV solder bond failure detected,Cleared,BE11,
2025-12-24 14:20:29.291702,PV interconnect fault detected,Cleared,BE5,
2025-12-24 14:24:07.686654,Grounding system fault detected,Cleared,BE6,
2025-12-24 16:51:36.266308,Encapsulant fault detected,Active,BE16,
2025-12-24 17:50:45.126004,PV cell breakage detected,Cleared,BE10,
2025-12-24 18:37:05.707924,PV cell breakage detected,Active,BE10,
2025-12-24 20:18:57.314483,PV solder bond failure detected,Cleared,BE11,
2025-12-24 21:32:39.037771,PV cell breakage detected,Active,BE10,
2025-12-24 21:38:01.299245,PV soiling detected,Active,BE8,
2025-12-24 21:47:13.499721,PV solder bond failure detected,Cleared,BE11,
2025-12-24 22:31:35.918454,Rack structure fault detected,Active,BE15,
2025-12-24 23:09:29.485190,PV interconnect fault detected,Cleared,BE5,
2025-12-24 23:23:13.856357,PV solder bond failure detected,Cleared,BE11,
2025-12-24 23:40:19.939305,PV solder bond failure detected,Cleared,BE11,
2025-12-25 01:23:04.585772,PV interconnect fault detected,Cleared,BE5,
2025-12-25 02:10:40.070408,Rack structure fault detected,Active,BE15,
2025-12-25 02:17:10.479853,PV solder bond failure detected,Cleared,BE11,
2025-12-25 02:18:52.126099,Cable aging fault detected,Active,BE18,
2025-12-25 04:02:20.525599,Encapsulant fault detected,Cleared,BE16,
2025-12-25 04:10:40.281566,Diode fault detected,Active,BE13,
2025-12-25 04:18:06.889495,Rack structure fault detected,Cleared,BE15,
2025-12-25 04:44:38.276160,PV solder bond failure detected,Active,BE11,
2025-12-25 05:08:31.244143,PV interconnect fault detected,Cleared,BE5,
2025-12-25 05:21:41.111693,PV interconnect fault detected,Cleared,BE5,
2025-12-25 05:36:18.705642,Encapsulant fault detected,Cleared,BE16,
2025-12-25 05:38:01.299245,PV soiling detected,Cleared,BE8,
2025-12-25 05:45:53.876556,Rack structure fault detected,Cleared,BE15,
2025-12-25 06:18:52.126099,Cable aging fault detected,Cleared,BE18,
2025-12-25 06:37:07.386950,PV cell breakage detected,Cleared,BE10,
2025-12-25 07:39:17.905663,Grounding system fault detected,Cleared,BE6,
2025-12-25 07:48:12.224701,PV solder bond failure detected,Cleared,BE11,
2025-12-25 08:17:05.047374,Grounding system fault detected,Cleared,BE6,
2025-12-25 10:24:09.559679,PV interconnect fault detected,Active,BE5,
2025-12-25 11:53:00.667928,PV interconnect fault detected,Active,BE5,
2025-12-25 11:54:08.583837,PV cell breakage detected,Active,BE10,
2025-12-25 13:17:11.369138,PV solder bond failure detected,Active,BE11,
2025-12-25 15:26:38.782038,PV cell breakage detected,Active,BE10,
2025-12-25 16:05:14.327771,Encapsulant fault detected,Cleared,BE16,
2025-12-25 16:09:42.616639,Rack structure fault detected,Active,BE15,
2025-12-25 18:38:06.315430,PV cell breakage detected,Active,BE10,
2025-12-25 19:09:05.274986,Rack structure fault detected,Cleared,BE15,
2025-12-25 19:50:55.310243,Rack structure fault detected,Active,BE15,
2025-12-25 20:35:19.373840,Encapsulant fault detected,Active,BE16,
2025-12-25 20:55:36.958442,PV solder bond failure detected,Cleared,BE11,
2025-12-25 21:00:30.248929,PV cell breakage detected,Active,BE10,
2025-12-25 22:02:24.100646,PV interconnect fault detected,Active,BE5,
2025-12-25 22:15:14.691274,PV cell breakage detected,Active,BE10,
2025-12-25 22:31:59.798296,MCB 2 fault detected,Active,BE4,
2025-12-26 00:54:42.517232,PV cell breakage detected,Active,BE10,
2025-12-26 01:11:21.623632,Rack structure fault detected,Cleared,BE15,
2025-12-26 01:49:33.093353,PV interconnect fault detected,Active,BE5,
2025-12-26 04:10:40.281566,Diode fault detected,Cleared,BE13,
2025-12-26 04:19:13.110251,PV solder bond failure detected,Cleared,BE11,
2025-12-26 04:50:56.534712,PV cell breakage detected,Active,BE10,
2025-12-26 07:11:08.775470,PV solder bond failure detected,Active,BE11,
2025-12-26 08:06:33.449642,PV shading detected,Active,BE9,
2025-12-26 08:09:52.199053,PV solder bond failure detected,Cleared,BE11,
2025-12-26 08:31:59.798296,MCB 2 fault detected,Cleared,BE4,
2025-12-26 08:33:38.274001,Encapsulant fault detected,Active,BE16,
2025-12-26 10:24:09.559679,PV interconnect fault detected,Cleared,BE5,
2025-12-26 11:22:29.072732,PV interconnect fault detected,Active,BE5,
2025-12-26 11:53:00.667928,PV interconnect fault detected,Cleared,BE5,
2025-12-26 12:13:43.808761,PV solder bond failure detected,Active,BE11,
2025-12-26 13:00:12.167120,Rack structure fault detected,Active,BE15,
2025-12-26 13:25:20.069643,PV cell breakage detected,Cleared,BE10,
2025-12-26 14:14:37.687185,PV solder bond failure detected,Active,BE11,
2025-12-26 14:36:31.631240,PV solder bond failure detected,Active,BE11,
2025-12-26 14:50:01.778522,Grounding system fault detected,Active,BE6,
2025-12-26 14:54:05.095006,PV cell breakage detected,Active,BE10,
2025-12-26 15:28:51.083157,PV cell breakage detected,Active,BE10,
2025-12-26 16:06:33.449642,PV shading detected,Cleared,BE9,
2025-12-26 16:51:36.266308,Encapsulant fault detected,Cleared,BE16,
2025-12-26 17:36:02.574162,PV cell breakage detected,Active,BE10,
2025-12-26 18:37:05.707924,PV cell breakage detected,Cleared,BE10,
2025-12-26 21:32:39.037771,PV cell breakage detected,Cleared,BE10,
2025-12-26 22:02:24.100646,PV interconnect fault detected,Cleared,BE5,
2025-12-26 22:31:35.918454,Rack structure fault detected,Cleared,BE15,
2025-12-26 23:19:01.818403,PV solder bond failure detected,Active,BE11,
2025-12-26 23:31:37.823929,Cable aging fault detected,Active,BE18,
2025-12-26 23:49:55.397582,PV interconnect fault detected,Active,BE5,
2025-12-27 00:11:12.514664,PV solder bond failure detected,Active,BE11,
2025-12-27 00:14:30.679370,Cable aging fault detected,Active,BE18,
2025-12-27 01:49:33.093353,PV interconnect fault detected,Cleared,BE5,
2025-12-27 02:10:40.070408,Rack structure fault detected,Cleared,BE15,
2025-12-27 02:36:43.720125,PV solder bond failure detected,Active,BE11,
2025-12-27 03:31:37.823929,Cable aging fault detected,Cleared,BE18,
2025-12-27 04:14:30.679370,Cable aging fault detected,Cleared,BE18,
2025-12-27 04:44:38.276160,PV solder bond failure detected,Cleared,BE11,
2025-12-27 07:43:30.292627,PV solder bond failure detected,Active,BE11,
2025-12-27 08:13:58.949652,PV shading detected,Active,BE9,
2025-12-27 08:26:57.105705,PV cell breakage detected,Active,BE10,
2025-12-27 09:52:27.645031,PV cell breakage detected,Active,BE10,
2025-12-27 11:22:29.072732,PV interconnect fault detected,Cleared,BE5,
2025-12-27 11:54:08.583837,PV cell breakage detected,Cleared,BE10,
2025-12-27 13:17:11.369138,PV solder bond failure detected,Cleared,BE11,
2025-12-27 13:18:50.321465,PV solder bond failure detected,Active,BE11,
2025-12-27 13:38:13.050055,PV cell breakage detected,Active,BE10,
2025-12-27 14:42:15.801576,Grounding system fault detected,Active,BE6,
2025-12-27 14:50:01.778522,Grounding system fault detected,Cleared,BE6,
2025-12-27 15:26:38.782038,PV cell breakage detected,Cleared,BE10,
2025-12-27 16:09:42.616639,Rack structure fault detected,Cleared,BE15,
2025-12-27 16:13:58.949652,PV shading detected,Cleared,BE9,
2025-12-27 17:23:01.122673,Rack structure fault detected,Active,BE15,
2025-12-27 18:38:06.315430,PV cell breakage detected,Cleared,BE10,
2025-12-27 19:14:37.059201,Rack structure fault detected,Active,BE15,
2025-12-27 19:19:50.255808,PV shading detected,Active,BE9,
2025-12-27 19:29:08.877199,PV solder bond failure detected,Active,BE11,
2025-12-27 19:50:55.310243,Rack structure fault detected,Cleared,BE15,
2025-12-27 20:35:19.373840,Encapsulant fault detected,Cleared,BE16,
2025-12-27 20:42:30.901880,PV solder bond failure detected,Active,BE11,
2025-12-27 20:45:33.235557,PV interconnect fault detected,Active,BE5,
2025-12-27 21:00:30.248929,PV cell breakage detected,Cleared,BE10,
2025-12-27 22:15:14.691274,PV cell breakage detected,Cleared,BE10,
2025-12-27 23:14:22.390570,Short/open circuit fault detected,Active,BE14,
2025-12-27 23:29:31.640983,PV interconnect fault detected,Active,BE5,
2025-12-27 23:37:22.140116,PV interconnect fault detected,Active,BE5,
2025-12-27 23:49:55.397582,PV interconnect fault detected,Cleared,BE5,
2025-12-27 23:55:13.810151,PV solder bond failure detected,Active,BE11,
2025-12-28 00:03:31.562003,Encapsulant fault detected,Active,BE16,
2025-12-28 00:54:42.517232,PV cell breakage detected,Cleared,BE10,
2025-12-28 01:21:46.313337,PV interconnect fault detected,Active,BE5,
2025-12-28 03:19:50.255808,PV shading detected,Cleared,BE9,
2025-12-28 04:50:56.534712,PV cell breakage detected,Cleared,BE10,
2025-12-28 04:54:17.110732,PV shading detected,Active,BE9,
2025-12-28 05:31:26.630188,Encapsulant fault detected,Active,BE16,
2025-12-28 06:22:40.744515,PV solder bond failure detected,Active,BE11,
2025-12-28 07:11:08.775470,PV solder bond failure detected,Cleared,BE11,
2025-12-28 07:34:25.658623,PV cell breakage detected,Active,BE10,
2025-12-28 08:33:38.274001,Encapsulant fault detected,Cleared,BE16,
2025-12-28 09:05:00.537177,PV cell breakage detected,Active,BE10,
2025-12-28 09:51:28.870001,PV cell breakage detected,Active,BE10,
2025-12-28 11:14:22.390570,Short/open circuit fault detected,Cleared,BE14,
2025-12-28 11:38:22.494920,PV glass breakage detected,Active,BE7,
2025-12-28 12:13:43.808761,PV solder bond failure detected,Cleared,BE11,
2025-12-28 12:54:17.110732,PV shading detected,Cleared,BE9,
2025-12-28 13:00:12.167120,Rack structure fault detected,Cleared,BE15,
2025-12-28 13:44:13.172147,Grounding system fault detected,Active,BE6,
2025-12-28 14:14:37.687185,PV solder bond failure detected,Cleared,BE11,
2025-12-28 14:36:31.631240,PV solder bond failure detected,Cleared,BE11,
2025-12-28 14:42:15.801576,Grounding system fault detected,Cleared,BE6,
2025-12-28 14:47:54.924821,Encapsulant fault detected,Active,BE16,
2025-12-28 14:54:05.095006,PV cell breakage detected,Cleared,BE10,
2025-12-28 15:28:51.083157,PV cell breakage detected,Cleared,BE10,
2025-12-28 15:48:05.193416,PV cell breakage detected,Active,BE10,
2025-12-28 15:55:11.259777,PV shading detected,Active,BE9,
2025-12-28 17:36:02.574162,PV cell breakage detected,Cleared,BE10,
2025-12-28 18:28:27.011110,PV shading detected,Active,BE9,
2025-12-28 18:41:41.237307,Grounding system fault detected,Active,BE6,
2025-12-28 19:01:52.947257,PV cell breakage detected,Active,BE10,
2025-12-28 20:45:33.235557,PV interconnect fault detected,Cleared,BE5,
2025-12-28 22:52:32.161752,Rack structure fault detected,Active,BE15,
2025-12-28 23:19:01.818403,PV solder bond failure detected,Cleared,BE11,
2025-12-28 23:29:31.640983,PV interconnect fault detected,Cleared,BE5,
2025-12-28 23:37:22.140116,PV interconnect fault detected,Cleared,BE5,
2025-12-28 23:55:11.259777,PV shading detected,Cleared,BE9,
2025-12-29 00:11:12.514664,PV solder bond failure detected,Cleared,BE11,
2025-12-29 00:11:14.241543,PV shading detected,Active,BE9,
2025-12-29 00:38:41.207440,PV shading detected,Active,BE9,
2025-12-29 01:21:46.313337,PV interconnect fault detected,Cleared,BE5,
2025-12-29 02:27:51.020583,PV cell breakage detected,Active,BE10,
2025-12-29 02:28:27.011110,PV shading detected,Cleared,BE9,
2025-12-29 02:36:43.720125,PV solder bond failure detected,Cleared,BE11,
2025-12-29 04:34:56.591161,PV interconnect fault detected,Active,BE5,
2025-12-29 05:55:08.138889,PV solder bond failure detected,Active,BE11,
2025-12-29 07:43:30.292627,PV solder bond failure detected,Cleared,BE11,
2025-12-29 07:58:43.837719,PV shading detected,Active,BE9,
2025-12-29 08:11:14.241543,PV shading detected,Cleared,BE9,
2025-12-29 08:26:57.105705,PV cell breakage detected,Cleared,BE10,
2025-12-29 08:38:41.207440,PV shading detected,Cleared,BE9,
2025-12-29 09:52:27.645031,PV cell breakage detected,Cleared,BE10,
2025-12-29 11:13:34.210880,Rack structure fault detected,Active,BE15,
2025-12-29 11:38:22.494920,PV glass breakage detected,Cleared,BE7,
2025-12-29 13:05:27.608199,Rack structure fault detected,Active,BE15,
2025-12-29 13:18:50.321465,PV solder bond failure detected,Cleared,BE11,
2025-12-29 13:38:13.050055,PV cell breakage detected,Cleared,BE10,
2025-12-29 13:44:13.172147,Grounding system fault detected,Cleared,BE6,
2025-12-29 14:39:55.380799,PV solder bond failure detected,Active,BE11,
2025-12-29 15:58:43.837719,PV shading detected,Cleared,BE9,
2025-12-29 16:38:40.281740,Grounding system fault detected,Active,BE6,
2025-12-29 16:52:40.797509,PV shading detected,Active,BE9,
2025-12-29 17:04:15.095645,PV cell breakage detected,Active,BE10,
2025-12-29 17:23:01.122673,Rack structure fault detected,Cleared,BE15,
2025-12-29 18:23:37.836338,PV cell breakage detected,Active,BE10,
2025-12-29 18:41:41.237307,Grounding system fault detected,Cleared,BE6,
2025-12-29 19:14:37.059201,Rack structure fault detected,Cleared,BE15,
2025-12-29 19:29:08.877199,PV solder bond failure detected,Cleared,BE11,
2025-12-29 19:48:53.613187,PV shading detected,Active,BE9,
2025-12-29 20:42:30.901880,PV solder bond failure detected,Cleared,BE11,
2025-12-29 20:44:34.060349,Rack structure fault detected,Active,BE15,
2025-12-29 23:08:54.705824,Rack structure fault detected,Active,BE15,
2025-12-29 23:55:13.810151,PV solder bond failure detected,Cleared,BE11,
2025-12-30 00:03:31.562003,Encapsulant fault detected,Cleared,BE16,
2025-12-30 00:52:40.797509,PV shading detected,Cleared,BE9,
2025-12-30 02:11:20.609338,PV cell breakage detected,Active,BE10,
2025-12-30 02:51:42.845692,Grounding system fault detected,Active,BE6,
2025-12-30 03:48:53.613187,PV shading detected,Cleared,BE9,
2025-12-30 04:34:56.591161,PV interconnect fault detected,Cleared,BE5,
2025-12-30 05:03:27.286993,PV interconnect fault detected,Active,BE5,
2025-12-30 05:31:26.630188,Encapsulant fault detected,Cleared,BE16,
2025-12-30 06:22:40.744515,PV solder bond failure detected,Cleared,BE11,
2025-12-30 06:57:01.349276,Encapsulant fault detected,Active,BE16,
2025-12-30 07:34:25.658623,PV cell breakage detected,Cleared,BE10,
2025-12-30 07:52:23.876743,PV solder bond failure detected,Active,BE11,
2025-12-30 08:30:17.945997,PV cell breakage detected,Active,BE10,
2025-12-30 09:05:00.537177,PV cell breakage detected,Cleared,BE10,
2025-12-30 09:37:00.471325,PV hot spot detected,Active,BE12,
2025-12-30 09:51:28.870001,PV cell breakage detected,Cleared,BE10,
2025-12-30 09:54:01.058181,PV cell breakage detected,Active,BE10,
2025-12-30 14:47:54.924821,Encapsulant fault detected,Cleared,BE16,
2025-12-30 15:12:51.452785,PV hot spot detected,Active,BE12,
2025-12-30 15:40:47.451837,Rack structure fault detected,Active,BE15,
2025-12-30 15:48:05.193416,PV cell breakage detected,Cleared,BE10,
2025-12-30 15:48:44.066150,PV interconnect fault detected,Active,BE5,
2025-12-30 16:38:40.281740,Grounding system fault detected,Cleared,BE6,
2025-12-30 17:31:58.278988,PV solder bond failure detected,Active,BE11,
2025-12-30 18:40:22.973767,PV cell breakage detected,Active,BE10,
2025-12-30 19:01:52.947257,PV cell breakage detected,Cleared,BE10,
2025-12-30 21:32:25.452157,PV cell breakage detected,Active,BE10,
2025-12-30 22:52:32.161752,Rack structure fault detected,Cleared,BE15,
2025-12-30 23:33:25.304603,PV solder bond failure detected,Active,BE11,
2025-12-31 00:21:31.908722,Grounding system fault detected,Active,BE6,
2025-12-31 00:59:27.373971,PV solder bond failure detected,Active,BE11,
2025-12-31 02:27:51.020583,PV cell breakage detected,Cleared,BE10,
2025-12-31 02:39:30.181831,PV interconnect fault detected,Active,BE5,
2025-12-31 02:39:32.868877,Grounding system fault detected,Active,BE6,
2025-12-31 02:51:42.845692,Grounding system fault detected,Cleared,BE6,
2025-12-31 03:32:28.910407,PV cell breakage detected,Active,BE10,
2025-12-31 04:18:40.896909,PV cell breakage detected,Active,BE10,
2025-12-31 05:03:27.286993,PV interconnect fault detected,Cleared,BE5,
2025-12-31 05:55:08.138889,PV solder bond failure detected,Cleared,BE11,
2025-12-31 08:22:45.956927,PV solder bond failure detected,Active,BE11,
2025-12-31 09:35:57.893855,PV shading detected,Active,BE9,
2025-12-31 09:37:00.471325,PV hot spot detected,Cleared,BE12,
2025-12-31 09:49:50.836078,PV cell breakage detected,Active,BE10,
2025-12-31 11:11:29.986901,Rack structure fault detected,Active,BE15,
2025-12-31 11:13:34.210880,Rack structure fault detected,Cleared,BE15,
2025-12-31 12:43:32.057209,Rack structure fault detected,Active,BE15,
2025-12-31 13:05:27.608199,Rack structure fault detected,Cleared,BE15,
2025-12-31 13:06:46.306093,PV cell breakage detected,Active,BE10,
2025-12-31 14:39:55.380799,PV solder bond failure detected,Cleared,BE11,
2025-12-31 14:56:47.265991,PV solder bond failure detected,Active,BE11,
2025-12-31 15:12:51.452785,PV hot spot detected,Cleared,BE12,
2025-12-31 15:35:12.063934,PV interconnect fault detected,Active,BE5,
2025-12-31 15:48:44.066150,PV interconnect fault detected,Cleared,BE5,
2025-12-31 16:01:56.621805,MCB 1 fault detected,Active,BE3,
2025-12-31 17:04:15.095645,PV cell breakage detected,Cleared,BE10,
2025-12-31 17:35:57.893855,PV shading detected,Cleared,BE9,
2025-12-31 17:51:57.256642,PV interconnect fault detected,Active,BE5,
2025-12-31 18:23:37.836338,PV cell breakage detected,Cleared,BE10,
2025-12-31 20:44:34.060349,Rack structure fault detected,Cleared,BE15,
2025-12-31 21:09:00.406821,PV solder bond failure detected,Active,BE11,
2025-12-31 22:24:11.706814,Rack structure fault detected,Active,BE15,
2025-12-31 22:42:06.771952,Encapsulant fault detected,Active,BE16,
2025-12-31 23:08:54.705824,Rack structure fault detected,Cleared,BE15,
2026-01-01 00:21:31.908722,Grounding system fault detected,Cleared,BE6,
2026-01-01 00:32:48.222887,Grounding system fault detected,Active,BE6,
2026-01-01 01:40:31.793431,PV solder bond failure detected,Active,BE11,
2026-01-01 02:01:56.621805,MCB 1 fault detected,Cleared,BE3,
2026-01-01 02:11:20.609338,PV cell breakage detected,Cleared,BE10,
2026-01-01 02:39:30.181831,PV interconnect fault detected,Cleared,BE5,
2026-01-01 02:39:32.868877,Grounding system fault detected,Cleared,BE6,
2026-01-01 04:36:41.968695,PV cell breakage detected,Active,BE10,
2026-01-01 05:08:16.131707,PV cell breakage detected,Active,BE10,
2026-01-01 06:44:01.653144,PV solder bond failure detected,Active,BE11,
2026-01-01 06:57:01.349276,Encapsulant fault detected,Cleared,BE16,
2026-01-01 07:52:23.876743,PV solder bond failure detected,Cleared,BE11,
2026-01-01 08:30:17.945997,PV cell breakage detected,Cleared,BE10,
2026-01-01 09:28:18.203406,PV solder bond failure detected,Active,BE11,
2026-01-01 09:54:01.058181,PV cell breakage detected,Cleared,BE10,
2026-01-01 10:00:06.299360,PV cell breakage detected,Active,BE10,
2026-01-01 12:53:37.603658,PV shading detected,Active,BE9,
2026-01-01 14:23:52.822856,PV solder bond failure detected,Active,BE11,
2026-01-01 15:30:07.448131,PV cell breakage detected,Active,BE10,
2026-01-01 15:35:12.063934,PV interconnect fault detected,Cleared,BE5,
2026-01-01 15:40:47.451837,Rack structure fault detected,Cleared,BE15,
2026-01-01 15:52:41.236621,PV solder bond failure detected,Active,BE11,
2026-01-01 16:20:29.241673,MCB 2 fault detected,Active,BE4,
2026-01-01 17:31:58.278988,PV solder bond failure detected,Cleared,BE11,
2026-01-01 17:51:57.256642,PV interconnect fault detected,Cleared,BE5,
2026-01-01 18:40:22.973767,PV cell breakage detected,Cleared,BE10,
2026-01-01 19:00:28.748514,Encapsulant fault detected,Active,BE16,
2026-01-01 20:53:37.603658,PV shading detected,Cleared,BE9,
2026-01-01 21:31:20.091049,Rack structure fault detected,Active,BE15,
2026-01-01 21:32:25.452157,PV cell breakage detected,Cleared,BE10,
2026-01-01 22:55:21.918802,PV interconnect fault detected,Active,BE5,
2026-01-01 23:33:25.304603,PV solder bond failure detected,Cleared,BE11,
2026-01-02 00:32:48.222887,Grounding system fault detected,Cleared,BE6,
2026-01-02 00:59:27.373971,PV solder bond failure detected,Cleared,BE11,
2026-01-02 02:20:29.241673,MCB 2 fault detected,Cleared,BE4,
2026-01-02 02:52:40.037412,PV solder bond failure detected,Active,BE11,
2026-01-02 03:04:50.162014,PV cell breakage detected,Active,BE10,
2026-01-02 03:26:47.811848,PV shading detected,Active,BE9,
2026-01-02 03:32:28.910407,PV cell breakage detected,Cleared,BE10,
2026-01-02 04:15:35.662030,PV solder bond failure detected,Active,BE11,
2026-01-02 04:18:40.896909,PV cell breakage detected,Cleared,BE10,
2026-01-02 04:51:25.357672,PV solder bond failure detected,Active,BE11,
2026-01-02 05:20:11.690476,PV interconnect fault detected,Active,BE5,
2026-01-02 08:22:45.956927,PV solder bond failure detected,Cleared,BE11,
2026-01-02 08:42:40.908597,PV solder bond failure detected,Active,BE11,
2026-01-02 09:49:50.836078,PV cell breakage detected,Cleared,BE10,
2026-01-02 10:44:22.972690,PV cell breakage detected,Active,BE10,
2026-01-02 10:50:56.534485,PV soiling detected,Active,BE8,
2026-01-02 11:02:49.596831,PV interconnect fault detected,Active,BE5,
2026-01-02 11:11:29.986901,Rack structure fault detected,Cleared,BE15,
2026-01-02 11:26:47.811848,PV shading detected,Cleared,BE9,
2026-01-02 12:06:30.940791,PV shading detected,Active,BE9,
2026-01-02 12:43:32.057209,Rack structure fault detected,Cleared,BE15,
2026-01-02 13:06:46.306093,PV cell breakage detected,Cleared,BE10,
2026-01-02 14:56:47.265991,PV solder bond failure detected,Cleared,BE11,
2026-01-02 15:55:58.474244,PV solder bond failure detected,Active,BE11,
2026-01-02 18:50:56.534485,PV soiling detected,Cleared,BE8,
2026-01-02 19:41:46.487581,PV interconnect fault detected,Active,BE5,
2026-01-02 19:48:17.269595,PV solder bond failure detected,Active,BE11,
2026-01-02 20:06:30.940791,PV shading detected,Cleared,BE9,
2026-01-02 20:15:53.494572,PV interconnect fault detected,Active,BE5,
2026-01-02 20:21:55.458042,PV soiling detected,Active,BE8,
2026-01-02 20:36:26.760222,PV cell breakage detected,Active,BE10,
2026-01-02 21:09:00.406821,PV solder bond failure detected,Cleared,BE11,
2026-01-02 21:59:01.397190,PV solder bond failure detected,Active,BE11,
2026-01-02 22:24:11.706814,Rack structure fault detected,Cleared,BE15,
2026-01-02 22:24:52.290531,PV interconnect fault detected,Active,BE5,
2026-01-02 22:42:06.771952,Encapsulant fault detected,Cleared,BE16,
2026-01-02 22:55:21.918802,PV interconnect fault detected,Cleared,BE5,
2026-01-03 01:40:31.793431,PV solder bond failure detected,Cleared,BE11,
2026-01-03 03:28:36.770135,PV solder bond failure detected,Active,BE11,
2026-01-03 04:21:55.458042,PV soiling detected,Cleared,BE8,
2026-01-03 04:36:41.968695,PV cell breakage detected,Cleared,BE10,
2026-01-03 04:45:44.224015,PV hot spot detected,Active,BE12,
2026-01-03 05:08:16.131707,PV cell breakage detected,Cleared,BE10,
2026-01-03 05:20:11.690476,PV interconnect fault detected,Cleared,BE5,
2026-01-03 05:22:26.060164,Encapsulant fault detected,Active,BE16,
2026-01-03 06:20:34.552341,PV solder bond failure detected,Active,BE11,
2026-01-03 06:44:01.653144,PV solder bond failure detected,Cleared,BE11,
2026-01-03 07:00:17.440942,Encapsulant fault detected,Active,BE16,
2026-01-03 09:28:18.203406,PV solder bond failure detected,Cleared,BE11,
2026-01-03 10:00:06.299360,PV cell breakage detected,Cleared,BE10,
2026-01-03 10:04:03.229799,PV cell breakage detected,Active,BE10,
2026-01-03 11:02:49.596831,PV interconnect fault detected,Cleared,BE5,
2026-01-03 11:15:52.830324,Rack structure fault detected,Active,BE15,
2026-01-03 11:17:24.816285,PV shading detected,Active,BE9,
2026-01-03 12:52:52.586838,PV shading detected,Active,BE9,
2026-01-03 13:17:42.328433,PV hot spot detected,Active,BE12,
2026-01-03 14:14:53.953954,PV interconnect fault detected,Active,BE5,
2026-01-03 14:23:52.822856,PV solder bond failure detected,Cleared,BE11,
2026-01-03 15:16:11.752918,PV interconnect fault detected,Active,BE5,
2026-01-03 15:30:07.448131,PV cell breakage detected,Cleared,BE10,
2026-01-03 15:52:41.236621,PV solder bond failure detected,Cleared,BE11,
2026-01-03 19:00:28.748514,Encapsulant fault detected,Cleared,BE16,
2026-01-03 19:17:24.816285,PV shading detected,Cleared,BE9,
2026-01-03 19:41:46.487581,PV interconnect fault detected,Cleared,BE5,
2026-01-03 20:15:53.494572,PV interconnect fault detected,Cleared,BE5,
2026-01-03 20:52:52.586838,PV shading detected,Cleared,BE9,
2026-01-03 21:08:55.798378,Rack structure fault detected,Active,BE15,
2026-01-03 21:31:20.091049,Rack structure fault detected,Cleared,BE15,
2026-01-03 22:24:52.290531,PV interconnect fault detected,Cleared,BE5,
2026-01-04 00:30:27.446744,PV solder bond failure detected,Active,BE11,
2026-01-04 02:11:39.506918,PV interconnect fault detected,Active,BE5,
2026-01-04 02:52:40.037412,PV solder bond failure detected,Cleared,BE11,
2026-01-04 03:04:50.162014,PV cell breakage detected,Cleared,BE10,
2026-01-04 03:50:35.199311,PV cell breakage detected,Active,BE10,
2026-01-04 04:15:35.662030,PV solder bond failure detected,Cleared,BE11,
2026-01-04 04:45:44.224015,PV hot spot detected,Cleared,BE12,
2026-01-04 04:51:25.357672,PV solder bond failure detected,Cleared,BE11,
2026-01-04 05:31:18.231752,PV interconnect fault detected,Active,BE5,
2026-01-04 05:54:50.673986,PV hot spot detected,Active,BE12,
2026-01-04 06:38:36.698760,PV shading detected,Active,BE9,
2026-01-04 07:13:17.587058,PV cell breakage detected,Active,BE10,
2026-01-04 08:09:30.969969,PV shading detected,Active,BE9,
2026-01-04 08:42:40.908597,PV solder bond failure detected,Cleared,BE11,
2026-01-04 10:44:22.972690,PV cell breakage detected,Cleared,BE10,
2026-01-04 11:21:03.008642,PV interconnect fault detected,Active,BE5,
2026-01-04 13:17:42.328433,PV hot spot detected,Cleared,BE12,
2026-01-04 14:08:50.881459,PV cell breakage detected,Active,BE10,
2026-01-04 14:14:53.953954,PV interconnect fault detected,Cleared,BE5,
2026-01-04 14:38:36.698760,PV shading detected,Cleared,BE9,
2026-01-04 15:16:11.752918,PV interconnect fault detected,Cleared,BE5,
2026-01-04 15:22:38.846598,PV interconnect fault detected,Active,BE5,
2026-01-04 15:55:58.474244,PV solder bond failure detected,Cleared,BE11,
2026-01-04 16:09:30.969969,PV shading detected,Cleared,BE9,
2026-01-04 17:43:08.890746,PV solder bond failure detected,Active,BE11,
2026-01-04 18:08:07.543340,Encapsulant fault detected,Active,BE16,
2026-01-04 19:48:17.269595,PV solder bond failure detected,Cleared,BE11,
2026-01-04 20:34:23.037139,PV interconnect fault detected,Active,BE5,
2026-01-04 20:36:26.760222,PV cell breakage detected,Cleared,BE10,
2026-01-04 21:59:01.397190,PV solder bond failure detected,Cleared,BE11,
2026-01-04 22:24:44.974042,PV solder bond failure detected,Active,BE11,
2026-01-05 00:55:02.776427,Encapsulant fault detected,Active,BE16,
2026-01-05 01:05:04.123816,PV solder bond failure detected,Active,BE11,
2026-01-05 02:07:24.244535,PV shading detected,Active,BE9,
2026-01-05 02:11:39.506918,PV interconnect fault detected,Cleared,BE5,
2026-01-05 03:28:36.770135,PV solder bond failure detected,Cleared,BE11,
2026-01-05 04:21:48.140536,Encapsulant fault detected,Active,BE16,
2026-01-05 05:22:26.060164,Encapsulant fault detected,Cleared,BE16,
2026-01-05 05:31:18.231752,PV interconnect fault detected,Cleared,BE5,
2026-01-05 05:47:23.272254,PV shading detected,Active,BE9,
2026-01-05 05:54:50.673986,PV hot spot detected,Cleared,BE12,
2026-01-05 06:20:34.552341,PV solder bond failure detected,Cleared,BE11,
2026-01-05 06:35:21.247881,PV cell breakage detected,Active,BE10,
2026-01-05 07:00:17.440942,Encapsulant fault detected,Cleared,BE16,
2026-01-05 09:09:48.647477,Encapsulant fault detected,Active,BE16,
2026-01-05 10:04:03.229799,PV cell breakage detected,Cleared,BE10,
2026-01-05 10:04:10.979602,PV solder bond failure detected,Active,BE11,
2026-01-05 10:07:24.244535,PV shading detected,Cleared,BE9,
2026-01-05 10:19:16.519436,PV solder bond failure detected,Active,BE11,
2026-01-05 11:15:52.830324,Rack structure fault detected,Cleared,BE15,
2026-01-05 11:21:03.008642,PV interconnect fault detected,Cleared,BE5,
2026-01-05 11:34:47.036571,PV interconnect fault detected,Active,BE5,
2026-01-05 13:47:23.272254,PV shading detected,Cleared,BE9,
2026-01-05 14:19:09.743920,Rack structure fault detected,Active,BE15,
2026-01-05 14:39:05.636106,PV solder bond failure detected,Active,BE11,
2026-01-05 15:22:38.846598,PV interconnect fault detected,Cleared,BE5,
2026-01-05 15:44:50.080809,PV interconnect fault detected,Active,BE5,
2026-01-05 17:24:30.700234,PV solder bond failure detected,Active,BE11,
2026-01-05 18:39:31.640494,Encapsulant fault detected,Active,BE16,
2026-01-05 20:34:23.037139,PV interconnect fault detected,Cleared,BE5,
2026-01-05 21:08:55.798378,Rack structure fault detected,Cleared,BE15,
2026-01-05 23:44:01.493732,Encapsulant fault detected,Active,BE16,
2026-01-06 00:30:27.446744,PV solder bond failure detected,Cleared,BE11,
2026-01-06 00:50:36.194737,Rack structure fault detected,Active,BE15,
2026-01-06 01:37:29.379988,PV interconnect fault detected,Active,BE5,
2026-01-06 03:50:35.199311,PV cell breakage detected,Cleared,BE10,
2026-01-06 05:36:41.311498,PV shading detected,Active,BE9,
2026-01-06 06:30:51.863080,Encapsulant fault detected,Active,BE16,
2026-01-06 07:13:17.587058,PV cell breakage detected,Cleared,BE10,
2026-01-06 07:43:06.302878,Rack structure fault detected,Active,BE15,
2026-01-06 09:03:29.814707,Encapsulant fault detected,Active,BE16,
2026-01-06 09:15:54.051762,PV interconnect fault detected,Active,BE5,
2026-01-06 10:26:20.848714,PV solder bond failure detected,Active,BE11,
2026-01-06 10:31:13.197893,PV solder bond failure detected,Active,BE11,
2026-01-06 11:34:47.036571,PV interconnect fault detected,Cleared,BE5,
2026-01-06 13:36:41.311498,PV shading detected,Cleared,BE9,
2026-01-06 14:08:50.881459,PV cell breakage detected,Cleared,BE10,
2026-01-06 15:13:12.638399,Encapsulant fault detected,Active,BE16,
2026-01-06 15:14:40.576830,PV hot spot detected,Active,BE12,
2026-01-06 15:44:50.080809,PV interconnect fault detected,Cleared,BE5,
2026-01-06 15:55:56.839040,PV solder bond failure detected,Active,BE11,
2026-01-06 17:43:08.890746,PV solder bond failure detected,Cleared,BE11,
2026-01-06 18:08:07.543340,Encapsulant fault detected,Cleared,BE16,
2026-01-06 22:08:42.814447,PV interconnect fault detected,Active,BE5,
2026-01-06 22:24:44.974042,PV solder bond failure detected,Cleared,BE11,
2026-01-06 23:24:43.147891,PV cell breakage detected,Active,BE10,
2026-01-07 00:55:02.776427,Encapsulant fault detected,Cleared,BE16,
2026-01-07 01:00:31.115592,PV solder bond failure detected,Active,BE11,
2026-01-07 01:05:04.123816,PV solder bond failure detected,Cleared,BE11,
2026-01-07 01:37:29.379988,PV interconnect fault detected,Cleared,BE5,
2026-01-07 04:21:48.140536,Encapsulant fault detected,Cleared,BE16,
2026-01-07 05:28:17.315338,PV solder bond failure detected,Active,BE11,
2026-01-07 06:04:18.568943,PV solder bond failure detected,Active,BE11,
2026-01-07 06:07:12.349228,Encapsulant fault detected,Active,BE16,
2026-01-07 06:35:21.247881,PV cell breakage detected,Cleared,BE10,
2026-01-07 08:25:07.048906,Grounding system fault detected,Active,BE6,
2026-01-07 09:09:48.647477,Encapsulant fault detected,Cleared,BE16,
2026-01-07 09:15:54.051762,PV interconnect fault detected,Cleared,BE5,
2026-01-07 09:25:37.391682,Grounding system fault detected,Active,BE6,
2026-01-07 09:34:43.192949,Rack structure fault detected,Active,BE15,
2026-01-07 10:04:10.979602,PV solder bond failure detected,Cleared,BE11,
2026-01-07 10:19:16.519436,PV solder bond failure detected,Cleared,BE11,
2026-01-07 14:19:09.743920,Rack structure fault detected,Cleared,BE15,
2026-01-07 14:22:28.583848,PV shading detected,Active,BE9,
2026-01-07 14:39:05.636106,PV solder bond failure detected,Cleared,BE11,
2026-01-07 15:14:40.576830,PV hot spot detected,Cleared,BE12,
2026-01-07 16:12:19.178516,PV shading detected,Active,BE9,
2026-01-07 16:21:01.876327,Encapsulant fault detected,Active,BE16,
2026-01-07 17:24:30.700234,PV solder bond failure detected,Cleared,BE11,
2026-01-07 18:39:31.640494,Encapsulant fault detected,Cleared,BE16,
2026-01-07 18:53:44.436124,Rack structure fault detected,Active,BE15,
2026-01-07 19:10:08.639567,PV cell breakage detected,Active,BE10,
2026-01-07 22:08:42.814447,PV interconnect fault detected,Cleared,BE5,
2026-01-07 22:22:28.583848,PV shading detected,Cleared,BE9,
2026-01-07 23:15:49.994494,PV shading detected,Active,BE9,
2026-01-07 23:20:01.660116,PV cell breakage detected,Active,BE10,
2026-01-07 23:44:01.493732,Encapsulant fault detected,Cleared,BE16,
2026-01-07 23:49:11.195603,Encapsulant fault detected,Active,BE16,
2026-01-08 00:12:19.178516,PV shading detected,Cleared,BE9,
2026-01-08 00:50:36.194737,Rack structure fault detected,Cleared,BE15,
2026-01-08 01:16:51.808599,PV cell breakage detected,Active,BE10,
2026-01-08 03:39:14.034803,Rack structure fault detected,Active,BE15,
2026-01-08 06:13:44.261855,PV solder bond failure detected,Active,BE11,
2026-01-08 06:30:51.863080,Encapsulant fault detected,Cleared,BE16,
2026-01-08 06:47:31.395192,PV interconnect fault detected,Active,BE5,
2026-01-08 07:11:26.724691,PV soiling detected,Active,BE8,
2026-01-08 07:15:49.994494,PV shading detected,Cleared,BE9,
2026-01-08 07:18:33.646915,PV cell breakage detected,Active,BE10,
2026-01-08 07:43:06.302878,Rack structure fault detected,Cleared,BE15,
2026-01-08 08:25:07.048906,Grounding system fault detected,Cleared,BE6,
2026-01-08 09:03:29.814707,Encapsulant fault detected,Cleared,BE16,
2026-01-08 09:25:37.391682,Grounding system fault detected,Cleared,BE6,
2026-01-08 10:26:20.848714,PV solder bond failure detected,Cleared,BE11,
2026-01-08 10:31:13.197893,PV solder bond failure detected,Cleared,BE11,
2026-01-08 10:46:54.224689,Cable aging fault detected,Active,BE18,
2026-01-08 11:08:13.381595,PV solder bond failure detected,Active,BE11,
2026-01-08 12:53:55.884946,Rack structure fault detected,Active,BE15,
2026-01-08 14:46:54.224689,Cable aging fault detected,Cleared,BE18,
2026-01-08 15:11:26.724691,PV soiling detected,Cleared,BE8,
2026-01-08 15:13:12.638399,Encapsulant fault detected,Cleared,BE16,
2026-01-08 15:55:56.839040,PV solder bond failure detected,Cleared,BE11,
2026-01-08 17:32:30.825355,PV solder bond failure detected,Active,BE11,
2026-01-08 19:21:27.136264,PV solder bond failure detected,Active,BE11,
2026-01-08 19:26:51.090629,PV cell breakage detected,Active,BE10,
2026-01-08 22:22:55.023756,PV interconnect fault detected,Active,BE5,
2026-01-08 23:24:43.147891,PV cell breakage detected,Cleared,BE10,
2026-01-08 23:48:01.989114,PV solder bond failure detected,Active,BE11,
2026-01-08 23:53:36.625054,Encapsulant fault detected,Active,BE16,
2026-01-09 01:00:31.115592,PV solder bond failure detected,Cleared,BE11,
2026-01-09 01:14:32.709426,PV interconnect fault detected,Active,BE5,
2026-01-09 01:31:54.416534,PV cell breakage detected,Active,BE10,
2026-01-09 01:37:00.780866,PV interconnect fault detected,Active,BE5,
2026-01-09 03:34:14.689041,PV solder bond failure detected,Active,BE11,
2026-01-09 04:05:39.397854,PV solder bond failure detected,Active,BE11,
2026-01-09 04:50:56.438813,PV solder bond failure detected,Active,BE11,
2026-01-09 05:12:44.155419,PV interconnect fault detected,Active,BE5,
2026-01-09 05:28:17.315338,PV solder bond failure detected,Cleared,BE11,
2026-01-09 06:04:18.568943,PV solder bond failure detected,Cleared,BE11,
2026-01-09 06:07:12.349228,Encapsulant fault detected,Cleared,BE16,
2026-01-09 06:23:35.808023,MCB 1 fault detected,Active,BE3,
2026-01-09 06:47:31.395192,PV interconnect fault detected,Cleared,BE5,
2026-01-09 07:27:05.844990,PV cell breakage detected,Active,BE10,
2026-01-09 09:34:43.192949,Rack structure fault detected,Cleared,BE15,
2026-01-09 12:06:52.131379,Diode fault detected,Active,BE13,
2026-01-09 13:57:58.769050,PV hot spot detected,Active,BE12,
2026-01-09 14:37:53.570251,Rack structure fault detected,Active,BE15,
2026-01-09 15:53:54.821456,PV interconnect fault detected,Active,BE5,
2026-01-09 16:21:01.876327,Encapsulant fault detected,Cleared,BE16,
2026-01-09 16:23:35.808023,MCB 1 fault detected,Cleared,BE3,
2026-01-09 16:31:21.429035,PV interconnect fault detected,Active,BE5,
2026-01-09 17:04:03.455984,PV solder bond failure detected,Active,BE11,
2026-01-09 18:53:44.436124,Rack structure fault detected,Cleared,BE15,
2026-01-09 18:54:41.787440,PV solder bond failure detected,Active,BE11,
2026-01-09 19:10:08.639567,PV cell breakage detected,Cleared,BE10,
2026-01-09 20:02:24.403706,PV soiling detected,Active,BE8,
2026-01-09 20:17:38.494123,PV shading detected,Active,BE9,
2026-01-09 20:22:11.956899,PV solder bond failure detected,Active,BE11,
2026-01-09 22:22:55.023756,PV interconnect fault detected,Cleared,BE5,
2026-01-09 23:20:01.660116,PV cell breakage detected,Cleared,BE10,
2026-01-09 23:47:19.264820,PV cell breakage detected,Active,BE10,
2026-01-09 23:49:11.195603,Encapsulant fault detected,Cleared,BE16,
2026-01-10 00:37:48.916525,PV interconnect fault detected,Active,BE5,
2026-01-10 01:05:51.910670,PV solder bond failure detected,Active,BE11,
2026-01-10 01:14:32.709426,PV interconnect fault detected,Cleared,BE5,
2026-01-10 01:16:51.808599,PV cell breakage detected,Cleared,BE10,
2026-01-10 01:37:00.780866,PV interconnect fault detected,Cleared,BE5,
2026-01-10 03:39:14.034803,Rack structure fault detected,Cleared,BE15,
2026-01-10 03:47:58.981088,PV shading detected,Active,BE9,
2026-01-10 03:48:39.430732,PV cell breakage detected,Active,BE10,
2026-01-10 04:02:24.403706,PV soiling detected,Cleared,BE8,
2026-01-10 04:17:38.494123,PV shading detected,Cleared,BE9,
2026-01-10 05:12:44.155419,PV interconnect fault detected,Cleared,BE5,
2026-01-10 06:13:44.261855,PV solder bond failure detected,Cleared,BE11,
2026-01-10 07:18:33.646915,PV cell breakage detected,Cleared,BE10,
2026-01-10 10:56:40.979883,PV solder bond failure detected,Active,BE11,
2026-01-10 11:08:13.381595,PV solder bond failure detected,Cleared,BE11,
2026-01-10 11:22:05.462908,PV interconnect fault detected,Active,BE5,
2026-01-10 11:22:29.156982,PV solder bond failure detected,Active,BE11,
2026-01-10 11:47:58.981088,PV shading detected,Cleared,BE9,
2026-01-10 12:06:52.131379,Diode fault detected,Cleared,BE13,
2026-01-10 12:53:55.884946,Rack structure fault detected,Cleared,BE15,
2026-01-10 13:57:58.769050,PV hot spot detected,Cleared,BE12,
2026-01-10 14:34:01.620360,Grounding system fault detected,Active,BE6,
2026-01-10 15:05:44.848966,Rack structure fault detected,Active,BE15,
2026-01-10 15:11:11.609874,Encapsulant fault detected,Active,BE16,
2026-01-10 15:53:54.821456,PV interconnect fault detected,Cleared,BE5,
2026-01-10 16:10:37.457714,PV interconnect fault detected,Active,BE5,
2026-01-10 16:31:21.429035,PV interconnect fault detected,Cleared,BE5,
2026-01-10 17:09:27.884650,PV solder bond failure detected,Active,BE11,
2026-01-10 17:32:30.825355,PV solder bond failure detected,Cleared,BE11,
2026-01-10 18:00:40.995471,PV solder bond failure detected,Active,BE11,
2026-01-10 18:15:40.205438,PV solder bond failure detected,Active,BE11,
2026-01-10 18:37:32.034894,PV solder bond failure detected,Active,BE11,
2026-01-10 19:21:27.136264,PV solder bond failure detected,Cleared,BE11,
2026-01-10 19:26:51.090629,PV cell breakage detected,Cleared,BE10,
2026-01-10 19:37:02.170254,PV hot spot detected,Active,BE12,
2026-01-10 21:25:51.990017,PV cell breakage detected,Active,BE10,
2026-01-10 22:11:01.370163,Rack structure fault detected,Active,BE15,
2026-01-10 23:48:01.989114,PV solder bond failure detected,Cleared,BE11,
2026-01-10 23:53:36.625054,Encapsulant fault detected,Cleared,BE16,
2026-01-11 00:37:48.916525,PV interconnect fault detected,Cleared,BE5,
2026-01-11 01:13:42.446010,Grounding system fault detected,Active,BE6,
2026-01-11 01:31:54.416534,PV cell breakage detected,Cleared,BE10,
2026-01-11 02:06:53.284577,PV cell breakage detected,Active,BE10,
2026-01-11 02:26:00.844167,PV shading detected,Active,BE9,
2026-01-11 03:34:14.689041,PV solder bond failure detected,Cleared,BE11,
2026-01-11 03:44:41.859011,Rack structure fault detected,Active,BE15,
2026-01-11 04:05:39.397854,PV solder bond failure detected,Cleared,BE11,
2026-01-11 04:50:56.438813,PV solder bond failure detected,Cleared,BE11,
2026-01-11 05:40:58.468214,PV cell breakage detected,Active,BE10,
2026-01-11 06:42:31.185532,PV solder bond failure detected,Active,BE11,
2026-01-11 07:27:05.844990,PV cell breakage detected,Cleared,BE10,
2026-01-11 07:33:10.293082,PV solder bond failure detected,Active,BE11,
2026-01-11 07:51:48.845955,PV solder bond failure detected,Active,BE11,
2026-01-11 09:35:45.966613,PV interconnect fault detected,Active,BE5,
2026-01-11 10:26:00.844167,PV shading detected,Cleared,BE9,
2026-01-11 10:55:42.516178,PV interconnect fault detected,Active,BE5,
2026-01-11 11:06:35.904740,PV cell breakage detected,Active,BE10,
2026-01-11 11:22:05.462908,PV interconnect fault detected,Cleared,BE5,
2026-01-11 11:44:15.524567,PV solder bond failure detected,Active,BE11,
2026-01-11 11:51:06.367488,PV interconnect fault detected,Active,BE5,
2026-01-11 12:31:48.941541,PV shading detected,Active,BE9,
2026-01-11 13:02:00.484023,Rack structure fault detected,Active,BE15,
2026-01-11 14:34:01.620360,Grounding system fault detected,Cleared,BE6,
2026-01-11 14:37:53.570251,Rack structure fault detected,Cleared,BE15,
2026-01-11 15:59:25.935105,Encapsulant fault detected,Active,BE16,
2026-01-11 16:10:37.457714,PV interconnect fault detected,Cleared,BE5,
2026-01-11 17:04:03.455984,PV solder bond failure detected,Cleared,BE11,
2026-01-11 17:52:37.962412,PV shading detected,Active,BE9,
2026-01-11 18:54:41.787440,PV solder bond failure detected,Cleared,BE11,
2026-01-11 19:37:02.170254,PV hot spot detected,Cleared,BE12,
2026-01-11 20:22:11.956899,PV solder bond failure detected,Cleared,BE11,
2026-01-11 20:31:48.941541,PV shading detected,Cleared,BE9,
2026-01-11 21:42:06.703191,PV shading detected,Active,BE9,
2026-01-11 23:04:08.134464,Encapsulant fault detected,Active,BE16,
2026-01-11 23:47:19.264820,PV cell breakage detected,Cleared,BE10,
2026-01-12 00:00:04.081016,PV cell breakage detected,Active,BE10,
2026-01-12 00:13:53.915514,PV solder bond failure detected,Active,BE11,
2026-01-12 00:17:00.453083,PV shading detected,Active,BE9,
2026-01-12 00:41:57.454074,Rack structure fault detected,Active,BE15,
2026-01-12 01:05:51.910670,PV solder bond failure detected,Cleared,BE11,
2026-01-12 01:12:32.403929,PV cell breakage detected,Active,BE10,
2026-01-12 01:13:42.446010,Grounding system fault detected,Cleared,BE6,
2026-01-12 01:52:37.962412,PV shading detected,Cleared,BE9,
2026-01-12 02:16:42.536009,PV solder bond failure detected,Active,BE11,
2026-01-12 03:10:12.845282,PV cell breakage detected,Active,BE10,
2026-01-12 03:14:58.172178,PV interconnect fault detected,Active,BE5,
2026-01-12 03:48:39.430732,PV cell breakage detected,Cleared,BE10,
2026-01-12 04:26:01.965426,Rack structure fault detected,Active,BE15,
2026-01-12 05:42:06.703191,PV shading detected,Cleared,BE9,
2026-01-12 05:57:41.874250,PV solder bond failure detected,Active,BE11,
2026-01-12 06:14:08.213787,PV solder bond failure detected,Active,BE11,
2026-01-12 08:17:00.453083,PV shading detected,Cleared,BE9,
2026-01-12 09:17:13.779877,PV hot spot detected,Active,BE12,
2026-01-12 09:35:45.966613,PV interconnect fault detected,Cleared,BE5,
2026-01-12 09:46:37.919966,Fuse installation fault detected,Active,BE2,
2026-01-12 10:14:41.211137,PV solder bond failure detected,Active,BE11,
2026-01-12 10:55:42.516178,PV interconnect fault detected,Cleared,BE5,
2026-01-12 10:56:40.979883,PV solder bond failure detected,Cleared,BE11,
2026-01-12 11:20:11.798845,PV interconnect fault detected,Active,BE5,
2026-01-12 11:22:29.156982,PV solder bond failure detected,Cleared,BE11,
2026-01-12 11:51:06.367488,PV interconnect fault detected,Cleared,BE5,
2026-01-12 13:46:37.919966,Fuse installation fault detected,Cleared,BE2,
2026-01-12 14:27:02.582311,Fuse aging fault detected,Active,BE1,
2026-01-12 15:05:44.848966,Rack structure fault detected,Cleared,BE15,
2026-01-12 15:11:11.609874,Encapsulant fault detected,Cleared,BE16,
2026-01-12 16:02:26.044037,PV solder bond failure detected,Active,BE11,
2026-01-12 16:35:10.149733,PV shading detected,Active,BE9,
2026-01-12 17:09:27.884650,PV solder bond failure detected,Cleared,BE11,
2026-01-12 18:00:40.995471,PV solder bond failure detected,Cleared,BE11,
2026-01-12 18:15:40.205438,PV solder bond failure detected,Cleared,BE11,
2026-01-12 18:17:43.462643,PV hot spot detected,Active,BE12,
2026-01-12 18:27:02.582311,Fuse aging fault detected,Cleared,BE1,
2026-01-12 18:37:32.034894,PV solder bond failure detected,Cleared,BE11,
2026-01-12 18:59:03.271717,Grounding system fault detected,Active,BE6,
2026-01-12 21:25:51.990017,PV cell breakage detected,Cleared,BE10,
2026-01-12 21:43:49.528987,PV solder bond failure detected,Active,BE11,
2026-01-12 22:08:20.010575,PV shading detected,Active,BE9,
2026-01-12 22:11:01.370163,Rack structure fault detected,Cleared,BE15,
2026-01-12 23:00:14.863684,Encapsulant fault detected,Active,BE16,
2026-01-13 00:26:52.863574,PV solder bond failure detected,Active,BE11,
2026-01-13 00:35:10.149733,PV shading detected,Cleared,BE9,
2026-01-13 01:07:10.635259,PV interconnect fault detected,Active,BE5,
2026-01-13 01:53:46.523078,Encapsulant fault detected,Active,BE16,
2026-01-13 02:06:09.920912,Rack structure fault detected,Active,BE15,
2026-01-13 02:06:53.284577,PV cell breakage detected,Cleared,BE10,
2026-01-13 02:59:51.171543,PV solder bond failure detected,Active,BE11,
2026-01-13 03:14:58.172178,PV interconnect fault detected,Cleared,BE5,
2026-01-13 03:44:41.859011,Rack structure fault detected,Cleared,BE15,
2026-01-13 03:45:20.763387,PV solder bond failure detected,Active,BE11,
2026-01-13 04:20:45.110722,Encapsulant fault detected,Active,BE16,
2026-01-13 05:40:58.468214,PV cell breakage detected,Cleared,BE10,
2026-01-13 06:08:20.010575,PV shading detected,Cleared,BE9,
2026-01-13 06:16:29.130532,PV shading detected,Active,BE9,
2026-01-13 06:18:02.766759,PV cell breakage detected,Active,BE10,
2026-01-13 06:42:31.185532,PV solder bond failure detected,Cleared,BE11,
2026-01-13 06:49:43.834508,PV solder bond failure detected,Active,BE11,
2026-01-13 07:32:01.003971,PV solder bond failure detected,Active,BE11,
2026-01-13 07:33:10.293082,PV solder bond failure detected,Cleared,BE11,
2026-01-13 07:51:48.845955,PV solder bond failure detected,Cleared,BE11,
2026-01-13 07:51:52.507562,PV interconnect fault detected,Active,BE5,
2026-01-13 08:01:53.123137,PV cell breakage detected,Active,BE10,
2026-01-13 09:17:13.779877,PV hot spot detected,Cleared,BE12,
2026-01-13 11:06:35.904740,PV cell breakage detected,Cleared,BE10,
2026-01-13 11:12:30.646020,PV interconnect fault detected,Active,BE5,
2026-01-13 11:14:42.103027,Rack structure fault detected,Active,BE15,
2026-01-13 11:20:11.798845,PV interconnect fault detected,Cleared,BE5,
2026-01-13 11:44:15.524567,PV solder bond failure detected,Cleared,BE11,
2026-01-13 11:47:08.972426,Encapsulant fault detected,Active,BE16,
2026-01-13 12:36:13.048771,MCB 2 fault detected,Active,BE4,
2026-01-13 13:02:00.484023,Rack structure fault detected,Cleared,BE15,
2026-01-13 13:58:42.006480,PV shading detected,Active,BE9,
2026-01-13 14:16:29.130532,PV shading detected,Cleared,BE9,
2026-01-13 15:33:12.183702,PV cell breakage detected,Active,BE10,
2026-01-13 15:59:25.935105,Encapsulant fault detected,Cleared,BE16,
2026-01-13 16:49:17.856202,Rack structure fault detected,Active,BE15,
2026-01-13 17:19:05.906889,PV solder bond failure detected,Active,BE11,
2026-01-13 18:17:43.462643,PV hot spot detected,Cleared,BE12,
2026-01-13 18:22:16.535826,Rack structure fault detected,Active,BE15,
2026-01-13 18:59:03.271717,Grounding system fault detected,Cleared,BE6,
2026-01-13 21:58:42.006480,PV shading detected,Cleared,BE9,
2026-01-13 22:06:53.991294,Rack structure fault detected,Active,BE15,
2026-01-13 22:36:13.048771,MCB 2 fault detected,Cleared,BE4,
2026-01-13 23:04:08.134464,Encapsulant fault detected,Cleared,BE16,
2026-01-13 23:19:08.514051,PV cell breakage detected,Active,BE10,
2026-01-13 23:45:46.491256,PV shading detected,Active,BE9,
2026-01-14 00:00:04.081016,PV cell breakage detected,Cleared,BE10,
2026-01-14 00:13:53.915514,PV solder bond failure detected,Cleared,BE11,
2026-01-14 00:41:57.454074,Rack structure fault detected,Cleared,BE15,
2026-01-14 01:07:10.635259,PV interconnect fault detected,Cleared,BE5,
2026-01-14 01:12:32.403929,PV cell breakage detected,Cleared,BE10,
2026-01-14 02:06:26.296308,Grounding system fault detected,Active,BE6,
2026-01-14 02:16:42.536009,PV solder bond failure detected,Cleared,BE11,
2026-01-14 03:10:12.845282,PV cell breakage detected,Cleared,BE10,
2026-01-14 04:26:01.965426,Rack structure fault detected,Cleared,BE15,
2026-01-14 05:21:05.020877,PV cell breakage detected,Active,BE10,
2026-01-14 05:57:41.874250,PV solder bond failure detected,Cleared,BE11,
2026-01-14 06:03:58.401909,PV hot spot detected,Active,BE12,
2026-01-14 06:14:08.213787,PV solder bond failure detected,Cleared,BE11,
2026-01-14 07:25:09.101279,PV interconnect fault detected,Active,BE5,
2026-01-14 07:45:46.491256,PV shading detected,Cleared,BE9,
2026-01-14 07:51:52.507562,PV interconnect fault detected,Cleared,BE5,
2026-01-14 10:14:41.211137,PV solder bond failure detected,Cleared,BE11,
2026-01-14 11:12:30.646020,PV interconnect fault detected,Cleared,BE5,
2026-01-14 11:49:48.193758,MCB 1 fault detected,Active,BE3,
2026-01-14 14:37:59.482707,PV cell breakage detected,Active,BE10,
2026-01-14 16:02:26.044037,PV solder bond failure detected,Cleared,BE11,
2026-01-14 16:06:44.966709,PV solder bond failure detected,Active,BE11,
2026-01-14 16:42:38.084804,Encapsulant fault detected,Active,BE16,
2026-01-14 16:58:30.900903,PV cell breakage detected,Active,BE10,
2026-01-14 19:11:24.222458,Grounding system fault detected,Active,BE6,
2026-01-14 21:40:20.709059,Encapsulant fault detected,Active,BE16,
2026-01-14 21:43:49.528987,PV solder bond failure detected,Cleared,BE11,
2026-01-14 21:49:48.193758,MCB 1 fault detected,Cleared,BE3,
2026-01-14 22:34:01.415625,PV shading detected,Active,BE9,
2026-01-14 22:49:07.602557,Encapsulant fault detected,Active,BE16,
2026-01-14 23:00:14.863684,Encapsulant fault detected,Cleared,BE16,
2026-01-15 00:11:23.897313,PV cell breakage detected,Active,BE10,
2026-01-15 00:26:52.863574,PV solder bond failure detected,Cleared,BE11,
2026-01-15 01:17:47.327827,Encapsulant fault detected,Active,BE16,
2026-01-15 01:53:46.523078,Encapsulant fault detected,Cleared,BE16,
2026-01-15 02:06:09.920912,Rack structure fault detected,Cleared,BE15,
2026-01-15 02:06:26.296308,Grounding system fault detected,Cleared,BE6,
2026-01-15 02:24:31.721021,PV interconnect fault detected,Active,BE5,
2026-01-15 02:59:51.171543,PV solder bond failure detected,Cleared,BE11,
2026-01-15 03:45:20.763387,PV solder bond failure detected,Cleared,BE11,
2026-01-15 04:20:45.110722,Encapsulant fault detected,Cleared,BE16,
2026-01-15 04:21:53.204264,PV cell breakage detected,Active,BE10,
2026-01-15 06:03:58.401909,PV hot spot detected,Cleared,BE12,
2026-01-15 06:18:02.766759,PV cell breakage detected,Cleared,BE10,
2026-01-15 06:34:01.415625,PV shading detected,Cleared,BE9,
2026-01-15 06:49:43.834508,PV solder bond failure detected,Cleared,BE11,
2026-01-15 07:25:09.101279,PV interconnect fault detected,Cleared,BE5,
2026-01-15 07:32:01.003971,PV solder bond failure detected,Cleared,BE11,
2026-01-15 08:01:53.123137,PV cell breakage detected,Cleared,BE10,
2026-01-15 11:14:42.103027,Rack structure fault detected,Cleared,BE15,
2026-01-15 11:47:08.972426,Encapsulant fault detected,Cleared,BE16,
2026-01-15 14:05:03.442323,PV cell breakage detected,Active,BE10,
2026-01-15 15:00:46.488656,Rack structure fault detected,Active,BE15,
2026-01-15 15:26:59.028506,PV cell breakage detected,Active,BE10,
2026-01-15 15:33:12.183702,PV cell breakage detected,Cleared,BE10,
2026-01-15 15:42:38.257471,PV solder bond failure detected,Active,BE11,
2026-01-15 16:25:58.904839,PV interconnect fault detected,Active,BE5,
2026-01-15 16:49:17.856202,Rack structure fault detected,Cleared,BE15,
2026-01-15 17:19:05.906889,PV solder bond failure detected,Cleared,BE11,
2026-01-15 18:22:16.535826,Rack structure fault detected,Cleared,BE15,
2026-01-15 19:11:24.222458,Grounding system fault detected,Cleared,BE6,
2026-01-15 20:00:21.149296,Rack structure fault detected,Active,BE15,
2026-01-15 20:11:16.079945,PV interconnect fault detected,Active,BE5,
2026-01-15 22:06:53.991294,Rack structure fault detected,Cleared,BE15,
2026-01-15 22:32:34.787400,Rack structure fault detected,Active,BE15,
2026-01-15 22:33:35.986316,Grounding system fault detected,Active,BE6,
2026-01-15 23:02:14.235441,PV cell breakage detected,Active,BE10,
2026-01-15 23:19:08.514051,PV cell breakage detected,Cleared,BE10,
2026-01-16 00:52:29.806765,PV cell breakage detected,Active,BE10,
2026-01-16 02:24:31.721021,PV interconnect fault detected,Cleared,BE5,
2026-01-16 03:48:15.424182,PV cell breakage detected,Active,BE10,
2026-01-16 05:10:50.700543,PV solder bond failure detected,Active,BE11,
2026-01-16 05:21:05.020877,PV cell breakage detected,Cleared,BE10,
2026-01-16 06:01:04.133107,PV cell breakage detected,Active,BE10,
2026-01-16 06:44:00.372699,PV interconnect fault detected,Active,BE5,
2026-01-16 07:00:45.297359,Rack structure fault detected,Active,BE15,
2026-01-16 07:49:43.447302,PV cell breakage detected,Active,BE10,
2026-01-16 11:21:21.924803,PV solder bond failure detected,Active,BE11,
2026-01-16 11:37:59.219736,Encapsulant fault detected,Active,BE16,
2026-01-16 12:01:36.116341,PV interconnect fault detected,Active,BE5,
2026-01-16 12:02:41.440648,Rack structure fault detected,Active,BE15,
2026-01-16 12:32:08.957560,Rack structure fault detected,Active,BE15,
2026-01-16 13:09:43.381643,PV interconnect fault detected,Active,BE5,
2026-01-16 13:50:58.677989,PV soiling detected,Active,BE8,
2026-01-16 14:37:59.482707,PV cell breakage detected,Cleared,BE10,
2026-01-16 16:06:44.966709,PV solder bond failure detected,Cleared,BE11,
2026-01-16 16:25:58.904839,PV interconnect fault detected,Cleared,BE5,
2026-01-16 16:42:38.084804,Encapsulant fault detected,Cleared,BE16,
2026-01-16 16:58:30.900903,PV cell breakage detected,Cleared,BE10,
2026-01-16 17:53:22.959052,Rack structure fault detected,Active,BE15,
2026-01-16 19:26:59.675270,PV shading detected,Active,BE9,
2026-01-16 19:28:19.850022,PV solder bond failure detected,Active,BE11,
2026-01-16 20:11:16.079945,PV interconnect fault detected,Cleared,BE5,
2026-01-16 21:40:20.709059,Encapsulant fault detected,Cleared,BE16,
2026-01-16 21:43:48.553513,PV solder bond failure detected,Active,BE11,
2026-01-16 21:50:58.677989,PV soiling detected,Cleared,BE8,
2026-01-16 22:33:35.986316,Grounding system fault detected,Cleared,BE6,
2026-01-16 22:49:07.602557,Encapsulant fault detected,Cleared,BE16,
2026-01-16 23:29:50.125117,PV cell breakage detected,Active,BE10,
2026-01-17 00:11:23.897313,PV cell breakage detected,Cleared,BE10,
2026-01-17 01:17:47.327827,Encapsulant fault detected,Cleared,BE16,
2026-01-17 01:23:57.488281,PV shading detected,Active,BE9,
2026-01-17 02:30:53.499046,PV cell breakage detected,Active,BE10,
2026-01-17 03:26:59.675270,PV shading detected,Cleared,BE9,
2026-01-17 04:21:53.204264,PV cell breakage detected,Cleared,BE10,
2026-01-17 04:25:49.683164,PV solder bond failure detected,Active,BE11,
2026-01-17 04:39:53.117484,Rack structure fault detected,Active,BE15,
2026-01-17 05:15:23.219902,Encapsulant fault detected,Active,BE16,
2026-01-17 06:44:00.372699,PV interconnect fault detected,Cleared,BE5,
2026-01-17 08:31:13.175458,PV solder bond failure detected,Active,BE11,
2026-01-17 09:23:57.488281,PV shading detected,Cleared,BE9,
2026-01-17 10:22:42.762542,Encapsulant fault detected,Active,BE16,
2026-01-17 12:01:36.116341,PV interconnect fault detected,Cleared,BE5,
2026-01-17 12:56:38.721136,PV solder bond failure detected,Active,BE11,
2026-01-17 13:09:43.381643,PV interconnect fault detected,Cleared,BE5,
2026-01-17 14:05:03.442323,PV cell breakage detected,Cleared,BE10,
2026-01-17 15:00:46.488656,Rack structure fault detected,Cleared,BE15,
2026-01-17 15:26:59.028506,PV cell breakage detected,Cleared,BE10,
2026-01-17 15:40:13.869377,Rack structure fault detected,Active,BE15,
2026-01-17 15:42:38.257471,PV solder bond failure detected,Cleared,BE11,
2026-01-17 17:34:47.185570,Grounding system fault detected,Active,BE6,
2026-01-17 18:37:35.715411,PV interconnect fault detected,Active,BE5,
2026-01-17 20:00:21.149296,Rack structure fault detected,Cleared,BE15,
2026-01-17 20:21:56.585573,PV interconnect fault detected,Active,BE5,
2026-01-17 21:22:13.895904,PV shading detected,Active,BE9,
2026-01-17 21:43:07.934549,Rack structure fault detected,Active,BE15,
2026-01-17 22:28:45.693755,PV solder bond failure detected,Active,BE11,
2026-01-17 22:32:34.787400,Rack structure fault detected,Cleared,BE15,
2026-01-17 23:02:14.235441,PV cell breakage detected,Cleared,BE10,
2026-01-18 00:35:42.509524,Encapsulant fault detected,Active,BE16,
2026-01-18 00:42:23.307877,PV solder bond failure detected,Active,BE11,
2026-01-18 00:52:29.806765,PV cell breakage detected,Cleared,BE10,
2026-01-18 02:00:12.911678,PV cell breakage detected,Active,BE10,
2026-01-18 03:16:50.431860,PV solder bond failure detected,Active,BE11,
2026-01-18 03:48:15.424182,PV cell breakage detected,Cleared,BE10,
2026-01-18 04:08:45.966859,Grounding system fault detected,Active,BE6,
2026-01-18 05:10:50.700543,PV solder bond failure detected,Cleared,BE11,
2026-01-18 05:22:13.895904,PV shading detected,Cleared,BE9,
2026-01-18 05:51:09.164527,Rack structure fault detected,Active,BE15,
2026-01-18 06:01:04.133107,PV cell breakage detected,Cleared,BE10,
2026-01-18 07:00:45.297359,Rack structure fault detected,Cleared,BE15,
2026-01-18 07:49:43.447302,PV cell breakage detected,Cleared,BE10,
2026-01-18 11:21:21.924803,PV solder bond failure detected,Cleared,BE11,
2026-01-18 11:37:59.219736,Encapsulant fault detected,Cleared,BE16,
2026-01-18 12:02:41.440648,Rack structure fault detected,Cleared,BE15,
2026-01-18 12:13:44.195619,Grounding system fault detected,Active,BE6,
2026-01-18 12:32:08.957560,Rack structure fault detected,Cleared,BE15,
2026-01-18 13:45:03.734323,Encapsulant fault detected,Active,BE16,
2026-01-18 13:48:15.084851,PV shading detected,Active,BE9,
2026-01-18 17:34:47.185570,Grounding system fault detected,Cleared,BE6,
2026-01-18 17:53:22.959052,Rack structure fault detected,Cleared,BE15,
2026-01-18 18:37:35.715411,PV interconnect fault detected,Cleared,BE5,
2026-01-18 19:28:19.850022,PV solder bond failure detected,Cleared,BE11,
2026-01-18 20:21:56.585573,PV interconnect fault detected,Cleared,BE5,
2026-01-18 20:40:04.975907,PV solder bond failure detected,Active,BE11,
2026-01-18 21:03:25.919213,PV solder bond failure detected,Active,BE11,
2026-01-18 21:43:48.553513,PV solder bond failure detected,Cleared,BE11,
2026-01-18 21:48:15.084851,PV shading detected,Cleared,BE9,
2026-01-18 23:29:18.253772,PV shading detected,Active,BE9,
2026-01-18 23:29:50.125117,PV cell breakage detected,Cleared,BE10,
2026-01-19 01:31:41.109699,PV solder bond failure detected,Active,BE11,
2026-01-19 02:30:53.499046,PV cell breakage detected,Cleared,BE10,
2026-01-19 04:08:45.966859,Grounding system fault detected,Cleared,BE6,
2026-01-19 04:25:49.683164,PV solder bond failure detected,Cleared,BE11,
2026-01-19 04:39:53.117484,Rack structure fault detected,Cleared,BE15,
2026-01-19 05:15:23.219902,Encapsulant fault detected,Cleared,BE16,
2026-01-19 07:29:18.253772,PV shading detected,Cleared,BE9,
2026-01-19 07:49:57.038898,PV interconnect fault detected,Active,BE5,
2026-01-19 08:26:36.915380,Encapsulant fault detected,Active,BE16,
2026-01-19 08:31:13.175458,PV solder bond failure detected,Cleared,BE11,
2026-01-19 09:25:50.151600,PV cell breakage detected,Active,BE10,
2026-01-19 10:22:42.762542,Encapsulant fault detected,Cleared,BE16,
2026-01-19 10:42:23.108717,Grounding system fault detected,Active,BE6,
2026-01-19 12:13:44.195619,Grounding system fault detected,Cleared,BE6,
2026-01-19 12:56:38.721136,PV solder bond failure detected,Cleared,BE11,
2026-01-19 13:06:06.159847,Encapsulant fault detected,Active,BE16,
2026-01-19 14:48:48.996889,PV interconnect fault detected,Active,BE5,
2026-01-19 15:40:13.869377,Rack structure fault detected,Cleared,BE15,
2026-01-19 17:01:34.192153,PV cell breakage detected,Active,BE10,
2026-01-19 17:14:00.923779,PV interconnect fault detected,Active,BE5,
2026-01-19 17:56:02.417417,PV solder bond failure detected,Active,BE11,
2026-01-19 18:24:36.678372,PV cell breakage detected,Active,BE10,
2026-01-19 21:43:07.934549,Rack structure fault detected,Cleared,BE15,
2026-01-19 22:28:45.693755,PV solder bond failure detected,Cleared,BE11,
2026-01-19 22:37:08.354489,PV cell breakage detected,Active,BE10,
2026-01-20 00:16:21.133929,PV solder bond failure detected,Active,BE11,
2026-01-20 00:35:42.509524,Encapsulant fault detected,Cleared,BE16,
2026-01-20 00:42:23.307877,PV solder bond failure detected,Cleared,BE11,
2026-01-20 02:00:12.911678,PV cell breakage detected,Cleared,BE10,
2026-01-20 02:27:40.917232,PV interconnect fault detected,Active,BE5,
2026-01-20 03:16:50.431860,PV solder bond failure detected,Cleared,BE11,
2026-01-20 04:02:36.347687,Rack structure fault detected,Active,BE15,
2026-01-20 05:35:20.329898,PV solder bond failure detected,Active,BE11,
2026-01-20 05:51:09.164527,Rack structure fault detected,Cleared,BE15,
2026-01-20 07:31:16.804212,PV solder bond failure detected,Active,BE11,
2026-01-20 07:49:57.038898,PV interconnect fault detected,Cleared,BE5,
2026-01-20 10:20:56.806791,PV solder bond failure detected,Active,BE11,
2026-01-20 10:32:32.311647,Rack structure fault detected,Active,BE15,
2026-01-20 10:42:23.108717,Grounding system fault detected,Cleared,BE6,
2026-01-20 10:59:44.340076,PV shading detected,Active,BE9,
2026-01-20 12:57:08.237079,PV cell breakage detected,Active,BE10,
2026-01-20 13:32:17.212100,PV shading detected,Active,BE9,
2026-01-20 13:45:03.734323,Encapsulant fault detected,Cleared,BE16,
2026-01-20 14:38:23.509710,Rack structure fault detected,Active,BE15,
2026-01-20 14:48:48.996889,PV interconnect fault detected,Cleared,BE5,
2026-01-20 14:51:10.697784,PV shading detected,Active,BE9,
2026-01-20 17:03:32.526985,PV cell breakage detected,Active,BE10,
2026-01-20 17:14:00.923779,PV interconnect fault detected,Cleared,BE5,
2026-01-20 17:52:31.878800,PV cell breakage detected,Active,BE10,
2026-01-20 18:28:01.740970,Rack structure fault detected,Active,BE15,
2026-01-20 18:59:44.340076,PV shading detected,Cleared,BE9,
2026-01-20 20:22:07.766568,Grounding system fault detected,Active,BE6,
2026-01-20 20:40:04.975907,PV solder bond failure detected,Cleared,BE11,
2026-01-20 21:03:25.919213,PV solder bond failure detected,Cleared,BE11,
2026-01-20 21:32:17.212100,PV shading detected,Cleared,BE9,
2026-01-20 22:51:10.697784,PV shading detected,Cleared,BE9,
2026-01-20 23:11:58.627189,PV solder bond failure detected,Active,BE11,
2026-01-21 00:09:19.924048,Encapsulant fault detected,Active,BE16,
2026-01-21 01:10:23.810228,PV cell breakage detected,Active,BE10,
2026-01-21 01:31:41.109699,PV solder bond failure detected,Cleared,BE11,
2026-01-21 02:27:40.917232,PV interconnect fault detected,Cleared,BE5,
2026-01-21 02:50:54.185074,PV interconnect fault detected,Active,BE5,
2026-01-21 02:51:46.683090,Rack structure fault detected,Active,BE15,
2026-01-21 04:42:31.435264,PV solder bond failure detected,Active,BE11,
2026-01-21 06:38:57.753886,Encapsulant fault detected,Active,BE16,
2026-01-21 08:26:36.915380,Encapsulant fault detected,Cleared,BE16,
2026-01-21 09:25:50.151600,PV cell breakage detected,Cleared,BE10,
2026-01-21 09:34:16.948996,PV solder bond failure detected,Active,BE11,
2026-01-21 10:16:36.404968,PV solder bond failure detected,Active,BE11,
2026-01-21 10:23:07.587132,PV solder bond failure detected,Active,BE11,
2026-01-21 12:42:55.214684,PV shading detected,Active,BE9,
2026-01-21 13:06:06.159847,Encapsulant fault detected,Cleared,BE16,
2026-01-21 17:01:34.192153,PV cell breakage detected,Cleared,BE10,
2026-01-21 17:54:02.613382,PV cell breakage detected,Active,BE10,
2026-01-21 17:56:02.417417,PV solder bond failure detected,Cleared,BE11,
2026-01-21 18:24:36.678372,PV cell breakage detected,Cleared,BE10,
2026-01-21 18:25:22.601207,PV interconnect fault detected,Active,BE5,
2026-01-21 19:17:13.001764,PV shading detected,Active,BE9,
2026-01-21 20:22:07.766568,Grounding system fault detected,Cleared,BE6,
2026-01-21 20:42:55.214684,PV shading detected,Cleared,BE9,
2026-01-21 22:24:42.928591,Rack structure fault detected,Active,BE15,
2026-01-21 22:37:08.354489,PV cell breakage detected,Cleared,BE10,
2026-01-22 00:16:21.133929,PV solder bond failure detected,Cleared,BE11,
2026-01-22 01:34:33.394589,Rack structure fault detected,Active,BE15,
2026-01-22 01:41:20.014074,Grounding system fault detected,Active,BE6,
2026-01-22 02:50:54.185074,PV interconnect fault detected,Cleared,BE5,
2026-01-22 03:17:13.001764,PV shading detected,Cleared,BE9,
2026-01-22 03:25:54.628288,Encapsulant fault detected,Active,BE16,
2026-01-22 03:43:01.327010,Encapsulant fault detected,Active,BE16,
2026-01-22 04:02:36.347687,Rack structure fault detected,Cleared,BE15,
2026-01-22 05:35:20.329898,PV solder bond failure detected,Cleared,BE11,
2026-01-22 07:31:16.804212,PV solder bond failure detected,Cleared,BE11,
2026-01-22 08:09:15.512130,PV cell breakage detected,Active,BE10,
2026-01-22 08:40:55.956633,PV solder bond failure detected,Active,BE11,
2026-01-22 09:30:17.530588,Short/open circuit fault detected,Active,BE14,
2026-01-22 09:52:51.442106,PV cell breakage detected,Active,BE10,
2026-01-22 10:20:56.806791,PV solder bond failure detected,Cleared,BE11,
2026-01-22 10:32:32.311647,Rack structure fault detected,Cleared,BE15,
2026-01-22 11:51:51.717261,PV solder bond failure detected,Active,BE11,
2026-01-22 11:53:49.456202,Encapsulant fault detected,Active,BE16,
2026-01-22 12:57:08.237079,PV cell breakage detected,Cleared,BE10,
2026-01-22 13:50:28.721465,PV interconnect fault detected,Active,BE5,
2026-01-22 14:38:23.509710,Rack structure fault detected,Cleared,BE15,
2026-01-22 16:37:04.021306,PV shading detected,Active,BE9,
2026-01-22 17:03:32.526985,PV cell breakage detected,Cleared,BE10,
2026-01-22 17:52:31.878800,PV cell breakage detected,Cleared,BE10,
2026-01-22 18:04:50.203890,PV solder bond failure detected,Active,BE11,
2026-01-22 18:25:22.601207,PV interconnect fault detected,Cleared,BE5,
2026-01-22 18:28:01.740970,Rack structure fault detected,Cleared,BE15,
2026-01-22 18:31:23.278489,Rack structure fault detected,Active,BE15,
2026-01-22 18:38:21.360809,PV solder bond failure detected,Active,BE11,
2026-01-22 18:48:58.917269,Rack structure fault detected,Active,BE15,
2026-01-22 19:30:03.153323,Encapsulant fault detected,Active,BE16,
2026-01-22 19:53:58.454845,PV cell breakage detected,Active,BE10,
2026-01-22 21:30:17.530588,Short/open circuit fault detected,Cleared,BE14,
2026-01-22 22:08:01.405660,PV cell breakage detected,Active,BE10,
2026-01-22 23:11:58.627189,PV solder bond failure detected,Cleared,BE11,
2026-01-23 00:09:19.924048,Encapsulant fault detected,Cleared,BE16,
2026-01-23 00:20:29.365007,PV cell breakage detected,Active,BE10,
2026-01-23 00:37:04.021306,PV shading detected,Cleared,BE9,
2026-01-23 01:10:23.810228,PV cell breakage detected,Cleared,BE10,
2026-01-23 01:38:53.947909,PV soiling detected,Active,BE8,
2026-01-23 01:41:20.014074,Grounding system fault detected,Cleared,BE6,
2026-01-23 02:15:48.259120,Rack structure fault detected,Active,BE15,
2026-01-23 02:22:03.625331,PV solder bond failure detected,Active,BE11,
2026-01-23 02:33:03.517856,PV interconnect fault detected,Active,BE5,
2026-01-23 02:51:46.683090,Rack structure fault detected,Cleared,BE15,
2026-01-23 04:42:31.435264,PV solder bond failure detected,Cleared,BE11,
2026-01-23 06:38:57.753886,Encapsulant fault detected,Cleared,BE16,
2026-01-23 09:15:27.309265,Encapsulant fault detected,Active,BE16,
2026-01-23 09:34:16.948996,PV solder bond failure detected,Cleared,BE11,
2026-01-23 09:38:53.947909,PV soiling detected,Cleared,BE8,
2026-01-23 10:16:36.404968,PV solder bond failure detected,Cleared,BE11,
2026-01-23 10:18:45.640915,Grounding system fault detected,Active,BE6,
2026-01-23 10:23:07.587132,PV solder bond failure detected,Cleared,BE11,
2026-01-23 10:34:56.819578,Encapsulant fault detected,Active,BE16,
2026-01-23 13:50:28.721465,PV interconnect fault detected,Cleared,BE5,
2026-01-23 16:28:54.744925,PV interconnect fault detected,Active,BE5,
2026-01-23 17:54:02.613382,PV cell breakage detected,Cleared,BE10,
2026-01-23 18:01:27.332913,PV shading detected,Active,BE9,
2026-01-23 18:45:25.694723,PV shading detected,Active,BE9,
2026-01-23 18:55:29.413343,PV cell breakage detected,Active,BE10,
2026-01-23 20:30:08.219876,PV solder bond failure detected,Active,BE11,
2026-01-23 21:30:03.554909,PV cell breakage detected,Active,BE10,
2026-01-23 21:59:07.375369,Grounding system fault detected,Active,BE6,
2026-01-23 22:24:42.928591,Rack structure fault detected,Cleared,BE15,
2026-01-23 22:46:40.457688,Rack structure fault detected,Active,BE15,
2026-01-24 00:14:27.330700,PV cell breakage detected,Active,BE10,
2026-01-24 00:14:48.433620,PV cell breakage detected,Active,BE10,
2026-01-24 01:34:33.394589,Rack structure fault detected,Cleared,BE15,
2026-01-24 02:01:27.332913,PV shading detected,Cleared,BE9,
2026-01-24 02:16:01.666381,PV solder bond failure detected,Active,BE11,
2026-01-24 02:33:03.517856,PV interconnect fault detected,Cleared,BE5,
2026-01-24 02:45:25.694723,PV shading detected,Cleared,BE9,
2026-01-24 03:10:25.315980,PV solder bond failure detected,Active,BE11,
2026-01-24 03:25:54.628288,Encapsulant fault detected,Cleared,BE16,
2026-01-24 03:43:01.327010,Encapsulant fault detected,Cleared,BE16,
2026-01-24 04:27:05.026595,Rack structure fault detected,Active,BE15,
2026-01-24 08:09:15.512130,PV cell breakage detected,Cleared,BE10,
2026-01-24 08:40:55.956633,PV solder bond failure detected,Cleared,BE11,
2026-01-24 09:02:06.784156,PV solder bond failure detected,Active,BE11,
2026-01-24 09:52:51.442106,PV cell breakage detected,Cleared,BE10,
2026-01-24 10:18:45.640915,Grounding system fault detected,Cleared,BE6,
2026-01-24 11:51:51.717261,PV solder bond failure detected,Cleared,BE11,
2026-01-24 11:53:49.456202,Encapsulant fault detected,Cleared,BE16,
2026-01-24 13:58:23.569044,Encapsulant fault detected,Active,BE16,
2026-01-24 14:50:35.680587,PV interconnect fault detected,Active,BE5,
2026-01-24 15:01:41.988626,Diode fault detected,Active,BE13,
2026-01-24 15:49:48.495188,Rack structure fault detected,Active,BE15,
2026-01-24 16:13:19.311172,Short/open circuit fault detected,Active,BE14,
2026-01-24 16:28:54.744925,PV interconnect fault detected,Cleared,BE5,
2026-01-24 18:04:50.203890,PV solder bond failure detected,Cleared,BE11,
2026-01-24 18:14:18.638695,PV interconnect fault detected,Active,BE5,
2026-01-24 18:16:56.428395,Encapsulant fault detected,Active,BE16,
2026-01-24 18:31:23.278489,Rack structure fault detected,Cleared,BE15,
2026-01-24 18:35:27.625726,PV cell breakage detected,Active,BE10,
2026-01-24 18:38:21.360809,PV solder bond failure detected,Cleared,BE11,
2026-01-24 18:48:45.901144,PV solder bond failure detected,Active,BE11,
2026-01-24 18:48:58.917269,Rack structure fault detected,Cleared,BE15,
2026-01-24 18:58:36.250371,Rack structure fault detected,Active,BE15,
2026-01-24 19:11:02.305144,PV shading detected,Active,BE9,
2026-01-24 19:30:03.153323,Encapsulant fault detected,Cleared,BE16,
2026-01-24 19:53:58.454845,PV cell breakage detected,Cleared,BE10,
2026-01-24 21:14:42.705000,MCB 2 fault detected,Active,BE4,
2026-01-24 21:59:07.375369,Grounding system fault detected,Cleared,BE6,
2026-01-24 22:08:01.405660,PV cell breakage detected,Cleared,BE10,
2026-01-24 22:19:13.196398,PV solder bond failure detected,Active,BE11,
2026-01-25 00:20:29.365007,PV cell breakage detected,Cleared,BE10,
2026-01-25 01:56:34.435090,PV shading detected,Active,BE9,
2026-01-25 02:11:03.645766,PV interconnect fault detected,Active,BE5,
2026-01-25 02:15:48.259120,Rack structure fault detected,Cleared,BE15,
2026-01-25 02:22:03.625331,PV solder bond failure detected,Cleared,BE11,
2026-01-25 03:11:02.305144,PV shading detected,Cleared,BE9,
2026-01-25 04:13:19.311172,Short/open circuit fault detected,Cleared,BE14,
2026-01-25 04:16:12.072492,MCB 1 fault detected,Active,BE3,
2026-01-25 05:08:22.502324,PV interconnect fault detected,Active,BE5,
2026-01-25 07:14:42.705000,MCB 2 fault detected,Cleared,BE4,
2026-01-25 08:41:57.684107,PV cell breakage detected,Active,BE10,
2026-01-25 08:44:13.848491,Grounding system fault detected,Active,BE6,
2026-01-25 09:15:27.309265,Encapsulant fault detected,Cleared,BE16,
2026-01-25 09:56:34.435090,PV shading detected,Cleared,BE9,
2026-01-25 10:03:33.054063,PV shading detected,Active,BE9,
2026-01-25 10:34:56.819578,Encapsulant fault detected,Cleared,BE16,
2026-01-25 11:21:03.143707,Grounding system fault detected,Active,BE6,
2026-01-25 12:34:11.679628,PV solder bond failure detected,Active,BE11,
2026-01-25 13:33:38.859278,Rack structure fault detected,Active,BE15,
2026-01-25 14:06:38.746493,Encapsulant fault detected,Active,BE16,
2026-01-25 14:16:12.072492,MCB 1 fault detected,Cleared,BE3,
2026-01-25 14:17:50.475712,Rack structure fault detected,Active,BE15,
2026-01-25 14:50:35.680587,PV interconnect fault detected,Cleared,BE5,
2026-01-25 15:01:41.988626,Diode fault detected,Cleared,BE13,
2026-01-25 17:33:06.857227,PV cell breakage detected,Active,BE10,
2026-01-25 18:03:33.054063,PV shading detected,Cleared,BE9,
2026-01-25 18:14:18.638695,PV interconnect fault detected,Cleared,BE5,
2026-01-25 18:55:29.413343,PV cell breakage detected,Cleared,BE10,
2026-01-25 19:36:16.752306,PV solder bond failure detected,Active,BE11,
2026-01-25 20:30:08.219876,PV solder bond failure detected,Cleared,BE11,
2026-01-25 21:15:11.985558,PV shading detected,Active,BE9,
2026-01-25 21:30:03.554909,PV cell breakage detected,Cleared,BE10,
2026-01-25 22:46:40.457688,Rack structure fault detected,Cleared,BE15,
2026-01-26 00:14:27.330700,PV cell breakage detected,Cleared,BE10,
2026-01-26 00:14:48.433620,PV cell breakage detected,Cleared,BE10,
2026-01-26 02:11:03.645766,PV interconnect fault detected,Cleared,BE5,
2026-01-26 02:16:01.666381,PV solder bond failure detected,Cleared,BE11,
2026-01-26 03:10:25.315980,PV solder bond failure detected,Cleared,BE11,
2026-01-26 03:23:54.740891,Grounding system fault detected,Active,BE6,
2026-01-26 03:30:59.049052,Grounding system fault detected,Active,BE6,
2026-01-26 04:27:05.026595,Rack structure fault detected,Cleared,BE15,
2026-01-26 05:08:22.502324,PV interconnect fault detected,Cleared,BE5,
2026-01-26 05:15:11.985558,PV shading detected,Cleared,BE9,
2026-01-26 05:59:40.478181,PV cell breakage detected,Active,BE10,
2026-01-26 07:28:25.634270,PV cell breakage detected,Active,BE10,
2026-01-26 08:44:13.848491,Grounding system fault detected,Cleared,BE6,
2026-01-26 09:02:06.784156,PV solder bond failure detected,Cleared,BE11,
2026-01-26 11:02:20.763267,PV solder bond failure detected,Active,BE11,
2026-01-26 11:21:03.143707,Grounding system fault detected,Cleared,BE6,
2026-01-26 11:31:30.581447,Grounding system fault detected,Active,BE6,
2026-01-26 12:58:20.355147,PV cell breakage detected,Active,BE10,
2026-01-26 13:58:23.569044,Encapsulant fault detected,Cleared,BE16,
2026-01-26 15:49:48.495188,Rack structure fault detected,Cleared,BE15,
2026-01-26 16:33:19.673876,Rack structure fault detected,Active,BE15,
2026-01-26 16:51:09.667887,PV cell breakage detected,Active,BE10,
2026-01-26 17:36:30.156807,PV solder bond failure detected,Active,BE11,
2026-01-26 17:44:08.947142,PV cell breakage detected,Active,BE10,
2026-01-26 18:16:56.428395,Encapsulant fault detected,Cleared,BE16,
2026-01-26 18:33:17.533610,PV solder bond failure detected,Active,BE11,
2026-01-26 18:35:27.625726,PV cell breakage detected,Cleared,BE10,
2026-01-26 18:37:50.045321,Encapsulant fault detected,Active,BE16,
2026-01-26 18:48:45.901144,PV solder bond failure detected,Cleared,BE11,
2026-01-26 18:58:36.250371,Rack structure fault detected,Cleared,BE15,
2026-01-26 19:35:07.899651,Rack structure fault detected,Active,BE15,
2026-01-26 20:50:24.549314,Grounding system fault detected,Active,BE6,
2026-01-26 21:02:50.103539,PV solder bond failure detected,Active,BE11,
2026-01-26 22:19:13.196398,PV solder bond failure detected,Cleared,BE11,
2026-01-26 22:33:46.748643,PV solder bond failure detected,Active,BE11,
2026-01-26 23:42:25.173769,PV cell breakage detected,Active,BE10,
2026-01-27 02:53:58.647540,PV shading detected,Active,BE9,
2026-01-27 03:07:08.240832,PV shading detected,Active,BE9,
2026-01-27 03:23:54.740891,Grounding system fault detected,Cleared,BE6,
2026-01-27 03:30:59.049052,Grounding system fault detected,Cleared,BE6,
2026-01-27 07:08:07.433532,Grounding system fault detected,Active,BE6,
2026-01-27 08:41:57.684107,PV cell breakage detected,Cleared,BE10,
2026-01-27 09:05:47.541363,PV interconnect fault detected,Active,BE5,
2026-01-27 09:06:31.444452,Encapsulant fault detected,Active,BE16,
2026-01-27 10:17:18.331104,PV glass breakage detected,Active,BE7,
2026-01-27 10:28:52.200266,PV shading detected,Active,BE9,
2026-01-27 10:53:58.647540,PV shading detected,Cleared,BE9,
2026-01-27 11:07:08.240832,PV shading detected,Cleared,BE9,
2026-01-27 11:31:30.581447,Grounding system fault detected,Cleared,BE6,
2026-01-27 12:34:11.679628,PV solder bond failure detected,Cleared,BE11,
2026-01-27 13:33:38.859278,Rack structure fault detected,Cleared,BE15,
2026-01-27 14:06:38.746493,Encapsulant fault detected,Cleared,BE16,
2026-01-27 14:17:50.475712,Rack structure fault detected,Cleared,BE15,
2026-01-27 14:40:09.045141,PV solder bond failure detected,Active,BE11,
2026-01-27 17:33:06.857227,PV cell breakage detected,Cleared,BE10,
2026-01-27 18:28:52.200266,PV shading detected,Cleared,BE9,
2026-01-27 19:36:16.752306,PV solder bond failure detected,Cleared,BE11,
2026-01-27 20:50:24.549314,Grounding system fault detected,Cleared,BE6,
2026-01-27 22:26:33.265311,PV cell breakage detected,Active,BE10,
2026-01-27 22:48:33.273235,PV cell breakage detected,Active,BE10,
2026-01-27 23:42:24.720190,PV shading detected,Active,BE9,
2026-01-28 00:02:39.127007,Rack structure fault detected,Active,BE15,
2026-01-28 00:16:39.663143,PV solder bond failure detected,Active,BE11,
2026-01-28 01:53:57.759265,PV cell breakage detected,Active,BE10,
2026-01-28 02:29:21.900319,Short/open circuit fault detected,Active,BE14,
2026-01-28 03:59:08.180293,PV cell breakage detected,Active,BE10,
2026-01-28 05:59:40.478181,PV cell breakage detected,Cleared,BE10,
2026-01-28 06:00:24.887340,Rack structure fault detected,Active,BE15,
2026-01-28 06:25:30.281840,PV cell breakage detected,Active,BE10,
2026-01-28 06:29:50.972345,PV hot spot detected,Active,BE12,
2026-01-28 07:08:07.433532,Grounding system fault detected,Cleared,BE6,
2026-01-28 07:24:00.809191,Grounding system fault detected,Active,BE6,
2026-01-28 07:28:25.634270,PV cell breakage detected,Cleared,BE10,
2026-01-28 07:42:24.720190,PV shading detected,Cleared,BE9,
2026-01-28 07:45:52.837916,PV soiling detected,Active,BE8,
2026-01-28 07:51:54.198396,PV solder bond failure detected,Active,BE11,
2026-01-28 08:48:04.689481,Encapsulant fault detected,Active,BE16,
2026-01-28 09:05:47.541363,PV interconnect fault detected,Cleared,BE5,
2026-01-28 10:16:22.677719,PV solder bond failure detected,Active,BE11,
2026-01-28 10:17:18.331104,PV glass breakage detected,Cleared,BE7,
2026-01-28 11:02:20.763267,PV solder bond failure detected,Cleared,BE11,
2026-01-28 11:38:26.852942,PV solder bond failure detected,Active,BE11,
2026-01-28 12:58:20.355147,PV cell breakage detected,Cleared,BE10,
2026-01-28 14:16:58.009998,PV shading detected,Active,BE9,
2026-01-28 14:29:21.900319,Short/open circuit fault detected,Cleared,BE14,
2026-01-28 15:45:52.837916,PV soiling detected,Cleared,BE8,
2026-01-28 16:33:19.673876,Rack structure fault detected,Cleared,BE15,
2026-01-28 16:51:09.667887,PV cell breakage detected,Cleared,BE10,
2026-01-28 17:26:22.997636,Grounding system fault detected,Active,BE6,
2026-01-28 17:36:30.156807,PV solder bond failure detected,Cleared,BE11,
2026-01-28 17:44:08.947142,PV cell breakage detected,Cleared,BE10,
2026-01-28 18:33:17.533610,PV solder bond failure detected,Cleared,BE11,
2026-01-28 18:37:50.045321,Encapsulant fault detected,Cleared,BE16,
2026-01-28 19:10:48.128057,PV interconnect fault detected,Active,BE5,
2026-01-28 19:35:07.899651,Rack structure fault detected,Cleared,BE15,
2026-01-28 19:39:19.834491,PV interconnect fault detected,Active,BE5,
2026-01-28 21:02:50.103539,PV solder bond failure detected,Cleared,BE11,
2026-01-28 21:08:21.708015,PV solder bond failure detected,Active,BE11,
2026-01-28 22:16:58.009998,PV shading detected,Cleared,BE9,
2026-01-28 22:33:46.748643,PV solder bond failure detected,Cleared,BE11,
2026-01-28 23:36:02.966073,Rack structure fault detected,Active,BE15,
2026-01-28 23:42:25.173769,PV cell breakage detected,Cleared,BE10,
2026-01-29 01:27:42.675058,PV solder bond failure detected,Active,BE11,
2026-01-29 03:10:58.247117,PV solder bond failure detected,Active,BE11,
2026-01-29 03:41:05.605414,PV shading detected,Active,BE9,
2026-01-29 03:49:26.554201,Encapsulant fault detected,Active,BE16,
2026-01-29 03:51:58.843424,PV cell breakage detected,Active,BE10,
2026-01-29 04:52:31.798731,Rack structure fault detected,Active,BE15,
2026-01-29 05:19:31.771779,PV shading detected,Active,BE9,
2026-01-29 05:35:31.416167,Grounding system fault detected,Active,BE6,
2026-01-29 06:29:50.972345,PV hot spot detected,Cleared,BE12,
2026-01-29 07:24:00.809191,Grounding system fault detected,Cleared,BE6,
2026-01-29 09:06:31.444452,Encapsulant fault detected,Cleared,BE16,
2026-01-29 09:22:07.711969,PV shading detected,Active,BE9,
2026-01-29 09:31:39.738109,PV cell breakage detected,Active,BE10,
2026-01-29 09:37:49.017714,PV solder bond failure detected,Active,BE11,
2026-01-29 09:54:25.731524,PV solder bond failure detected,Active,BE11,
2026-01-29 10:06:30.964840,PV interconnect fault detected,Active,BE5,
2026-01-29 11:07:37.096482,Grounding system fault detected,Active,BE6,
2026-01-29 11:31:53.503084,Encapsulant fault detected,Active,BE16,
2026-01-29 11:41:05.605414,PV shading detected,Cleared,BE9,
2026-01-29 12:33:43.230442,PV solder bond failure detected,Active,BE11,
2026-01-29 13:19:31.771779,PV shading detected,Cleared,BE9,
2026-01-29 14:25:02.889704,PV shading detected,Active,BE9,
2026-01-29 14:40:09.045141,PV solder bond failure detected,Cleared,BE11,
2026-01-29 15:09:33.397879,PV cell breakage detected,Active,BE10,
2026-01-29 16:48:47.692806,PV solder bond failure detected,Active,BE11,
2026-01-29 17:22:07.711969,PV shading detected,Cleared,BE9,
2026-01-29 17:26:22.997636,Grounding system fault detected,Cleared,BE6,
2026-01-29 17:53:24.165295,PV solder bond failure detected,Active,BE11,
2026-01-29 19:10:48.128057,PV interconnect fault detected,Cleared,BE5,
2026-01-29 19:39:19.834491,PV interconnect fault detected,Cleared,BE5,
2026-01-29 20:39:42.758563,Grounding system fault detected,Active,BE6,
2026-01-29 22:25:02.889704,PV shading detected,Cleared,BE9,
2026-01-29 22:26:33.265311,PV cell breakage detected,Cleared,BE10,
2026-01-29 22:48:33.273235,PV cell breakage detected,Cleared,BE10,
2026-01-30 00:02:39.127007,Rack structure fault detected,Cleared,BE15,
2026-01-30 00:16:39.663143,PV solder bond failure detected,Cleared,BE11,
2026-01-30 01:53:57.759265,PV cell breakage detected,Cleared,BE10,
2026-01-30 01:55:25.010627,Grounding system fault detected,Active,BE6,
2026-01-30 03:28:29.645682,Grounding system fault detected,Active,BE6,
2026-01-30 03:58:48.230963,PV cell breakage detected,Active,BE10,
2026-01-30 03:59:08.180293,PV cell breakage detected,Cleared,BE10,
2026-01-30 05:29:06.566428,PV cell breakage detected,Active,BE10,
2026-01-30 05:35:31.416167,Grounding system fault detected,Cleared,BE6,
2026-01-30 06:00:24.887340,Rack structure fault detected,Cleared,BE15,
2026-01-30 06:25:30.281840,PV cell breakage detected,Cleared,BE10,
2026-01-30 07:51:54.198396,PV solder bond failure detected,Cleared,BE11,
2026-01-30 08:48:04.689481,Encapsulant fault detected,Cleared,BE16,
2026-01-30 08:57:41.361818,PV shading detected,Active,BE9,
2026-01-30 10:06:30.964840,PV interconnect fault detected,Cleared,BE5,
2026-01-30 10:16:22.677719,PV solder bond failure detected,Cleared,BE11,
2026-01-30 11:07:37.096482,Grounding system fault detected,Cleared,BE6,
2026-01-30 11:28:34.176989,PV cell breakage detected,Active,BE10,
2026-01-30 11:38:26.852942,PV solder bond failure detected,Cleared,BE11,
2026-01-30 12:40:29.763375,PV shading detected,Active,BE9,
2026-01-30 13:17:48.898494,Rack structure fault detected,Active,BE15,
2026-01-30 15:09:15.522974,Rack structure fault detected,Active,BE15,
2026-01-30 15:21:49.471653,PV shading detected,Active,BE9,
2026-01-30 16:31:02.470461,PV cell breakage detected,Active,BE10,
2026-01-30 16:33:43.492036,Encapsulant fault detected,Active,BE16,
2026-01-30 16:45:56.222605,PV interconnect fault detected,Active,BE5,
2026-01-30 16:57:41.361818,PV shading detected,Cleared,BE9,
2026-01-30 17:51:06.507220,Rack structure fault detected,Active,BE15,
2026-01-30 19:07:10.810919,PV interconnect fault detected,Active,BE5,
2026-01-30 20:39:42.758563,Grounding system fault detected,Cleared,BE6,
2026-01-30 20:40:29.763375,PV shading detected,Cleared,BE9,
2026-01-30 21:08:21.708015,PV solder bond failure detected,Cleared,BE11,
2026-01-30 21:58:46.919632,PV solder bond failure detected,Active,BE11,
2026-01-30 22:21:05.126155,Grounding system fault detected,Active,BE6,
2026-01-30 22:41:14.059007,Encapsulant fault detected,Active,BE16,
2026-01-30 23:21:49.471653,PV shading detected,Cleared,BE9,
2026-01-30 23:33:26.068748,PV solder bond failure detected,Active,BE11,
2026-01-30 23:36:02.966073,Rack structure fault detected,Cleared,BE15,
2026-01-31 00:29:47.406790,PV solder bond failure detected,Active,BE11,
2026-01-31 00:34:47.210108,PV glass breakage detected,Active,BE7,
2026-01-31 00:39:58.341924,PV cell breakage detected,Active,BE10,
2026-01-31 01:27:42.675058,PV solder bond failure detected,Cleared,BE11,
2026-01-31 01:55:25.010627,Grounding system fault detected,Cleared,BE6,
2026-01-31 02:01:36.882003,PV solder bond failure detected,Active,BE11,
2026-01-31 03:10:12.368732,Rack structure fault detected,Active,BE15,
2026-01-31 03:10:58.247117,PV solder bond failure detected,Cleared,BE11,
2026-01-31 03:28:29.645682,Grounding system fault detected,Cleared,BE6,
2026-01-31 03:49:26.554201,Encapsulant fault detected,Cleared,BE16,
2026-01-31 03:51:58.843424,PV cell breakage detected,Cleared,BE10,
2026-01-31 04:20:34.138152,Rack structure fault detected,Active,BE15,
2026-01-31 04:52:31.798731,Rack structure fault detected,Cleared,BE15,
2026-01-31 05:02:21.573372,PV interconnect fault detected,Active,BE5,
2026-01-31 07:20:06.057372,Rack structure fault detected,Active,BE15,
2026-01-31 09:31:39.738109,PV cell breakage detected,Cleared,BE10,
2026-01-31 09:37:49.017714,PV solder bond failure detected,Cleared,BE11,
2026-01-31 09:54:25.731524,PV solder bond failure detected,Cleared,BE11,
2026-01-31 11:31:53.503084,Encapsulant fault detected,Cleared,BE16,
2026-01-31 11:52:58.846341,PV solder bond failure detected,Active,BE11,
2026-01-31 12:33:43.230442,PV solder bond failure detected,Cleared,BE11,
2026-01-31 13:32:35.835536,Encapsulant fault detected,Active,BE16,
2026-01-31 15:09:33.397879,PV cell breakage detected,Cleared,BE10,
2026-01-31 15:36:37.502139,PV solder bond failure detected,Active,BE11,
2026-01-31 16:45:56.222605,PV interconnect fault detected,Cleared,BE5,
2026-01-31 16:48:47.692806,PV solder bond failure detected,Cleared,BE11,
2026-01-31 17:53:24.165295,PV solder bond failure detected,Cleared,BE11,
2026-01-31 19:07:10.810919,PV interconnect fault detected,Cleared,BE5,
2026-01-31 20:52:01.071262,Grounding system fault detected,Active,BE6,
2026-01-31 21:12:53.138986,PV solder bond failure detected,Active,BE11,
2026-01-31 21:21:27.185816,PV solder bond failure detected,Active,BE11,
2026-01-31 21:35:35.450250,PV solder bond failure detected,Active,BE11,
2026-01-31 22:21:05.126155,Grounding system fault detected,Cleared,BE6,
2026-02-01 00:34:47.210108,PV glass breakage detected,Cleared,BE7,
2026-02-01 01:33:45.918974,PV solder bond failure detected,Active,BE11,
2026-02-01 03:14:20.652655,PV shading detected,Active,BE9,
2026-02-01 03:20:24.858015,PV shading detected,Active,BE9,
2026-02-01 03:58:48.230963,PV cell breakage detected,Cleared,BE10,
2026-02-01 05:02:21.573372,PV interconnect fault detected,Cleared,BE5,
2026-02-01 05:29:06.566428,PV cell breakage detected,Cleared,BE10,
2026-02-01 10:14:44.776101,PV interconnect fault detected,Active,BE5,
2026-02-01 10:39:14.372848,PV interconnect fault detected,Active,BE5,
2026-02-01 11:14:20.652655,PV shading detected,Cleared,BE9,
2026-02-01 11:20:24.858015,PV shading detected,Cleared,BE9,
2026-02-01 11:28:34.176989,PV cell breakage detected,Cleared,BE10,
2026-02-01 12:58:15.139778,PV solder bond failure detected,Active,BE11,
2026-02-01 13:17:48.898494,Rack structure fault detected,Cleared,BE15,
2026-02-01 13:32:39.164769,Encapsulant fault detected,Active,BE16,
2026-02-01 15:09:15.522974,Rack structure fault detected,Cleared,BE15,
2026-02-01 16:31:02.470461,PV cell breakage detected,Cleared,BE10,
2026-02-01 16:33:43.492036,Encapsulant fault detected,Cleared,BE16,
2026-02-01 16:35:10.406538,Grounding system fault detected,Active,BE6,
2026-02-01 17:51:06.507220,Rack structure fault detected,Cleared,BE15,
2026-02-01 18:26:25.691368,MCB 2 fault detected,Active,BE4,
2026-02-01 20:52:01.071262,Grounding system fault detected,Cleared,BE6,
2026-02-01 21:54:04.630087,Encapsulant fault detected,Active,BE16,
2026-02-01 21:58:46.919632,PV solder bond failure detected,Cleared,BE11,
2026-02-01 22:41:14.059007,Encapsulant fault detected,Cleared,BE16,
2026-02-01 22:49:01.391675,Rack structure fault detected,Active,BE15,
2026-02-01 23:33:26.068748,PV solder bond failure detected,Cleared,BE11,
2026-02-02 00:29:47.406790,PV solder bond failure detected,Cleared,BE11,
2026-02-02 00:39:58.341924,PV cell breakage detected,Cleared,BE10,
2026-02-02 00:47:02.902928,PV interconnect fault detected,Active,BE5,
2026-02-02 02:01:36.882003,PV solder bond failure detected,Cleared,BE11,
2026-02-02 03:10:12.368732,Rack structure fault detected,Cleared,BE15,
2026-02-02 03:31:47.036629,PV solder bond failure detected,Active,BE11,
2026-02-02 04:08:22.820105,PV solder bond failure detected,Active,BE11,
2026-02-02 04:13:41.672555,Encapsulant fault detected,Active,BE16,
2026-02-02 04:20:34.138152,Rack structure fault detected,Cleared,BE15,
2026-02-02 04:26:25.691368,MCB 2 fault detected,Cleared,BE4,
2026-02-02 04:57:19.709939,PV interconnect fault detected,Active,BE5,
2026-02-02 05:17:38.149682,Grounding system fault detected,Active,BE6,
2026-02-02 07:20:06.057372,Rack structure fault detected,Cleared,BE15,
2026-02-02 07:49:32.353057,PV soiling detected,Active,BE8,
2026-02-02 09:20:16.444019,PV solder bond failure detected,Active,BE11,
2026-02-02 10:14:44.776101,PV interconnect fault detected,Cleared,BE5,
2026-02-02 10:39:14.372848,PV interconnect fault detected,Cleared,BE5,
2026-02-02 11:52:58.846341,PV solder bond failure detected,Cleared,BE11,
2026-02-02 13:32:35.835536,Encapsulant fault detected,Cleared,BE16,
2026-02-02 15:01:02.248130,Encapsulant fault detected,Active,BE16,
2026-02-02 15:02:33.766850,Grounding system fault detected,Active,BE6,
2026-02-02 15:36:37.502139,PV solder bond failure detected,Cleared,BE11,
2026-02-02 15:45:58.095825,MCB 1 fault detected,Active,BE3,
2026-02-02 15:49:32.353057,PV soiling detected,Cleared,BE8,
2026-02-02 16:35:10.406538,Grounding system fault detected,Cleared,BE6,
2026-02-02 21:12:53.138986,PV solder bond failure detected,Cleared,BE11,
2026-02-02 21:21:27.185816,PV solder bond failure detected,Cleared,BE11,
2026-02-02 21:35:35.450250,PV solder bond failure detected,Cleared,BE11,
2026-02-02 21:56:07.904968,PV cell breakage detected,Active,BE10,
2026-02-03 00:47:02.902928,PV interconnect fault detected,Cleared,BE5,
2026-02-03 01:33:45.918974,PV solder bond failure detected,Cleared,BE11,
2026-02-03 01:45:58.095825,MCB 1 fault detected,Cleared,BE3,
2026-02-03 01:46:37.120583,PV solder bond failure detected,Active,BE11,
2026-02-03 04:57:19.709939,PV interconnect fault detected,Cleared,BE5,
2026-02-03 05:04:43.620399,PV solder bond failure detected,Active,BE11,
2026-02-03 05:17:38.149682,Grounding system fault detected,Cleared,BE6,
2026-02-03 08:01:04.123124,PV glass breakage detected,Active,BE7,
2026-02-03 11:05:42.055681,PV cell breakage detected,Active,BE10,
2026-02-03 11:28:42.632124,PV interconnect fault detected,Active,BE5,
2026-02-03 11:46:41.178482,PV soiling detected,Active,BE8,
2026-02-03 12:58:15.139778,PV solder bond failure detected,Cleared,BE11,
2026-02-03 13:32:39.164769,Encapsulant fault detected,Cleared,BE16,
2026-02-03 15:02:33.766850,Grounding system fault detected,Cleared,BE6,
2026-02-03 15:38:40.434030,PV cell breakage detected,Active,BE10,
2026-02-03 16:58:40.622373,PV solder bond failure detected,Active,BE11,
2026-02-03 17:34:41.060187,MCB 1 fault detected,Active,BE3,
2026-02-03 17:56:35.191155,PV solder bond failure detected,Active,BE11,
2026-02-03 18:16:08.315799,PV soiling detected,Active,BE8,
2026-02-03 19:46:41.178482,PV soiling detected,Cleared,BE8,
2026-02-03 20:54:14.755384,Encapsulant fault detected,Active,BE16,
2026-02-03 21:54:04.630087,Encapsulant fault detected,Cleared,BE16,
2026-02-03 22:46:48.728441,Diode fault detected,Active,BE13,
2026-02-03 22:49:01.391675,Rack structure fault detected,Cleared,BE15,
2026-02-04 00:59:09.435038,PV shading detected,Active,BE9,
2026-02-04 02:15:42.132585,Rack structure fault detected,Active,BE15,
2026-02-04 02:16:08.315799,PV soiling detected,Cleared,BE8,
2026-02-04 03:31:47.036629,PV solder bond failure detected,Cleared,BE11,
2026-02-04 03:34:41.060187,MCB 1 fault detected,Cleared,BE3,
2026-02-04 04:08:22.820105,PV solder bond failure detected,Cleared,BE11,
2026-02-04 04:13:41.672555,Encapsulant fault detected,Cleared,BE16,
2026-02-04 07:24:30.176642,PV cell breakage detected,Active,BE10,
2026-02-04 07:39:33.477030,Grounding system fault detected,Active,BE6,
2026-02-04 08:01:04.123124,PV glass breakage detected,Cleared,BE7,
2026-02-04 08:44:11.791295,Rack structure fault detected,Active,BE15,
2026-02-04 08:59:09.435038,PV shading detected,Cleared,BE9,
2026-02-04 09:05:13.765992,PV cell breakage detected,Active,BE10,
2026-02-04 09:20:16.444019,PV solder bond failure detected,Cleared,BE11,
2026-02-04 09:21:52.640037,PV cell breakage detected,Active,BE10,
2026-02-04 11:24:57.306600,PV cell breakage detected,Active,BE10,
2026-02-04 11:28:42.632124,PV interconnect fault detected,Cleared,BE5,
2026-02-04 12:21:56.913154,PV solder bond failure detected,Active,BE11,
2026-02-04 13:49:18.292720,PV shading detected,Active,BE9,
2026-02-04 15:01:02.248130,Encapsulant fault detected,Cleared,BE16,
2026-02-04 15:08:53.191353,PV cell breakage detected,Active,BE10,
2026-02-04 21:33:23.405850,PV cell breakage detected,Active,BE10,
2026-02-04 21:43:37.074814,PV solder bond failure detected,Active,BE11,
2026-02-04 21:49:18.292720,PV shading detected,Cleared,BE9,
2026-02-04 21:56:07.904968,PV cell breakage detected,Cleared,BE10,
2026-02-04 22:35:57.334117,Grounding system fault detected,Active,BE6,
2026-02-04 22:46:48.728441,Diode fault detected,Cleared,BE13,
2026-02-05 01:46:37.120583,PV solder bond failure detected,Cleared,BE11,
2026-02-05 05:04:43.620399,PV solder bond failure detected,Cleared,BE11,
2026-02-05 05:21:06.033087,PV interconnect fault detected,Active,BE5,
2026-02-05 06:07:12.560571,PV cell breakage detected,Active,BE10,
2026-02-05 07:39:33.477030,Grounding system fault detected,Cleared,BE6,
2026-02-05 09:51:20.734301,PV shading detected,Active,BE9,
2026-02-05 09:56:46.613728,PV soiling detected,Active,BE8,
2026-02-05 11:05:42.055681,PV cell breakage detected,Cleared,BE10,
2026-02-05 11:54:45.411861,Grounding system fault detected,Active,BE6,
2026-02-05 12:26:33.893375,Grounding system fault detected,Active,BE6,
2026-02-05 13:49:18.733513,PV shading detected,Active,BE9,
2026-02-05 13:59:08.590638,PV shading detected,Active,BE9,
2026-02-05 15:38:40.434030,PV cell breakage detected,Cleared,BE10,
2026-02-05 16:47:53.738391,PV solder bond failure detected,Active,BE11,
2026-02-05 16:58:40.622373,PV solder bond failure detected,Cleared,BE11,
2026-02-05 17:51:20.734301,PV shading detected,Cleared,BE9,
2026-02-05 17:56:35.191155,PV solder bond failure detected,Cleared,BE11,
2026-02-05 17:56:46.613728,PV soiling detected,Cleared,BE8,
2026-02-05 19:32:17.470650,Encapsulant fault detected,Active,BE16,
2026-02-05 19:57:30.375584,Rack structure fault detected,Active,BE15,
2026-02-05 20:54:14.755384,Encapsulant fault detected,Cleared,BE16,
2026-02-05 20:57:40.594867,Grounding system fault detected,Active,BE6,
2026-02-05 21:49:18.733513,PV shading detected,Cleared,BE9,
2026-02-05 21:59:08.590638,PV shading detected,Cleared,BE9,
2026-02-05 22:35:57.334117,Grounding system fault detected,Cleared,BE6,
2026-02-06 00:23:24.653246,PV solder bond failure detected,Active,BE11,
2026-02-06 00:36:24.004814,PV soiling detected,Active,BE8,
2026-02-06 02:15:42.132585,Rack structure fault detected,Cleared,BE15,
2026-02-06 03:25:38.290008,PV solder bond failure detected,Active,BE11,
2026-02-06 03:46:35.921820,PV cell breakage detected,Active,BE10,
2026-02-06 05:12:02.299302,PV shading detected,Active,BE9,
2026-02-06 05:21:06.033087,PV interconnect fault detected,Cleared,BE5,
2026-02-06 06:43:24.776778,Grounding system fault detected,Active,BE6,
2026-02-06 06:45:18.158599,Rack structure fault detected,Active,BE15,
2026-02-06 07:24:30.176642,PV cell breakage detected,Cleared,BE10,
2026-02-06 08:36:24.004814,PV soiling detected,Cleared,BE8,
2026-02-06 08:44:11.791295,Rack structure fault detected,Cleared,BE15,
2026-02-06 09:05:13.765992,PV cell breakage detected,Cleared,BE10,
2026-02-06 09:21:23.230764,Encapsulant fault detected,Active,BE16,
2026-02-06 09:21:52.640037,PV cell breakage detected,Cleared,BE10,
2026-02-06 10:10:18.228306,PV cell breakage detected,Active,BE10,
2026-02-06 11:04:02.011468,Rack structure fault detected,Active,BE15,
2026-02-06 11:24:57.306600,PV cell breakage detected,Cleared,BE10,
2026-02-06 11:54:45.411861,Grounding system fault detected,Cleared,BE6,
2026-02-06 12:21:56.913154,PV solder bond failure detected,Cleared,BE11,
2026-02-06 12:26:33.893375,Grounding system fault detected,Cleared,BE6,
2026-02-06 13:12:02.299302,PV shading detected,Cleared,BE9,
2026-02-06 15:08:53.191353,PV cell breakage detected,Cleared,BE10,
2026-02-06 15:28:44.487608,PV interconnect fault detected,Active,BE5,
2026-02-06 16:24:40.346940,PV cell breakage detected,Active,BE10,
2026-02-06 16:52:24.713369,PV cell breakage detected,Active,BE10,
2026-02-06 17:06:30.814555,Grounding system fault detected,Active,BE6,
2026-02-06 17:11:32.048756,PV cell breakage detected,Active,BE10,
2026-02-06 20:57:40.594867,Grounding system fault detected,Cleared,BE6,
2026-02-06 21:33:23.405850,PV cell breakage detected,Cleared,BE10,
2026-02-06 21:43:37.074814,PV solder bond failure detected,Cleared,BE11,
2026-02-06 22:08:47.464945,PV solder bond failure detected,Active,BE11,
2026-02-06 23:04:40.292084,PV interconnect fault detected,Active,BE5,
2026-02-07 00:18:51.879774,PV solder bond failure detected,Active,BE11,
2026-02-07 00:22:36.796581,PV cell breakage detected,Active,BE10,
2026-02-07 01:37:01.164885,PV shading detected,Active,BE9,
2026-02-07 02:51:15.503474,MCB 2 fault detected,Active,BE4,
2026-02-07 03:01:45.998532,PV solder bond failure detected,Active,BE11,
2026-02-07 03:41:33.896830,Rack structure fault detected,Active,BE15,
2026-02-07 04:21:31.526872,Encapsulant fault detected,Active,BE16,
2026-02-07 05:32:52.551454,PV cell breakage detected,Active,BE10,
2026-02-07 06:07:12.560571,PV cell breakage detected,Cleared,BE10,
2026-02-07 06:43:24.776778,Grounding system fault detected,Cleared,BE6,
2026-02-07 09:37:01.164885,PV shading detected,Cleared,BE9,
2026-02-07 10:49:15.708382,Grounding system fault detected,Active,BE6,
2026-02-07 11:08:39.288417,PV solder bond failure detected,Active,BE11,
2026-02-07 12:51:15.503474,MCB 2 fault detected,Cleared,BE4,
2026-02-07 13:50:26.780262,MCB 2 fault detected,Active,BE4,
2026-02-07 15:01:40.707654,Diode fault detected,Active,BE13,
2026-02-07 15:28:44.487608,PV interconnect fault detected,Cleared,BE5,
2026-02-07 16:47:53.738391,PV solder bond failure detected,Cleared,BE11,
2026-02-07 16:56:43.707758,PV shading detected,Active,BE9,
2026-02-07 17:06:30.814555,Grounding system fault detected,Cleared,BE6,
2026-02-07 18:26:49.199837,Rack structure fault detected,Active,BE15,
2026-02-07 18:41:49.544737,PV shading detected,Active,BE9,
2026-02-07 19:32:17.470650,Encapsulant fault detected,Cleared,BE16,
2026-02-07 19:57:30.375584,Rack structure fault detected,Cleared,BE15,
2026-02-07 20:53:31.822760,PV solder bond failure detected,Active,BE11,
2026-02-07 21:56:16.131978,PV cell breakage detected,Active,BE10,
2026-02-07 22:29:30.109392,PV interconnect fault detected,Active,BE5,
2026-02-07 23:04:40.292084,PV interconnect fault detected,Cleared,BE5,
2026-02-07 23:30:31.610708,PV cell breakage detected,Active,BE10,
2026-02-07 23:44:08.108270,PV cell breakage detected,Active,BE10,
2026-02-07 23:50:26.780262,MCB 2 fault detected,Cleared,BE4,
2026-02-08 00:23:24.653246,PV solder bond failure detected,Cleared,BE11,
2026-02-08 00:56:43.707758,PV shading detected,Cleared,BE9,
2026-02-08 02:23:12.067069,Grounding system fault detected,Active,BE6,
2026-02-08 02:41:49.544737,PV shading detected,Cleared,BE9,
2026-02-08 03:25:38.290008,PV solder bond failure detected,Cleared,BE11,
2026-02-08 03:46:35.921820,PV cell breakage detected,Cleared,BE10,
2026-02-08 05:04:54.090274,PV cell breakage detected,Active,BE10,
2026-02-08 06:45:18.158599,Rack structure fault detected,Cleared,BE15,
2026-02-08 07:30:47.890588,PV cell breakage detected,Active,BE10,
2026-02-08 07:58:10.893585,PV cell breakage detected,Active,BE10,
2026-02-08 09:21:23.230764,Encapsulant fault detected,Cleared,BE16,
2026-02-08 10:10:18.228306,PV cell breakage detected,Cleared,BE10,
2026-02-08 10:36:26.400702,PV shading detected,Active,BE9,
2026-02-08 10:49:15.708382,Grounding system fault detected,Cleared,BE6,
2026-02-08 11:04:02.011468,Rack structure fault detected,Cleared,BE15,
2026-02-08 11:52:39.176870,MCB 2 fault detected,Active,BE4,
2026-02-08 14:43:06.591658,PV solder bond failure detected,Active,BE11,
2026-02-08 15:01:40.707654,Diode fault detected,Cleared,BE13,
2026-02-08 16:15:34.626301,PV solder bond failure detected,Active,BE11,
2026-02-08 16:24:40.346940,PV cell breakage detected,Cleared,BE10,
2026-02-08 16:52:24.713369,PV cell breakage detected,Cleared,BE10,
2026-02-08 17:11:32.048756,PV cell breakage detected,Cleared,BE10,
2026-02-08 18:36:26.400702,PV shading detected,Cleared,BE9,
2026-02-08 19:32:05.764434,PV cell breakage detected,Active,BE10,
2026-02-08 20:29:39.780596,PV interconnect fault detected,Active,BE5,
2026-02-08 20:35:46.133110,PV cell breakage detected,Active,BE10,
2026-02-08 21:20:20.103781,Encapsulant fault detected,Active,BE16,
2026-02-08 21:29:37.881147,Grounding system fault detected,Active,BE6,
2026-02-08 21:52:39.176870,MCB 2 fault detected,Cleared,BE4,
2026-02-08 22:08:47.464945,PV solder bond failure detected,Cleared,BE11,
2026-02-08 22:29:30.109392,PV interconnect fault detected,Cleared,BE5,
2026-02-08 23:09:32.559036,Encapsulant fault detected,Active,BE16,
2026-02-09 00:18:51.879774,PV solder bond failure detected,Cleared,BE11,
2026-02-09 00:22:36.796581,PV cell breakage detected,Cleared,BE10,
2026-02-09 01:02:14.696405,PV interconnect fault detected,Active,BE5,
2026-02-09 02:23:12.067069,Grounding system fault detected,Cleared,BE6,
2026-02-09 03:00:57.694747,PV solder bond failure detected,Active,BE11,
2026-02-09 03:01:45.998532,PV solder bond failure detected,Cleared,BE11,
2026-02-09 03:15:18.355837,PV shading detected,Active,BE9,
2026-02-09 03:41:33.896830,Rack structure fault detected,Cleared,BE15,
2026-02-09 03:47:30.529520,Encapsulant fault detected,Active,BE16,
2026-02-09 04:21:31.526872,Encapsulant fault detected,Cleared,BE16,
2026-02-09 05:00:09.018861,PV cell breakage detected,Active,BE10,
2026-02-09 05:08:33.458344,PV hot spot detected,Active,BE12,
2026-02-09 05:32:52.551454,PV cell breakage detected,Cleared,BE10,
2026-02-09 07:57:42.536547,PV cell breakage detected,Active,BE10,
2026-02-09 09:40:14.842364,PV cell breakage detected,Active,BE10,
2026-02-09 11:08:39.288417,PV solder bond failure detected,Cleared,BE11,
2026-02-09 11:15:18.355837,PV shading detected,Cleared,BE9,
2026-02-09 12:02:15.096524,PV solder bond failure detected,Active,BE11,
2026-02-09 12:28:51.015875,PV solder bond failure detected,Active,BE11,
2026-02-09 13:57:16.245076,PV cell breakage detected,Active,BE10,
2026-02-09 15:27:56.247773,PV shading detected,Active,BE9,
2026-02-09 15:46:27.881562,PV solder bond failure detected,Active,BE11,
2026-02-09 18:00:34.072209,PV solder bond failure detected,Active,BE11,
2026-02-09 18:26:49.199837,Rack structure fault detected,Cleared,BE15,
2026-02-09 19:56:10.108162,PV soiling detected,Active,BE8,
2026-02-09 20:27:04.911476,PV solder bond failure detected,Active,BE11,
2026-02-09 20:29:39.780596,PV interconnect fault detected,Cleared,BE5,
2026-02-09 20:53:31.822760,PV solder bond failure detected,Cleared,BE11,
2026-02-09 21:29:37.881147,Grounding system fault detected,Cleared,BE6,
2026-02-09 21:54:26.506678,PV interconnect fault detected,Active,BE5,
2026-02-09 21:56:16.131978,PV cell breakage detected,Cleared,BE10,
2026-02-09 22:21:11.178817,PV interconnect fault detected,Active,BE5,
2026-02-09 23:27:56.247773,PV shading detected,Cleared,BE9,
2026-02-09 23:30:31.610708,PV cell breakage detected,Cleared,BE10,
2026-02-09 23:44:08.108270,PV cell breakage detected,Cleared,BE10,
2026-02-10 01:02:14.696405,PV interconnect fault detected,Cleared,BE5,
2026-02-10 01:26:32.957922,Encapsulant fault detected,Active,BE16,
2026-02-10 03:02:17.539588,Grounding system fault detected,Active,BE6,
2026-02-10 03:56:10.108162,PV soiling detected,Cleared,BE8,
2026-02-10 04:27:14.406283,PV cell breakage detected,Active,BE10,
2026-02-10 05:04:54.090274,PV cell breakage detected,Cleared,BE10,
2026-02-10 05:08:33.458344,PV hot spot detected,Cleared,BE12,
2026-02-10 07:30:47.890588,PV cell breakage detected,Cleared,BE10,
2026-02-10 07:58:10.893585,PV cell breakage detected,Cleared,BE10,
2026-02-10 07:58:34.282006,PV shading detected,Active,BE9,
2026-02-10 08:28:04.165060,Rack structure fault detected,Active,BE15,
2026-02-10 08:55:04.751984,PV cell breakage detected,Active,BE10,
2026-02-10 09:04:27.291169,PV interconnect fault detected,Active,BE5,
2026-02-10 12:09:49.684412,PV interconnect fault detected,Active,BE5,
2026-02-10 12:41:31.528934,Rack structure fault detected,Active,BE15,
2026-02-10 13:40:56.823453,PV interconnect fault detected,Active,BE5,
2026-02-10 14:37:44.284870,PV interconnect fault detected,Active,BE5,
2026-02-10 14:43:06.591658,PV solder bond failure detected,Cleared,BE11,
2026-02-10 15:58:34.282006,PV shading detected,Cleared,BE9,
2026-02-10 16:15:34.626301,PV solder bond failure detected,Cleared,BE11,
2026-02-10 19:32:05.764434,PV cell breakage detected,Cleared,BE10,
2026-02-10 20:35:46.133110,PV cell breakage detected,Cleared,BE10,
2026-02-10 21:20:20.103781,Encapsulant fault detected,Cleared,BE16,
2026-02-10 21:22:43.583767,PV cell breakage detected,Active,BE10,
2026-02-10 21:31:02.650205,PV hot spot detected,Active,BE12,
2026-02-10 21:54:26.506678,PV interconnect fault detected,Cleared,BE5,
2026-02-10 22:21:11.178817,PV interconnect fault detected,Cleared,BE5,
2026-02-10 22:34:52.860301,PV cell breakage detected,Active,BE10,
2026-02-10 23:09:32.559036,Encapsulant fault detected,Cleared,BE16,
2026-02-10 23:49:53.300641,PV solder bond failure detected,Active,BE11,
2026-02-11 03:00:57.694747,PV solder bond failure detected,Cleared,BE11,
2026-02-11 03:02:17.539588,Grounding system fault detected,Cleared,BE6,
2026-02-11 03:47:30.529520,Encapsulant fault detected,Cleared,BE16,
2026-02-11 03:59:09.459680,Rack structure fault detected,Active,BE15,
2026-02-11 04:36:47.149267,PV soiling detected,Active,BE8,
2026-02-11 04:42:53.984857,PV interconnect fault detected,Active,BE5,
2026-02-11 04:43:07.772524,Rack structure fault detected,Active,BE15,
2026-02-11 05:00:09.018861,PV cell breakage detected,Cleared,BE10,
2026-02-11 05:13:46.255061,PV shading detected,Active,BE9,
2026-02-11 06:22:25.249231,Rack structure fault detected,Active,BE15,
2026-02-11 06:25:39.129324,Rack structure fault detected,Active,BE15,
2026-02-11 06:45:14.795728,PV solder bond failure detected,Active,BE11,
2026-02-11 07:53:43.721039,Encapsulant fault detected,Active,BE16,
2026-02-11 07:57:42.536547,PV cell breakage detected,Cleared,BE10,
2026-02-11 09:04:27.291169,PV interconnect fault detected,Cleared,BE5,
2026-02-11 09:37:27.432222,PV interconnect fault detected,Active,BE5,
2026-02-11 09:40:14.842364,PV cell breakage detected,Cleared,BE10,
2026-02-11 11:52:15.691716,PV cell breakage detected,Active,BE10,
2026-02-11 12:02:15.096524,PV solder bond failure detected,Cleared,BE11,
2026-02-11 12:09:49.684412,PV interconnect fault detected,Cleared,BE5,
2026-02-11 12:28:51.015875,PV solder bond failure detected,Cleared,BE11,
2026-02-11 12:36:47.149267,PV soiling detected,Cleared,BE8,
2026-02-11 13:13:46.255061,PV shading detected,Cleared,BE9,
2026-02-11 13:15:14.140514,Grounding system fault detected,Active,BE6,
2026-02-11 13:40:56.823453,PV interconnect fault detected,Cleared,BE5,
2026-02-11 13:57:16.245076,PV cell breakage detected,Cleared,BE10,
2026-02-11 14:17:46.413849,PV cell breakage detected,Active,BE10,
2026-02-11 14:37:44.284870,PV interconnect fault detected,Cleared,BE5,
2026-02-11 15:15:32.964962,PV solder bond failure detected,Active,BE11,
2026-02-11 15:46:27.881562,PV solder bond failure detected,Cleared,BE11,
2026-02-11 16:02:06.416056,PV shading detected,Active,BE9,
2026-02-11 17:05:21.903108,PV shading detected,Active,BE9,
2026-02-11 18:00:34.072209,PV solder bond failure detected,Cleared,BE11,
2026-02-11 20:27:04.911476,PV solder bond failure detected,Cleared,BE11,
2026-02-11 21:31:02.650205,PV hot spot detected,Cleared,BE12,
2026-02-12 00:02:06.416056,PV shading detected,Cleared,BE9,
2026-02-12 00:26:33.364009,PV cell breakage detected,Active,BE10,
2026-02-12 00:41:17.975172,PV shading detected,Active,BE9,
2026-02-12 00:52:26.855082,PV interconnect fault detected,Active,BE5,
2026-02-12 01:05:21.903108,PV shading detected,Cleared,BE9,
2026-02-12 01:26:32.957922,Encapsulant fault detected,Cleared,BE16,
2026-02-12 01:36:24.648668,PV shading detected,Active,BE9,
2026-02-12 01:40:23.022550,PV interconnect fault detected,Active,BE5,
2026-02-12 04:27:14.406283,PV cell breakage detected,Cleared,BE10,
2026-02-12 04:42:53.984857,PV interconnect fault detected,Cleared,BE5,
2026-02-12 06:09:00.485589,PV interconnect fault detected,Active,BE5,
2026-02-12 07:33:19.618275,PV shading detected,Active,BE9,
2026-02-12 07:55:27.419166,PV cell breakage detected,Active,BE10,
2026-02-12 08:28:04.165060,Rack structure fault detected,Cleared,BE15,
2026-02-12 08:41:17.975172,PV shading detected,Cleared,BE9,
2026-02-12 08:55:04.751984,PV cell breakage detected,Cleared,BE10,
2026-02-12 09:36:24.648668,PV shading detected,Cleared,BE9,
2026-02-12 09:37:27.432222,PV interconnect fault detected,Cleared,BE5,
2026-02-12 12:41:31.528934,Rack structure fault detected,Cleared,BE15,
2026-02-12 13:15:14.140514,Grounding system fault detected,Cleared,BE6,
2026-02-12 13:29:44.455809,PV shading detected,Active,BE9,
2026-02-12 14:16:18.112287,PV shading detected,Active,BE9,
2026-02-12 15:05:47.305367,Grounding system fault detected,Active,BE6,
2026-02-12 15:18:57.230882,PV interconnect fault detected,Active,BE5,
2026-02-12 15:33:19.618275,PV shading detected,Cleared,BE9,
2026-02-12 16:30:59.553933,PV solder bond failure detected,Active,BE11,
2026-02-12 18:01:13.005122,Encapsulant fault detected,Active,BE16,
2026-02-12 19:08:46.884904,PV shading detected,Active,BE9,
2026-02-12 19:42:03.694644,PV solder bond failure detected,Active,BE11,
2026-02-12 20:29:00.081012,PV shading detected,Active,BE9,
2026-02-12 21:22:43.583767,PV cell breakage detected,Cleared,BE10,
2026-02-12 21:29:44.455809,PV shading detected,Cleared,BE9,
2026-02-12 22:16:18.112287,PV shading detected,Cleared,BE9,
2026-02-12 22:34:52.860301,PV cell breakage detected,Cleared,BE10,
2026-02-12 23:49:53.300641,PV solder bond failure detected,Cleared,BE11,
2026-02-13 00:52:26.855082,PV interconnect fault detected,Cleared,BE5,
2026-02-13 01:40:23.022550,PV interconnect fault detected,Cleared,BE5,
2026-02-13 03:08:46.884904,PV shading detected,Cleared,BE9,
2026-02-13 03:25:46.267658,Encapsulant fault detected,Active,BE16,
2026-02-13 03:59:09.459680,Rack structure fault detected,Cleared,BE15,
2026-02-13 04:29:00.081012,PV shading detected,Cleared,BE9,
2026-02-13 04:43:07.772524,Rack structure fault detected,Cleared,BE15,
2026-02-13 05:04:16.934627,Encapsulant fault detected,Active,BE16,
2026-02-13 06:09:00.485589,PV interconnect fault detected,Cleared,BE5,
2026-02-13 06:22:25.249231,Rack structure fault detected,Cleared,BE15,
2026-02-13 06:25:39.129324,Rack structure fault detected,Cleared,BE15,
2026-02-13 06:35:11.676070,PV solder bond failure detected,Active,BE11,
2026-02-13 06:45:14.795728,PV solder bond failure detected,Cleared,BE11,
2026-02-13 07:39:54.833600,PV cell breakage detected,Active,BE10,
2026-02-13 07:53:43.721039,Encapsulant fault detected,Cleared,BE16,
2026-02-13 09:48:14.564216,PV interconnect fault detected,Active,BE5,
2026-02-13 10:25:13.687230,PV solder bond failure detected,Active,BE11,
2026-02-13 11:52:15.691716,PV cell breakage detected,Cleared,BE10,
2026-02-13 12:03:32.769054,PV cell breakage detected,Active,BE10,
2026-02-13 12:40:22.998517,PV cell breakage detected,Active,BE10,
2026-02-13 12:50:47.471919,PV cell breakage detected,Active,BE10,
2026-02-13 14:17:46.413849,PV cell breakage detected,Cleared,BE10,
2026-02-13 14:20:27.738984,PV interconnect fault detected,Active,BE5,
2026-02-13 15:05:47.305367,Grounding system fault detected,Cleared,BE6,
2026-02-13 15:10:27.335105,Encapsulant fault detected,Active,BE16,
2026-02-13 15:15:00.860061,PV shading detected,Active,BE9,
2026-02-13 15:15:32.964962,PV solder bond failure detected,Cleared,BE11,
2026-02-13 15:18:57.230882,PV interconnect fault detected,Cleared,BE5,
2026-02-13 19:46:34.865595,Encapsulant fault detected,Active,BE16,
2026-02-13 23:15:00.860061,PV shading detected,Cleared,BE9,
2026-02-14 00:07:00.374423,PV solder bond failure detected,Active,BE11,
2026-02-14 00:26:33.364009,PV cell breakage detected,Cleared,BE10,
2026-02-14 01:27:24.256764,PV solder bond failure detected,Active,BE11,
2026-02-14 01:48:52.352644,Encapsulant fault detected,Active,BE16,
2026-02-14 01:57:46.423511,PV interconnect fault detected,Active,BE5,
2026-02-14 04:34:27.447047,PV cell breakage detected,Active,BE10,
2026-02-14 07:55:27.419166,PV cell breakage detected,Cleared,BE10,
2026-02-14 09:16:32.214092,PV hot spot detected,Active,BE12,
2026-02-14 09:48:14.564216,PV interconnect fault detected,Cleared,BE5,
2026-02-14 11:14:45.228921,PV cell breakage detected,Active,BE10,
2026-02-14 14:20:27.738984,PV interconnect fault detected,Cleared,BE5,
2026-02-14 16:30:59.553933,PV solder bond failure detected,Cleared,BE11,
2026-02-14 18:01:13.005122,Encapsulant fault detected,Cleared,BE16,
2026-02-14 19:42:03.694644,PV solder bond failure detected,Cleared,BE11,
2026-02-14 21:17:55.196314,PV solder bond failure detected,Active,BE11,
2026-02-14 22:57:32.306699,PV solder bond failure detected,Active,BE11,
2026-02-15 00:38:01.323136,PV cell breakage detected,Active,BE10,
2026-02-15 00:46:44.359450,PV shading detected,Active,BE9,
2026-02-15 01:36:51.611204,PV solder bond failure detected,Active,BE11,
2026-02-15 01:37:55.185375,PV shading detected,Active,BE9,
2026-02-15 01:57:46.423511,PV interconnect fault detected,Cleared,BE5,
2026-02-15 03:01:46.111998,PV cell breakage detected,Active,BE10,
2026-02-15 03:25:46.267658,Encapsulant fault detected,Cleared,BE16,
2026-02-15 03:37:44.791968,PV interconnect fault detected,Active,BE5,
2026-02-15 03:46:19.752687,Encapsulant fault detected,Active,BE16,
2026-02-15 04:55:55.423275,Short/open circuit fault detected,Active,BE14,
2026-02-15 05:04:16.934627,Encapsulant fault detected,Cleared,BE16,
2026-02-15 05:08:59.638579,Encapsulant fault detected,Active,BE16,
2026-02-15 05:21:55.776110,Cable aging fault detected,Active,BE18,
2026-02-15 06:35:11.676070,PV solder bond failure detected,Cleared,BE11,
2026-02-15 06:37:22.721897,Grounding system fault detected,Active,BE6,
2026-02-15 06:49:31.515282,PV cell breakage detected,Active,BE10,
2026-02-15 06:59:54.620683,Grounding system fault detected,Active,BE6,
2026-02-15 07:05:58.409207,PV cell breakage detected,Active,BE10,
2026-02-15 07:39:54.833600,PV cell breakage detected,Cleared,BE10,
2026-02-15 08:25:47.092543,MCB 1 fault detected,Active,BE3,
2026-02-15 08:46:44.359450,PV shading detected,Cleared,BE9,
2026-02-15 09:16:32.214092,PV hot spot detected,Cleared,BE12,
2026-02-15 09:21:55.776110,Cable aging fault detected,Cleared,BE18,
2026-02-15 09:37:55.185375,PV shading detected,Cleared,BE9,
2026-02-15 10:25:13.687230,PV solder bond failure detected,Cleared,BE11,
2026-02-15 11:06:20.748743,PV solder bond failure detected,Active,BE11,
2026-02-15 11:26:42.124327,Grounding system fault detected,Active,BE6,
2026-02-15 11:35:59.875893,Grounding system fault detected,Active,BE6,
2026-02-15 12:03:32.769054,PV cell breakage detected,Cleared,BE10,
2026-02-15 12:40:22.998517,PV cell breakage detected,Cleared,BE10,
2026-02-15 12:50:47.471919,PV cell breakage detected,Cleared,BE10,
2026-02-15 13:39:14.113820,Rack structure fault detected,Active,BE15,
2026-02-15 14:28:17.068472,PV solder bond failure detected,Active,BE11,
2026-02-15 14:56:17.834907,PV interconnect fault detected,Active,BE5,
2026-02-15 15:10:27.335105,Encapsulant fault detected,Cleared,BE16,
2026-02-15 16:55:55.423275,Short/open circuit fault detected,Cleared,BE14,
2026-02-15 18:04:23.606948,PV interconnect fault detected,Active,BE5,
2026-02-15 18:21:54.816044,PV interconnect fault detected,Active,BE5,
2026-02-15 18:25:47.092543,MCB 1 fault detected,Cleared,BE3,
2026-02-15 19:46:34.865595,Encapsulant fault detected,Cleared,BE16,
2026-02-15 20:46:22.462688,PV solder bond failure detected,Active,BE11,
2026-02-16 00:07:00.374423,PV solder bond failure detected,Cleared,BE11,
2026-02-16 00:43:38.295759,PV solder bond failure detected,Active,BE11,
2026-02-16 01:27:24.256764,PV solder bond failure detected,Cleared,BE11,
2026-02-16 01:48:52.352644,Encapsulant fault detected,Cleared,BE16,
2026-02-16 03:37:44.791968,PV interconnect fault detected,Cleared,BE5,
2026-02-16 04:34:27.447047,PV cell breakage detected,Cleared,BE10,
2026-02-16 06:37:22.721897,Grounding system fault detected,Cleared,BE6,
2026-02-16 06:59:54.620683,Grounding system fault detected,Cleared,BE6,
2026-02-16 08:52:41.478649,Grounding system fault detected,Active,BE6,
2026-02-16 09:50:52.392032,PV solder bond failure detected,Active,BE11,
2026-02-16 10:43:36.600776,PV glass breakage detected,Active,BE7,
2026-02-16 11:14:45.228921,PV cell breakage detected,Cleared,BE10,
2026-02-16 11:26:42.124327,Grounding system fault detected,Cleared,BE6,
2026-02-16 11:35:27.574654,PV solder bond failure detected,Active,BE11,
2026-02-16 11:35:59.875893,Grounding system fault detected,Cleared,BE6,
2026-02-16 11:53:17.151517,Rack structure fault detected,Active,BE15,
2026-02-16 11:59:20.416222,Encapsulant fault detected,Active,BE16,
2026-02-16 11:59:45.884750,PV solder bond failure detected,Active,BE11,
2026-02-16 12:18:33.850508,PV cell breakage detected,Active,BE10,
2026-02-16 12:54:02.940405,PV shading detected,Active,BE9,
2026-02-16 14:23:38.478682,PV solder bond failure detected,Active,BE11,
2026-02-16 14:56:17.834907,PV interconnect fault detected,Cleared,BE5,
2026-02-16 18:04:23.606948,PV interconnect fault detected,Cleared,BE5,
2026-02-16 18:21:54.816044,PV interconnect fault detected,Cleared,BE5,
2026-02-16 18:29:25.100570,PV interconnect fault detected,Active,BE5,
2026-02-16 18:43:06.385836,PV solder bond failure detected,Active,BE11,
2026-02-16 18:44:39.945854,PV interconnect fault detected,Active,BE5,
2026-02-16 19:57:19.707845,PV solder bond failure detected,Active,BE11,
2026-02-16 20:54:02.940405,PV shading detected,Cleared,BE9,
2026-02-16 21:17:55.196314,PV solder bond failure detected,Cleared,BE11,
2026-02-16 21:18:09.140153,PV shading detected,Active,BE9,
2026-02-16 21:46:44.917292,Encapsulant fault detected,Active,BE16,
2026-02-16 22:11:41.303998,PV cell breakage detected,Active,BE10,
2026-02-16 22:54:08.225902,PV solder bond failure detected,Active,BE11,
2026-02-16 22:57:32.306699,PV solder bond failure detected,Cleared,BE11,
2026-02-17 00:38:01.323136,PV cell breakage detected,Cleared,BE10,
2026-02-17 01:20:55.013273,PV shading detected,Active,BE9,
2026-02-17 01:36:51.611204,PV solder bond failure detected,Cleared,BE11,
2026-02-17 02:15:26.784285,PV shading detected,Active,BE9,
2026-02-17 02:20:14.536304,PV solder bond failure detected,Active,BE11,
2026-02-17 02:44:05.448217,PV solder bond failure detected,Active,BE11,
2026-02-17 03:01:46.111998,PV cell breakage detected,Cleared,BE10,
2026-02-17 03:46:19.752687,Encapsulant fault detected,Cleared,BE16,
2026-02-17 05:08:59.638579,Encapsulant fault detected,Cleared,BE16,
2026-02-17 05:18:09.140153,PV shading detected,Cleared,BE9,
2026-02-17 06:49:31.515282,PV cell breakage detected,Cleared,BE10,
2026-02-17 07:05:58.409207,PV cell breakage detected,Cleared,BE10,
2026-02-17 08:37:18.871794,PV solder bond failure detected,Active,BE11,
2026-02-17 08:52:41.478649,Grounding system fault detected,Cleared,BE6,
2026-02-17 09:05:01.524740,Rack structure fault detected,Active,BE15,
2026-02-17 09:20:55.013273,PV shading detected,Cleared,BE9,
2026-02-17 10:08:53.913699,PV shading detected,Active,BE9,
2026-02-17 10:15:26.784285,PV shading detected,Cleared,BE9,
2026-02-17 10:43:36.600776,PV glass breakage detected,Cleared,BE7,
2026-02-17 11:06:20.748743,PV solder bond failure detected,Cleared,BE11,
2026-02-17 13:39:14.113820,Rack structure fault detected,Cleared,BE15,
2026-02-17 13:40:57.464166,Encapsulant fault detected,Active,BE16,
2026-02-17 14:28:17.068472,PV solder bond failure detected,Cleared,BE11,
2026-02-17 15:19:49.796103,Encapsulant fault detected,Active,BE16,
2026-02-17 18:08:53.913699,PV shading detected,Cleared,BE9,
2026-02-17 18:29:25.100570,PV interconnect fault detected,Cleared,BE5,
2026-02-17 18:44:39.945854,PV interconnect fault detected,Cleared,BE5,
2026-02-17 18:51:41.080989,Rack structure fault detected,Active,BE15,
2026-02-17 19:17:45.382730,PV interconnect fault detected,Active,BE5,
2026-02-17 20:46:22.462688,PV solder bond failure detected,Cleared,BE11,
2026-02-17 22:27:54.058397,PV cell breakage detected,Active,BE10,
2026-02-17 22:33:00.661271,Encapsulant fault detected,Active,BE16,
2026-02-17 23:07:42.598990,PV solder bond failure detected,Active,BE11,
2026-02-17 23:45:19.391174,Rack structure fault detected,Active,BE15,
2026-02-18 00:11:56.371147,Encapsulant fault detected,Active,BE16,
2026-02-18 00:14:06.845619,PV solder bond failure detected,Active,BE11,
2026-02-18 00:43:38.295759,PV solder bond failure detected,Cleared,BE11,
2026-02-18 01:13:56.546396,PV cell breakage detected,Active,BE10,
2026-02-18 02:00:18.523533,Rack structure fault detected,Active,BE15,
2026-02-18 04:07:47.841025,PV shading detected,Active,BE9,
2026-02-18 04:11:37.881474,PV interconnect fault detected,Active,BE5,
2026-02-18 06:21:37.771057,PV solder bond failure detected,Active,BE11,
2026-02-18 06:36:02.618793,Rack structure fault detected,Active,BE15,
2026-02-18 07:28:18.116124,Grounding system fault detected,Active,BE6,
2026-02-18 09:42:39.653262,PV cell breakage detected,Active,BE10,
2026-02-18 09:50:52.392032,PV solder bond failure detected,Cleared,BE11,
2026-02-18 11:35:27.574654,PV solder bond failure detected,Cleared,BE11,
2026-02-18 11:53:17.151517,Rack structure fault detected,Cleared,BE15,
2026-02-18 11:59:20.416222,Encapsulant fault detected,Cleared,BE16,
2026-02-18 11:59:45.884750,PV solder bond failure detected,Cleared,BE11,
2026-02-18 12:07:47.841025,PV shading detected,Cleared,BE9,
2026-02-18 12:18:33.850508,PV cell breakage detected,Cleared,BE10,
2026-02-18 13:04:09.472767,Rack structure fault detected,Active,BE15,
2026-02-18 13:09:58.231213,Grounding system fault detected,Active,BE6,
2026-02-18 13:42:35.387776,PV solder bond failure detected,Active,BE11,
2026-02-18 14:23:38.478682,PV solder bond failure detected,Cleared,BE11,
2026-02-18 17:21:55.378552,PV solder bond failure detected,Active,BE11,
2026-02-18 18:04:59.207934,PV shading detected,Active,BE9,
2026-02-18 18:40:07.303687,PV shading detected,Active,BE9,
2026-02-18 18:43:06.385836,PV solder bond failure detected,Cleared,BE11,
2026-02-18 19:17:45.382730,PV interconnect fault detected,Cleared,BE5,
2026-02-18 19:31:43.951034,PV shading detected,Active,BE9,
2026-02-18 19:53:17.567989,PV cell breakage detected,Active,BE10,
2026-02-18 19:57:19.707845,PV solder bond failure detected,Cleared,BE11,
2026-02-18 21:46:44.917292,Encapsulant fault detected,Cleared,BE16,
2026-02-18 22:11:41.303998,PV cell breakage detected,Cleared,BE10,
2026-02-18 22:54:08.225902,PV solder bond failure detected,Cleared,BE11,
2026-02-18 23:18:53.317511,PV cell breakage detected,Active,BE10,
2026-02-19 01:23:17.739130,PV shading detected,Active,BE9,
2026-02-19 01:29:12.078598,PV solder bond failure detected,Active,BE11,
2026-02-19 02:04:59.207934,PV shading detected,Cleared,BE9,
2026-02-19 02:20:14.536304,PV solder bond failure detected,Cleared,BE11,
2026-02-19 02:40:07.303687,PV shading detected,Cleared,BE9,
2026-02-19 02:44:05.448217,PV solder bond failure detected,Cleared,BE11,
2026-02-19 03:31:43.951034,PV shading detected,Cleared,BE9,
2026-02-19 04:11:37.881474,PV interconnect fault detected,Cleared,BE5,
2026-02-19 05:02:36.007961,PV solder bond failure detected,Active,BE11,
2026-02-19 05:21:54.677695,PV shading detected,Active,BE9,
2026-02-19 07:28:18.116124,Grounding system fault detected,Cleared,BE6,
2026-02-19 08:22:13.745084,PV shading detected,Active,BE9,
2026-02-19 08:26:10.892580,Rack structure fault detected,Active,BE15,
2026-02-19 08:37:18.871794,PV solder bond failure detected,Cleared,BE11,
2026-02-19 09:05:01.524740,Rack structure fault detected,Cleared,BE15,
2026-02-19 09:19:02.048427,MCB 1 fault detected,Active,BE3,
2026-02-19 09:23:17.739130,PV shading detected,Cleared,BE9,
2026-02-19 09:46:02.558865,PV solder bond failure detected,Active,BE11,
2026-02-19 09:49:01.232444,PV solder bond failure detected,Active,BE11,
2026-02-19 12:07:09.661476,PV shading detected,Active,BE9,
2026-02-19 13:09:58.231213,Grounding system fault detected,Cleared,BE6,
2026-02-19 13:16:01.364146,PV interconnect fault detected,Active,BE5,
2026-02-19 13:21:54.677695,PV shading detected,Cleared,BE9,
2026-02-19 13:40:57.464166,Encapsulant fault detected,Cleared,BE16,
2026-02-19 15:19:49.796103,Encapsulant fault detected,Cleared,BE16,
2026-02-19 16:13:01.184815,PV cell breakage detected,Active,BE10,
2026-02-19 16:22:13.745084,PV shading detected,Cleared,BE9,
2026-02-19 17:43:50.068207,PV solder bond failure detected,Active,BE11,
2026-02-19 18:51:41.080989,Rack structure fault detected,Cleared,BE15,
2026-02-19 19:04:41.698414,Rack structure fault detected,Active,BE15,
2026-02-19 19:19:02.048427,MCB 1 fault detected,Cleared,BE3,
2026-02-19 20:07:09.661476,PV shading detected,Cleared,BE9,
2026-02-19 20:11:04.422080,Rack structure fault detected,Active,BE15,
2026-02-19 20:26:02.867105,Rack structure fault detected,Active,BE15,
2026-02-19 21:54:53.987575,Rack structure fault detected,Active,BE15,
2026-02-19 22:27:54.058397,PV cell breakage detected,Cleared,BE10,
2026-02-19 22:33:00.661271,Encapsulant fault detected,Cleared,BE16,
2026-02-19 23:07:42.598990,PV solder bond failure detected,Cleared,BE11,
2026-02-19 23:45:19.391174,Rack structure fault detected,Cleared,BE15,
2026-02-20 00:11:56.371147,Encapsulant fault detected,Cleared,BE16,
2026-02-20 00:14:06.845619,PV solder bond failure detected,Cleared,BE11,
2026-02-20 01:00:43.649422,PV solder bond failure detected,Active,BE11,
2026-02-20 01:13:56.546396,PV cell breakage detected,Cleared,BE10,
2026-02-20 01:16:31.648475,PV solder bond failure detected,Active,BE11,
2026-02-20 02:00:18.523533,Rack structure fault detected,Cleared,BE15,
2026-02-20 04:21:50.290908,PV solder bond failure detected,Active,BE11,
2026-02-20 05:09:51.685204,Rack structure fault detected,Active,BE15,
2026-02-20 06:21:37.771057,PV solder bond failure detected,Cleared,BE11,
2026-02-20 06:36:02.618793,Rack structure fault detected,Cleared,BE15,
2026-02-20 06:36:28.958205,PV shading detected,Active,BE9,
2026-02-20 08:13:09.982147,PV interconnect fault detected,Active,BE5,
2026-02-20 09:21:39.529607,Encapsulant fault detected,Active,BE16,
2026-02-20 09:42:39.653262,PV cell breakage detected,Cleared,BE10,
2026-02-20 09:54:22.901950,MCB 2 fault detected,Active,BE4,
2026-02-20 13:04:09.472767,Rack structure fault detected,Cleared,BE15,
2026-02-20 13:16:01.364146,PV interconnect fault detected,Cleared,BE5,
2026-02-20 13:42:35.387776,PV solder bond failure detected,Cleared,BE11,
2026-02-20 14:36:28.958205,PV shading detected,Cleared,BE9,
2026-02-20 17:21:55.378552,PV solder bond failure detected,Cleared,BE11,
2026-02-20 18:35:21.562812,PV cell breakage detected,Active,BE10,
2026-02-20 18:35:24.129140,Grounding system fault detected,Active,BE6,
2026-02-20 19:51:30.979078,Grounding system fault detected,Active,BE6,
2026-02-20 19:53:17.567989,PV cell breakage detected,Cleared,BE10,
2026-02-20 19:54:22.901950,MCB 2 fault detected,Cleared,BE4,
2026-02-20 23:18:53.317511,PV cell breakage detected,Cleared,BE10,
2026-02-21 01:29:12.078598,PV solder bond failure detected,Cleared,BE11,
2026-02-21 05:02:36.007961,PV solder bond failure detected,Cleared,BE11,
2026-02-21 06:21:15.191999,PV solder bond failure detected,Active,BE11,
2026-02-21 08:13:09.982147,PV interconnect fault detected,Cleared,BE5,
2026-02-21 08:26:10.892580,Rack structure fault detected,Cleared,BE15,
2026-02-21 09:46:02.558865,PV solder bond failure detected,Cleared,BE11,
2026-02-21 09:49:01.232444,PV solder bond failure detected,Cleared,BE11,
2026-02-21 10:01:33.702454,PV solder bond failure detected,Active,BE11,
2026-02-21 12:42:08.200709,PV shading detected,Active,BE9,
2026-02-21 13:58:31.973133,PV cell breakage detected,Active,BE10,
2026-02-21 14:14:44.058398,Encapsulant fault detected,Active,BE16,
2026-02-21 14:42:49.049374,PV solder bond failure detected,Active,BE11,
